host_monotonic_s,session_id,command_sequence,applied_sequence,state,reject_reason,command_age_ms,ack_latency_ms,rssi_dbm,response_mask,leader_0,leader_1,leader_2,leader_3,leader_4,leader_5,target_0,target_1,target_2,target_3,target_4,target_5,measured_0,measured_1,measured_2,measured_3,measured_4,measured_5
24048.992623161,0,1,0,0,0,0,,-43,63,,,,,,,,,,,,,0.08130098175793898,-1.8392429646748838,1.5232429223704418,1.533980787885641,2.6307770512238746,-0.483203948183977
24049.153727684,3597147943,3,2,1,0,25,80.85012800074765,-43,63,,,,,,,,,,,,,0.08130098175793898,-1.8392429646748838,1.5232429223704418,1.533980787885641,2.6307770512238746,-0.483203948183977
24049.256119922,3597147943,6,5,1,0,9,66.43665099909413,-43,63,5.084745762711876,-98.17880794701986,93.17286652078775,58.66943866943868,-0.41514041514041367,2.5716385011021305,0.08130098175793898,-1.8392429646748838,1.5232429223704418,1.533980787885641,2.6307770512238746,-0.483203948183977,0.08130098175793898,-1.8392429646748838,1.5232429223704418,1.533980787885641,2.6307770512238746,-0.483203948183977
24049.356020445,3597147943,9,8,1,0,10,66.55213699923479,-43,63,5.084745762711876,-98.17880794701986,93.17286652078775,58.66943866943868,-0.41514041514041367,2.5716385011021305,0.08130098175793898,-1.8392429646748838,1.5232429223704418,1.533980787885641,2.6307770512238746,-0.483203948183977,0.08130098175793898,-1.8392429646748838,1.5232429223704418,1.533980787885641,2.6307770512238746,-0.483203948183977
24049.455966318,3597147943,12,11,1,0,9,66.45742600085214,-43,63,5.084745762711876,-98.17880794701986,93.17286652078775,58.66943866943868,-0.41514041514041367,2.5716385011021305,0.08130098175793898,-1.8392429646748838,1.5232429223704418,1.533980787885641,2.6307770512238746,-0.483203948183977,0.08130098175793898,-1.8392429646748838,1.5232429223704418,1.533980787885641,2.6307770512238746,-0.483203948183977
24049.55606165,3597147943,15,14,1,0,9,66.71772599656833,-43,63,5.084745762711876,-98.17880794701986,93.17286652078775,58.66943866943868,-0.41514041514041367,2.5716385011021305,0.08130098175793898,-1.8392429646748838,1.5232429223704418,1.533980787885641,2.6307770512238746,-0.483203948183977,0.08130098175793898,-1.8392429646748838,1.5232429223704418,1.533980787885641,2.6307770512238746,-0.483203948183977
24049.655929182,3597147943,18,17,1,0,9,66.58278300164966,-43,63,5.084745762711876,-98.17880794701986,93.17286652078775,58.66943866943868,-0.41514041514041367,2.5716385011021305,0.08130098175793898,-1.8392429646748838,1.5232429223704418,1.533980787885641,2.6307770512238746,-0.483203948183977,0.08130098175793898,-1.8392429646748838,1.5232429223704418,1.533980787885641,2.6307770512238746,-0.483203948183977
24049.755967649,3597147943,21,20,1,0,9,66.6630220002844,-43,63,5.084745762711876,-98.17880794701986,93.17286652078775,58.66943866943868,-0.41514041514041367,2.5716385011021305,0.08130098175793898,-1.8392429646748838,1.5232429223704418,1.533980787885641,2.6307770512238746,-0.483203948183977,0.08130098175793898,-1.8392429646748838,1.5232429223704418,1.533980787885641,2.6307770512238746,-0.483203948183977
24049.856013778,3597147943,24,23,1,0,9,66.76323799911188,-43,63,5.084745762711876,-98.17880794701986,93.17286652078775,58.66943866943868,-0.41514041514041367,2.5716385011021305,0.08130098175793898,-1.8392429646748838,1.5232429223704418,1.533980787885641,2.6307770512238746,-0.483203948183977,0.08130098175793898,-1.8392429646748838,1.5232429223704418,1.533980787885641,2.6307770512238746,-0.483203948183977
24049.956141246,3597147943,27,26,1,0,9,66.79240399898845,-43,63,5.084745762711876,-98.17880794701986,93.17286652078775,58.66943866943868,-0.41514041514041367,2.5716385011021305,0.08130098175793898,-1.8392429646748838,1.5232429223704418,1.533980787885641,2.6307770512238746,-0.483203948183977,0.08130098175793898,-1.8392429646748838,1.5232429223704418,1.533980787885641,2.6307770512238746,-0.483203948183977
24050.055946584,3597147943,30,29,1,0,9,66.59514700004365,-43,63,5.084745762711876,-98.17880794701986,93.17286652078775,58.66943866943868,-0.41514041514041367,2.5716385011021305,0.08130098175793898,-1.8392429646748838,1.5232429223704418,1.533980787885641,2.6307770512238746,-0.483203948183977,0.08130098175793898,-1.8392429646748838,1.5232429223704418,1.533980787885641,2.6307770512238746,-0.483203948183977
24050.156130805,3597147943,33,32,1,0,9,66.89854100113735,-39,63,5.084745762711876,-98.17880794701986,93.17286652078775,58.66943866943868,-0.41514041514041367,2.5716385011021305,0.08130098175793898,-1.8392429646748838,1.5232429223704418,1.533980787885641,2.6307770512238746,-0.483203948183977,0.08130098175793898,-1.8392429646748838,1.5232429223704418,1.533980787885641,2.6307770512238746,-0.483203948183977
24050.25626201,3597147943,36,35,1,0,11,66.90322799840942,-39,63,5.084745762711876,-98.17880794701986,93.17286652078775,58.66943866943868,-0.41514041514041367,2.5716385011021305,0.08130098175793898,-1.8392429646748838,1.5232429223704418,1.533980787885641,2.6307770512238746,-0.483203948183977,0.08130098175793898,-1.8392429646748838,1.5232429223704418,1.533980787885641,2.6307770512238746,-0.483203948183977
24050.355971007,3597147943,39,38,1,0,13,66.63088800269179,-39,63,5.084745762711876,-98.17880794701986,93.17286652078775,58.66943866943868,-0.41514041514041367,2.5716385011021305,0.08130098175793898,-1.8392429646748838,1.5232429223704418,1.533980787885641,2.6307770512238746,-0.483203948183977,0.08130098175793898,-1.8392429646748838,1.5232429223704418,1.533980787885641,2.6307770512238746,-0.483203948183977
24050.455962455,3597147943,42,41,1,0,8,66.70285599830095,-39,63,5.084745762711876,-98.17880794701986,93.17286652078775,58.66943866943868,-0.41514041514041367,2.5716385011021305,0.08130098175793898,-1.8392429646748838,1.5232429223704418,1.533980787885641,2.6307770512238746,-0.483203948183977,0.08130098175793898,-1.8392429646748838,1.5232429223704418,1.533980787885641,2.6307770512238746,-0.483203948183977
24050.556012697,3597147943,45,44,1,0,13,66.70779900014168,-39,63,5.084745762711876,-98.17880794701986,93.17286652078775,58.66943866943868,-0.41514041514041367,2.5716385011021305,0.08130098175793898,-1.8392429646748838,1.5232429223704418,1.533980787885641,2.6307770512238746,-0.483203948183977,0.08130098175793898,-1.8392429646748838,1.5232429223704418,1.533980787885641,2.6307770512238746,-0.483203948183977
24050.655930925,3597147943,48,47,1,0,9,66.61172099848045,-39,63,5.084745762711876,-98.17880794701986,93.17286652078775,58.66943866943868,-0.41514041514041367,2.5716385011021305,0.08130098175793898,-1.8392429646748838,1.5232429223704418,1.533980787885641,2.6307770512238746,-0.483203948183977,0.08130098175793898,-1.8392429646748838,1.5232429223704418,1.533980787885641,2.6307770512238746,-0.483203948183977
24050.755968196,3597147943,51,50,1,0,3,66.59822200163035,-39,63,5.084745762711876,-98.17880794701986,93.17286652078775,58.66943866943868,-0.41514041514041367,2.5716385011021305,0.08130098175793898,-1.8392429646748838,1.5232429223704418,1.533980787885641,2.6307770512238746,-0.483203948183977,0.08130098175793898,-1.8392429646748838,1.5232429223704418,1.533980787885641,2.6307770512238746,-0.483203948183977
24050.855959102,3597147943,54,52,1,0,45,99.76159300276777,-39,63,5.084745762711876,-98.17880794701986,93.17286652078775,58.66943866943868,-0.41514041514041367,2.5716385011021305,0.08130098175793898,-1.8392429646748838,1.5232429223704418,1.533980787885641,2.6307770512238746,-0.483203948183977,0.08130098175793898,-1.8392429646748838,1.5232429223704418,1.533980787885641,2.6307770512238746,-0.483203948183977
24050.956042838,3597147943,57,56,1,0,9,66.66705199677381,-39,63,5.084745762711876,-98.17880794701986,93.17286652078775,58.66943866943868,-0.41514041514041367,2.5716385011021305,0.08130098175793898,-1.8392429646748838,1.5232429223704418,1.533980787885641,2.6307770512238746,-0.483203948183977,0.08130098175793898,-1.8392429646748838,1.5232429223704418,1.533980787885641,2.6307770512238746,-0.483203948183977
24051.056169633,3597147943,60,59,1,0,10,66.60489799833158,-39,63,5.084745762711876,-98.17880794701986,93.17286652078775,58.66943866943868,-0.41514041514041367,2.5716385011021305,0.08130098175793898,-1.8392429646748838,1.5232429223704418,1.533980787885641,2.6307770512238746,-0.483203948183977,0.08130098175793898,-1.8392429646748838,1.5232429223704418,1.533980787885641,2.6307770512238746,-0.483203948183977
24051.156043896,3597147943,63,62,1,0,13,66.48296799903619,-39,63,5.084745762711876,-98.17880794701986,93.17286652078775,58.66943866943868,-0.41514041514041367,2.5716385011021305,0.08130098175793898,-1.8392429646748838,1.5232429223704418,1.533980787885641,2.6307770512238746,-0.483203948183977,0.08130098175793898,-1.8392429646748838,1.5232429223704418,1.533980787885641,2.6307770512238746,-0.483203948183977
24051.256021731,3597147943,66,65,1,0,4,66.66679900081363,-38,63,5.084745762711876,-98.17880794701986,93.17286652078775,58.66943866943868,-0.41514041514041367,2.5716385011021305,0.08130098175793898,-1.8392429646748838,1.5232429223704418,1.533980787885641,2.6307770512238746,-0.483203948183977,0.08130098175793898,-1.8392429646748838,1.5232429223704418,1.533980787885641,2.6307770512238746,-0.483203948183977
24051.355968169,3597147943,69,68,1,0,10,66.5028390030784,-38,63,5.084745762711876,-98.17880794701986,93.17286652078775,58.66943866943868,-0.41514041514041367,2.5716385011021305,0.08130098175793898,-1.8392429646748838,1.5232429223704418,1.533980787885641,2.6307770512238746,-0.483203948183977,0.08130098175793898,-1.8392429646748838,1.5232429223704418,1.533980787885641,2.6307770512238746,-0.483203948183977
24051.455931664,3597147943,72,71,1,0,9,66.65523899937398,-38,63,5.084745762711876,-98.17880794701986,93.17286652078775,58.66943866943868,-0.41514041514041367,2.5716385011021305,0.08130098175793898,-1.8392429646748838,1.5232429223704418,1.533980787885641,2.6307770512238746,-0.483203948183977,0.08130098175793898,-1.8392429646748838,1.5232429223704418,1.533980787885641,2.6307770512238746,-0.483203948183977
24051.555901387,3597147943,75,74,1,0,9,66.62036499983515,-38,63,5.084745762711876,-98.17880794701986,93.17286652078775,58.66943866943868,-0.41514041514041367,2.5716385011021305,0.08130098175793898,-1.8392429646748838,1.5232429223704418,1.533980787885641,2.6307770512238746,-0.483203948183977,0.08130098175793898,-1.8392429646748838,1.5232429223704418,1.533980787885641,2.6307770512238746,-0.483203948183977
24051.655958748,3597147943,78,77,1,0,9,66.68579600227531,-38,63,5.084745762711876,-98.17880794701986,93.17286652078775,58.66943866943868,-0.41514041514041367,2.5716385011021305,0.08130098175793898,-1.8392429646748838,1.5232429223704418,1.533980787885641,2.6307770512238746,-0.483203948183977,0.08130098175793898,-1.8392429646748838,1.5232429223704418,1.533980787885641,2.6307770512238746,-0.483203948183977
24051.755950103,3597147943,81,80,1,0,9,66.69491199863842,-38,63,5.084745762711876,-98.17880794701986,93.17286652078775,58.66943866943868,-0.41514041514041367,2.5716385011021305,0.08130098175793898,-1.8392429646748838,1.5232429223704418,1.533980787885641,2.6307770512238746,-0.483203948183977,0.08130098175793898,-1.8392429646748838,1.5232429223704418,1.533980787885641,2.6307770512238746,-0.483203948183977
24051.855867129,3597147943,84,83,1,0,9,66.60962699970696,-38,63,5.084745762711876,-98.17880794701986,93.17286652078775,58.66943866943868,-0.41514041514041367,2.5716385011021305,0.08130098175793898,-1.8392429646748838,1.5232429223704418,1.533980787885641,2.6307770512238746,-0.483203948183977,0.08130098175793898,-1.8392429646748838,1.5232429223704418,1.533980787885641,2.6307770512238746,-0.483203948183977
24051.955953282,3597147943,87,86,1,0,13,66.38974499946926,-38,63,5.084745762711876,-98.17880794701986,93.17286652078775,58.66943866943868,-0.41514041514041367,2.5716385011021305,0.08130098175793898,-1.8392429646748838,1.5232429223704418,1.533980787885641,2.6307770512238746,-0.483203948183977,0.08130098175793898,-1.8392429646748838,1.5232429223704418,1.533980787885641,2.6307770512238746,-0.483203948183977
24052.055923511,3597147943,90,89,1,0,9,66.62738700106274,-38,63,5.084745762711876,-98.17880794701986,93.17286652078775,58.66943866943868,-0.41514041514041367,2.5716385011021305,0.08130098175793898,-1.8392429646748838,1.5232429223704418,1.533980787885641,2.6307770512238746,-0.483203948183977,0.08130098175793898,-1.8392429646748838,1.5232429223704418,1.533980787885641,2.6307770512238746,-0.483203948183977
24052.156011645,3597147943,93,92,1,0,12,66.64201700186823,-38,63,5.084745762711876,-98.17880794701986,93.17286652078775,58.66943866943868,-0.41514041514041367,2.5716385011021305,0.08130098175793898,-1.8392429646748838,1.5232429223704418,1.533980787885641,2.6307770512238746,-0.483203948183977,0.08130098175793898,-1.8392429646748838,1.5232429223704418,1.533980787885641,2.6307770512238746,-0.483203948183977
24052.256027204,3597147943,96,95,1,0,9,66.8025970007875,-38,63,5.084745762711876,-98.17880794701986,93.17286652078775,58.66943866943868,-0.41514041514041367,2.5716385011021305,0.08130098175793898,-1.8392429646748838,1.5232429223704418,1.533980787885641,2.6307770512238746,-0.483203948183977,0.08130098175793898,-1.8392429646748838,1.5232429223704418,1.533980787885641,2.6307770512238746,-0.483203948183977
24052.355885564,3597147943,99,98,1,0,9,66.57966899729217,-37,63,5.084745762711876,-98.17880794701986,93.17286652078775,58.66943866943868,-0.41514041514041367,2.5716385011021305,0.08130098175793898,-1.8392429646748838,1.5232429223704418,1.533980787885641,2.6307770512238746,-0.483203948183977,0.08130098175793898,-1.8392429646748838,1.5232429223704418,1.533980787885641,2.6307770512238746,-0.483203948183977
24052.455913966,3597147943,102,101,1,0,9,66.694857996481,-37,63,5.084745762711876,-98.17880794701986,93.17286652078775,58.66943866943868,-0.41514041514041367,2.5716385011021305,0.08130098175793898,-1.8392429646748838,1.5232429223704418,1.533980787885641,2.6307770512238746,-0.483203948183977,0.08130098175793898,-1.8392429646748838,1.5232429223704418,1.533980787885641,2.6307770512238746,-0.483203948183977
24052.555976275,3597147943,105,104,1,0,9,66.75002499832772,-37,63,5.084745762711876,-98.17880794701986,93.17286652078775,58.66943866943868,-0.41514041514041367,2.5716385011021305,0.08130098175793898,-1.8392429646748838,1.5232429223704418,1.533980787885641,2.6307770512238746,-0.483203948183977,0.08130098175793898,-1.8392429646748838,1.5232429223704418,1.533980787885641,2.6307770512238746,-0.483203948183977
24052.655931089,3597147943,108,107,1,0,9,66.63532799939276,-37,63,5.084745762711876,-98.17880794701986,93.17286652078775,58.66943866943868,-0.41514041514041367,2.5716385011021305,0.08130098175793898,-1.8392429646748838,1.5232429223704418,1.533980787885641,2.6307770512238746,-0.483203948183977,0.08130098175793898,-1.8392429646748838,1.5232429223704418,1.533980787885641,2.6307770512238746,-0.483203948183977
24052.755967388,3597147943,111,110,1,0,9,66.72030200206791,-37,63,5.084745762711876,-98.17880794701986,93.17286652078775,58.66943866943868,-0.41514041514041367,2.5716385011021305,0.08130098175793898,-1.8392429646748838,1.5232429223704418,1.533980787885641,2.6307770512238746,-0.483203948183977,0.08130098175793898,-1.8392429646748838,1.5232429223704418,1.533980787885641,2.6307770512238746,-0.483203948183977
24052.855969603,3597147943,114,113,1,0,9,66.6990009995061,-37,63,5.084745762711876,-98.17880794701986,93.17286652078775,58.66943866943868,-0.41514041514041367,2.5716385011021305,0.08130098175793898,-1.8392429646748838,1.5232429223704418,1.533980787885641,2.6307770512238746,-0.483203948183977,0.08130098175793898,-1.8392429646748838,1.5232429223704418,1.533980787885641,2.6307770512238746,-0.483203948183977
24052.956144823,3597147943,117,116,1,0,9,66.6313910005556,-37,63,5.084745762711876,-98.17880794701986,93.17286652078775,58.66943866943868,-0.41514041514041367,2.5716385011021305,0.08130098175793898,-1.8392429646748838,1.5232429223704418,1.533980787885641,2.6307770512238746,-0.483203948183977,0.08130098175793898,-1.8392429646748838,1.5232429223704418,1.533980787885641,2.6307770512238746,-0.483203948183977
24053.055921091,3597147943,120,119,1,0,9,66.52443100028904,-37,63,5.084745762711876,-98.17880794701986,93.17286652078775,58.66943866943868,-0.41514041514041367,2.5716385011021305,0.08130098175793898,-1.8392429646748838,1.5232429223704418,1.533980787885641,2.6307770512238746,-0.483203948183977,0.08130098175793898,-1.8392429646748838,1.5232429223704418,1.533980787885641,2.6307770512238746,-0.483203948183977
24053.156050571,3597147943,123,122,1,0,9,66.80038700142177,-37,63,5.084745762711876,-98.17880794701986,93.17286652078775,58.66943866943868,-0.41514041514041367,2.5716385011021305,0.08130098175793898,-1.8392429646748838,1.5232429223704418,1.533980787885641,2.6307770512238746,-0.483203948183977,0.08130098175793898,-1.8392429646748838,1.5232429223704418,1.533980787885641,2.6307770512238746,-0.483203948183977
24053.255947427,3597147943,126,125,1,0,13,66.58536099712364,-37,63,5.084745762711876,-98.17880794701986,93.17286652078775,58.66943866943868,-0.41514041514041367,2.5716385011021305,0.08130098175793898,-1.8392429646748838,1.5232429223704418,1.533980787885641,2.6307770512238746,-0.483203948183977,0.08130098175793898,-1.8392429646748838,1.5232429223704418,1.533980787885641,2.6307770512238746,-0.483203948183977
24053.355959297,3597147943,129,128,1,0,10,66.658246996667,-37,63,5.084745762711876,-98.17880794701986,93.17286652078775,58.66943866943868,-0.41514041514041367,2.5716385011021305,0.08130098175793898,-1.8392429646748838,1.5232429223704418,1.533980787885641,2.6307770512238746,-0.483203948183977,0.08130098175793898,-1.8392429646748838,1.5232429223704418,1.533980787885641,2.6307770512238746,-0.483203948183977
24053.456062806,3597147943,132,131,1,0,5,66.72458600223763,-39,63,5.084745762711876,-98.17880794701986,93.17286652078775,58.66943866943868,-0.41514041514041367,2.5716385011021305,0.08130098175793898,-1.8392429646748838,1.5232429223704418,1.533980787885641,2.6307770512238746,-0.483203948183977,0.08130098175793898,-1.8392429646748838,1.5232429223704418,1.533980787885641,2.6307770512238746,-0.483203948183977
24053.555933571,3597147943,135,133,1,0,46,99.6635570008948,-39,63,5.084745762711876,-98.17880794701986,93.17286652078775,58.66943866943868,-0.41514041514041367,2.5716385011021305,0.08130098175793898,-1.8392429646748838,1.5232429223704418,1.533980787885641,2.6307770512238746,-0.483203948183977,0.08130098175793898,-1.8392429646748838,1.5232429223704418,1.533980787885641,2.6307770512238746,-0.483203948183977
24053.655960317,3597147943,138,137,1,0,10,66.70084500001394,-39,63,5.084745762711876,-98.17880794701986,93.17286652078775,58.66943866943868,-0.41514041514041367,2.5716385011021305,0.08130098175793898,-1.8392429646748838,1.5232429223704418,1.533980787885641,2.6307770512238746,-0.483203948183977,0.08130098175793898,-1.8392429646748838,1.5232429223704418,1.533980787885641,2.6307770512238746,-0.483203948183977
24053.755888264,3597147943,141,140,1,0,9,66.61906400040607,-39,63,5.084745762711876,-98.17880794701986,93.17286652078775,58.66943866943868,-0.41514041514041367,2.5716385011021305,0.08130098175793898,-1.8392429646748838,1.5232429223704418,1.533980787885641,2.6307770512238746,-0.483203948183977,0.08130098175793898,-1.8392429646748838,1.5232429223704418,1.533980787885641,2.6307770512238746,-0.483203948183977
24053.855873914,3597147943,144,143,1,0,9,66.64227899818798,-39,63,5.084745762711876,-98.17880794701986,93.17286652078775,58.66943866943868,-0.41514041514041367,2.5716385011021305,0.08130098175793898,-1.8392429646748838,1.5232429223704418,1.533980787885641,2.6307770512238746,-0.483203948183977,0.08130098175793898,-1.8392429646748838,1.5232429223704418,1.533980787885641,2.6307770512238746,-0.483203948183977
24053.956011739,3597147943,147,146,1,0,9,66.67062199994689,-39,63,5.084745762711876,-98.17880794701986,93.17286652078775,58.66943866943868,-0.41514041514041367,2.5716385011021305,0.08130098175793898,-1.8392429646748838,1.5232429223704418,1.533980787885641,2.6307770512238746,-0.483203948183977,0.08130098175793898,-1.8392429646748838,1.5232429223704418,1.533980787885641,2.6307770512238746,-0.483203948183977
24054.056021593,3597147943,150,149,1,0,9,66.6853059992718,-39,63,5.084745762711876,-98.17880794701986,93.17286652078775,58.66943866943868,-0.41514041514041367,2.5716385011021305,0.08130098175793898,-1.8392429646748838,1.5232429223704418,1.533980787885641,2.6307770512238746,-0.483203948183977,0.08130098175793898,-1.8392429646748838,1.5232429223704418,1.533980787885641,2.6307770512238746,-0.483203948183977
24054.155968465,3597147943,153,152,1,0,11,66.58909100224264,-39,63,5.084745762711876,-98.17880794701986,93.17286652078775,58.66943866943868,-0.41514041514041367,2.5716385011021305,0.08130098175793898,-1.8392429646748838,1.5232429223704418,1.533980787885641,2.6307770512238746,-0.483203948183977,0.08130098175793898,-1.8392429646748838,1.5232429223704418,1.533980787885641,2.6307770512238746,-0.483203948183977
24054.256059468,3597147943,156,155,1,0,9,66.80186000085087,-39,63,5.084745762711876,-98.17880794701986,93.17286652078775,58.66943866943868,-0.41514041514041367,2.5716385011021305,0.08130098175793898,-1.8392429646748838,1.5232429223704418,1.533980787885641,2.6307770512238746,-0.483203948183977,0.08130098175793898,-1.8392429646748838,1.5232429223704418,1.533980787885641,2.6307770512238746,-0.483203948183977
24054.356084332,3597147943,159,158,1,0,5,66.82274999911897,-39,63,5.084745762711876,-98.17880794701986,93.17286652078775,58.66943866943868,-0.41514041514041367,2.5716385011021305,0.08130098175793898,-1.8392429646748838,1.5232429223704418,1.533980787885641,2.6307770512238746,-0.483203948183977,0.08130098175793898,-1.8392429646748838,1.5232429223704418,1.533980787885641,2.6307770512238746,-0.483203948183977
24054.45591435,3597147943,162,161,1,0,9,66.55006499931915,-39,63,5.084745762711876,-98.17880794701986,93.17286652078775,58.66943866943868,-0.41514041514041367,2.5716385011021305,0.08130098175793898,-1.8392429646748838,1.5232429223704418,1.533980787885641,2.6307770512238746,-0.483203948183977,0.08130098175793898,-1.8392429646748838,1.5232429223704418,1.533980787885641,2.6307770512238746,-0.483203948183977
24054.555936908,3597147943,165,164,1,0,9,66.60634799845866,-39,63,5.084745762711876,-98.17880794701986,93.17286652078775,58.66943866943868,-0.41514041514041367,2.5716385011021305,0.08130098175793898,-1.8392429646748838,1.5232429223704418,1.533980787885641,2.6307770512238746,-0.483203948183977,0.08130098175793898,-1.8392429646748838,1.5232429223704418,1.533980787885641,2.6307770512238746,-0.483203948183977
24054.655896907,3597147943,168,167,1,0,9,66.55392800166737,-37,63,5.084745762711876,-98.17880794701986,93.17286652078775,58.66943866943868,-0.41514041514041367,2.5716385011021305,0.08130098175793898,-1.8392429646748838,1.5232429223704418,1.533980787885641,2.6307770512238746,-0.483203948183977,0.08130098175793898,-1.8392429646748838,1.5232429223704418,1.533980787885641,2.6307770512238746,-0.483203948183977
24054.755976159,3597147943,171,170,1,0,9,66.68322200130206,-37,63,5.084745762711876,-98.17880794701986,93.17286652078775,58.66943866943868,-0.41514041514041367,2.5716385011021305,0.08130098175793898,-1.8392429646748838,1.5232429223704418,1.533980787885641,2.6307770512238746,-0.483203948183977,0.08130098175793898,-1.8392429646748838,1.5232429223704418,1.533980787885641,2.6307770512238746,-0.483203948183977
24054.85590928,3597147943,174,173,1,0,9,66.65432000227156,-37,63,5.084745762711876,-98.17880794701986,93.17286652078775,58.66943866943868,-0.41514041514041367,2.5716385011021305,0.08130098175793898,-1.8392429646748838,1.5232429223704418,1.533980787885641,2.6307770512238746,-0.483203948183977,0.08130098175793898,-1.8392429646748838,1.5232429223704418,1.533980787885641,2.6307770512238746,-0.483203948183977
24054.955863986,3597147943,177,176,1,0,9,66.62405500173918,-37,63,5.084745762711876,-98.17880794701986,93.17286652078775,58.66943866943868,-0.41514041514041367,2.5716385011021305,0.08130098175793898,-1.8392429646748838,1.5232429223704418,1.533980787885641,2.6307770512238746,-0.483203948183977,0.08130098175793898,-1.8392429646748838,1.5232429223704418,1.533980787885641,2.6307770512238746,-0.483203948183977
24055.056076935,3597147943,180,179,1,0,9,66.85848900087876,-37,63,5.084745762711876,-98.17880794701986,93.17286652078775,58.66943866943868,-0.41514041514041367,2.5716385011021305,0.08130098175793898,-1.8392429646748838,1.5232429223704418,1.533980787885641,2.6307770512238746,-0.483203948183977,0.08130098175793898,-1.8392429646748838,1.5232429223704418,1.533980787885641,2.6307770512238746,-0.483203948183977
24055.156094473,3597147943,183,182,1,0,3,66.37868600228103,-37,63,5.084745762711876,-98.17880794701986,93.17286652078775,58.66943866943868,-0.41514041514041367,2.5716385011021305,0.08130098175793898,-1.8392429646748838,1.5232429223704418,1.533980787885641,2.6307770512238746,-0.483203948183977,0.08130098175793898,-1.8392429646748838,1.5232429223704418,1.533980787885641,2.6307770512238746,-0.483203948183977
24055.255972417,3597147943,186,185,1,0,10,66.67340800049715,-37,63,5.084745762711876,-98.17880794701986,93.17286652078775,58.66943866943868,-0.41514041514041367,2.5716385011021305,0.08130098175793898,-1.8392429646748838,1.5232429223704418,1.533980787885641,2.6307770512238746,-0.483203948183977,0.08130098175793898,-1.8392429646748838,1.5232429223704418,1.533980787885641,2.6307770512238746,-0.483203948183977
24055.35606521,3597147943,189,188,1,0,10,66.66436299929046,-37,63,5.084745762711876,-98.17880794701986,93.17286652078775,58.66943866943868,-0.41514041514041367,2.5716385011021305,0.08130098175793898,-1.8392429646748838,1.5232429223704418,1.533980787885641,2.6307770512238746,-0.483203948183977,0.08130098175793898,-1.8392429646748838,1.5232429223704418,1.533980787885641,2.6307770512238746,-0.483203948183977
24055.455896874,3597147943,192,191,1,0,9,66.53954300054465,-37,63,5.084745762711876,-98.17880794701986,93.17286652078775,58.66943866943868,-0.41514041514041367,2.5716385011021305,0.08130098175793898,-1.8392429646748838,1.5232429223704418,1.533980787885641,2.6307770512238746,-0.483203948183977,0.08130098175793898,-1.8392429646748838,1.5232429223704418,1.533980787885641,2.6307770512238746,-0.483203948183977
24055.555917952,3597147943,195,194,1,0,9,66.62337599846069,-37,63,5.084745762711876,-98.17880794701986,93.17286652078775,58.66943866943868,-0.41514041514041367,2.5716385011021305,0.08130098175793898,-1.8392429646748838,1.5232429223704418,1.533980787885641,2.6307770512238746,-0.483203948183977,0.08130098175793898,-1.8392429646748838,1.5232429223704418,1.533980787885641,2.6307770512238746,-0.483203948183977
24055.655987183,3597147943,198,197,1,0,9,66.6952389983635,-37,63,5.084745762711876,-98.17880794701986,93.17286652078775,58.66943866943868,-0.41514041514041367,2.5716385011021305,0.08130098175793898,-1.8392429646748838,1.5232429223704418,1.533980787885641,2.6307770512238746,-0.483203948183977,0.08130098175793898,-1.8392429646748838,1.5232429223704418,1.533980787885641,2.6307770512238746,-0.483203948183977
24055.75595752,3597147943,201,200,1,0,4,66.6287359999842,-37,63,5.084745762711876,-98.17880794701986,93.17286652078775,58.66943866943868,-0.41514041514041367,2.5716385011021305,0.08130098175793898,-1.8392429646748838,1.5232429223704418,1.533980787885641,2.6307770512238746,-0.483203948183977,0.08130098175793898,-1.8392429646748838,1.5232429223704418,1.533980787885641,2.6307770512238746,-0.483203948183977
24055.855975019,3597147943,204,203,1,0,9,66.68627899853163,-37,63,5.084745762711876,-98.17880794701986,93.17286652078775,58.66943866943868,-0.41514041514041367,2.5716385011021305,0.08130098175793898,-1.8392429646748838,1.5232429223704418,1.533980787885641,2.6307770512238746,-0.483203948183977,0.08130098175793898,-1.8392429646748838,1.5232429223704418,1.533980787885641,2.6307770512238746,-0.483203948183977
24055.955888805,3597147943,207,206,1,0,10,66.5784890006762,-37,63,5.084745762711876,-98.17880794701986,93.17286652078775,58.66943866943868,-0.41514041514041367,2.5716385011021305,0.08130098175793898,-1.8392429646748838,1.5232429223704418,1.533980787885641,2.6307770512238746,-0.483203948183977,0.08130098175793898,-1.8392429646748838,1.5232429223704418,1.533980787885641,2.6307770512238746,-0.483203948183977
24056.056014367,3597147943,210,209,1,0,10,66.76557600076194,-37,63,5.084745762711876,-98.17880794701986,93.17286652078775,58.66943866943868,-0.41514041514041367,2.5716385011021305,0.08130098175793898,-1.8392429646748838,1.5232429223704418,1.533980787885641,2.6307770512238746,-0.483203948183977,0.08130098175793898,-1.8392429646748838,1.5232429223704418,1.533980787885641,2.6307770512238746,-0.483203948183977
24056.155927236,3597147943,213,212,1,0,10,66.68220199935604,-37,63,5.084745762711876,-98.17880794701986,93.17286652078775,58.66943866943868,-0.41514041514041367,2.5716385011021305,0.08130098175793898,-1.8392429646748838,1.5232429223704418,1.533980787885641,2.6307770512238746,-0.483203948183977,0.08130098175793898,-1.8392429646748838,1.5232429223704418,1.533980787885641,2.6307770512238746,-0.483203948183977
24056.255947852,3597147943,216,215,1,0,3,66.66039599804208,-37,63,5.084745762711876,-98.17880794701986,93.17286652078775,58.66943866943868,-0.41514041514041367,2.5716385011021305,0.08130098175793898,-1.8392429646748838,1.5232429223704418,1.533980787885641,2.6307770512238746,-0.483203948183977,0.08130098175793898,-1.8392429646748838,1.5232429223704418,1.533980787885641,2.6307770512238746,-0.483203948183977
24056.355989417,3597147943,219,218,1,0,12,66.73844800025108,-37,63,5.084745762711876,-98.17880794701986,93.17286652078775,58.66943866943868,-0.41514041514041367,2.5716385011021305,0.08130098175793898,-1.8392429646748838,1.5232429223704418,1.533980787885641,2.6307770512238746,-0.483203948183977,0.08130098175793898,-1.8392429646748838,1.5232429223704418,1.533980787885641,2.6307770512238746,-0.483203948183977
24056.455957729,3597147943,222,221,1,0,9,66.57844100118382,-37,63,5.084745762711876,-98.17880794701986,93.17286652078775,58.66943866943868,-0.41514041514041367,2.5716385011021305,0.08130098175793898,-1.8392429646748838,1.5232429223704418,1.533980787885641,2.6307770512238746,-0.483203948183977,0.08130098175793898,-1.8392429646748838,1.5232429223704418,1.533980787885641,2.6307770512238746,-0.483203948183977
24056.555978585,3597147943,225,224,1,0,9,66.61150799845927,-37,63,5.084745762711876,-98.17880794701986,93.17286652078775,58.66943866943868,-0.41514041514041367,2.5716385011021305,0.08130098175793898,-1.8392429646748838,1.5232429223704418,1.533980787885641,2.6307770512238746,-0.483203948183977,0.08130098175793898,-1.8392429646748838,1.5232429223704418,1.533980787885641,2.6307770512238746,-0.483203948183977
24056.655963926,3597147943,228,227,1,0,9,66.67573400045512,-37,63,5.084745762711876,-98.17880794701986,93.17286652078775,58.66943866943868,-0.41514041514041367,2.5716385011021305,0.08130098175793898,-1.8392429646748838,1.5232429223704418,1.533980787885641,2.6307770512238746,-0.483203948183977,0.08130098175793898,-1.8392429646748838,1.5232429223704418,1.533980787885641,2.6307770512238746,-0.483203948183977
24056.755948444,3597147943,231,230,1,0,9,66.62888600112638,-37,63,5.084745762711876,-98.17880794701986,93.17286652078775,58.66943866943868,-0.41514041514041367,2.5716385011021305,0.08130098175793898,-1.8392429646748838,1.5232429223704418,1.533980787885641,2.6307770512238746,-0.483203948183977,0.08130098175793898,-1.8392429646748838,1.5232429223704418,1.533980787885641,2.6307770512238746,-0.483203948183977
24056.855868507,3597147943,234,233,1,0,8,66.56320099864388,-38,63,5.084745762711876,-98.17880794701986,93.17286652078775,58.66943866943868,-0.41514041514041367,2.5716385011021305,0.08130098175793898,-1.8392429646748838,1.5232429223704418,1.533980787885641,2.6307770512238746,-0.483203948183977,0.08130098175793898,-1.8392429646748838,1.5232429223704418,1.533980787885641,2.6307770512238746,-0.483203948183977
24056.956020205,3597147943,237,236,1,0,14,66.74589900285355,-38,63,5.084745762711876,-98.17880794701986,93.17286652078775,58.66943866943868,-0.41514041514041367,2.5716385011021305,0.08130098175793898,-1.8392429646748838,1.5232429223704418,1.533980787885641,2.6307770512238746,-0.483203948183977,0.08130098175793898,-1.8392429646748838,1.5232429223704418,1.533980787885641,2.6307770512238746,-0.483203948183977
24057.055890545,3597147943,240,239,1,0,9,66.30019699878176,-38,63,5.084745762711876,-98.17880794701986,93.17286652078775,58.66943866943868,-0.41514041514041367,2.5716385011021305,0.08130098175793898,-1.8392429646748838,1.5232429223704418,1.533980787885641,2.6307770512238746,-0.483203948183977,0.08130098175793898,-1.8392429646748838,1.5232429223704418,1.533980787885641,2.6307770512238746,-0.483203948183977
24057.155925693,3597147943,243,242,1,0,10,66.6214900011255,-38,63,5.084745762711876,-98.17880794701986,93.17286652078775,58.66943866943868,-0.41514041514041367,2.5716385011021305,0.08130098175793898,-1.8392429646748838,1.5232429223704418,1.533980787885641,2.6307770512238746,-0.483203948183977,0.08130098175793898,-1.8392429646748838,1.5232429223704418,1.533980787885641,2.6307770512238746,-0.483203948183977
24057.256026359,3597147943,246,245,1,0,9,65.20583699966664,-38,63,5.084745762711876,-98.17880794701986,93.17286652078775,58.66943866943868,-0.41514041514041367,2.5716385011021305,0.08130098175793898,-1.8392429646748838,1.5232429223704418,1.533980787885641,2.6307770512238746,-0.483203948183977,0.08130098175793898,-1.8392429646748838,1.5232429223704418,1.533980787885641,2.6307770512238746,-0.483203948183977
24057.35618457,3597147943,249,248,1,0,9,65.3718849971483,-38,63,5.084745762711876,-98.17880794701986,93.17286652078775,58.66943866943868,-0.41514041514041367,2.5716385011021305,0.08130098175793898,-1.8392429646748838,1.5232429223704418,1.533980787885641,2.6307770512238746,-0.483203948183977,0.08130098175793898,-1.8392429646748838,1.5232429223704418,1.533980787885641,2.6307770512238746,-0.483203948183977
24057.456015443,3597147943,252,251,1,0,3,65.13686700054677,-38,63,5.084745762711876,-98.17880794701986,93.17286652078775,58.66943866943868,-0.41514041514041367,2.5716385011021305,0.08130098175793898,-1.8392429646748838,1.5232429223704418,1.533980787885641,2.6307770512238746,-0.483203948183977,0.08130098175793898,-1.8392429646748838,1.5232429223704418,1.533980787885641,2.6307770512238746,-0.483203948183977
24057.556038978,3597147943,255,254,1,0,8,65.2602959999058,-38,63,5.084745762711876,-98.17880794701986,93.17286652078775,58.66943866943868,-0.41514041514041367,2.5716385011021305,0.08130098175793898,-1.8392429646748838,1.5232429223704418,1.533980787885641,2.6307770512238746,-0.483203948183977,0.08130098175793898,-1.8392429646748838,1.5232429223704418,1.533980787885641,2.6307770512238746,-0.483203948183977
24057.656037458,3597147943,258,257,1,0,10,65.30786200164584,-38,63,5.084745762711876,-98.17880794701986,93.17286652078775,58.66943866943868,-0.41514041514041367,2.5716385011021305,0.08130098175793898,-1.8392429646748838,1.5232429223704418,1.533980787885641,2.6307770512238746,-0.483203948183977,0.08130098175793898,-1.8392429646748838,1.5232429223704418,1.533980787885641,2.6307770512238746,-0.483203948183977
24057.756110397,3597147943,261,260,1,0,9,65.3504760011856,-38,63,5.084745762711876,-98.17880794701986,93.17286652078775,58.66943866943868,-0.41514041514041367,2.5716385011021305,0.08130098175793898,-1.8392429646748838,1.5232429223704418,1.533980787885641,2.6307770512238746,-0.483203948183977,0.08130098175793898,-1.8392429646748838,1.5232429223704418,1.533980787885641,2.6307770512238746,-0.483203948183977
24057.856070025,3597147943,264,263,1,0,9,65.15543999921647,-38,63,5.084745762711876,-98.17880794701986,93.17286652078775,58.66943866943868,-0.41514041514041367,2.5716385011021305,0.08130098175793898,-1.8392429646748838,1.5232429223704418,1.533980787885641,2.6307770512238746,-0.483203948183977,0.08130098175793898,-1.8392429646748838,1.5232429223704418,1.533980787885641,2.6307770512238746,-0.483203948183977
24057.956187034,3597147943,267,266,1,0,9,65.10036300096544,-37,63,5.084745762711876,-98.17880794701986,93.17286652078775,58.66943866943868,-0.41514041514041367,2.5716385011021305,0.08130098175793898,-1.8392429646748838,1.5232429223704418,1.533980787885641,2.6307770512238746,-0.483203948183977,0.08130098175793898,-1.8392429646748838,1.5232429223704418,1.533980787885641,2.6307770512238746,-0.483203948183977
24058.056036739,3597147943,270,269,1,0,9,64.82968000273104,-37,63,5.084745762711876,-98.17880794701986,93.17286652078775,58.66943866943868,-0.41514041514041367,2.5716385011021305,0.08130098175793898,-1.8392429646748838,1.5232429223704418,1.533980787885641,2.6307770512238746,-0.483203948183977,0.08130098175793898,-1.8392429646748838,1.5232429223704418,1.533980787885641,2.6307770512238746,-0.483203948183977
24058.156100106,3597147943,273,272,1,0,10,64.98661700243247,-37,63,5.084745762711876,-98.17880794701986,93.17286652078775,58.66943866943868,-0.41514041514041367,2.5716385011021305,0.08130098175793898,-1.8392429646748838,1.5232429223704418,1.533980787885641,2.6307770512238746,-0.483203948183977,0.08130098175793898,-1.8392429646748838,1.5232429223704418,1.533980787885641,2.6307770512238746,-0.483203948183977
24058.255943216,3597147943,276,275,1,0,9,65.074852998805,-37,63,5.084745762711876,-98.17880794701986,93.17286652078775,58.66943866943868,-0.41514041514041367,2.5716385011021305,0.08130098175793898,-1.8392429646748838,1.5232429223704418,1.533980787885641,2.6307770512238746,-0.483203948183977,0.08130098175793898,-1.8392429646748838,1.5232429223704418,1.533980787885641,2.6307770512238746,-0.483203948183977
24058.356328009,3597147943,279,278,1,0,9,65.0675319993752,-37,63,5.084745762711876,-98.17880794701986,93.17286652078775,58.66943866943868,-0.41514041514041367,2.5716385011021305,0.08130098175793898,-1.8392429646748838,1.5232429223704418,1.533980787885641,2.6307770512238746,-0.483203948183977,0.08130098175793898,-1.8392429646748838,1.5232429223704418,1.533980787885641,2.6307770512238746,-0.483203948183977
24058.456064746,3597147943,282,281,1,0,9,65.25557799977832,-37,63,5.084745762711876,-98.17880794701986,93.17286652078775,58.66943866943868,-0.41514041514041367,2.5716385011021305,0.08130098175793898,-1.8392429646748838,1.5232429223704418,1.533980787885641,2.6307770512238746,-0.483203948183977,0.08130098175793898,-1.8392429646748838,1.5232429223704418,1.533980787885641,2.6307770512238746,-0.483203948183977
24058.556042588,3597147943,285,284,1,0,9,65.20046899822773,-37,63,5.009416195856858,-98.17880794701986,93.17286652078775,58.66943866943868,-0.41514041514041367,2.5716385011021305,0.07991375468761316,-1.8392429646748838,1.5232429223704418,1.533980787885641,2.6307770512238746,-0.483203948183977,0.08130098175793898,-1.8392429646748838,1.5232429223704418,1.533980787885641,2.6307770512238746,-0.483203948183977
24058.656007915,3597147943,288,287,1,0,9,65.11604600018472,-37,63,4.783427495291903,-98.17880794701986,93.17286652078775,58.66943866943868,-0.12210012210012167,2.5716385011021305,0.0757520734766378,-1.8392429646748838,1.5232429223704418,1.533980787885641,2.6399809359511885,-0.483203948183977,0.08130098175793898,-1.8392429646748838,1.5232429223704418,1.533980787885641,2.6307770512238746,-0.483203948183977
24058.756100296,3597147943,291,290,1,0,9,65.27798699971754,-37,63,2.2222222222222143,-98.17880794701986,93.17286652078775,58.66943866943868,-0.024420024420024333,2.5716385011021305,0.028586353085580943,-1.8392429646748838,1.5232429223704418,1.533980787885641,2.6430488975269597,-0.483203948183977,0.08130098175793898,-1.8392429646748838,1.5232429223704418,1.533980787885641,2.6307770512238746,-0.483203948183977
24058.85622909,3597147943,294,293,1,0,9,65.00234800114413,-37,63,-1.920903954802256,-98.17880794701986,93.17286652078775,58.66943866943868,-0.024420024420024333,2.5716385011021305,-0.04771113578230552,-1.8392429646748838,1.5232429223704418,1.533980787885641,2.6430488975269597,-0.483203948183977,0.0521553467881118,-1.8392429646748838,1.5232429223704418,1.533980787885641,2.6307770512238746,-0.483203948183977
24058.956271515,3597147943,297,296,1,0,3,65.06361500214553,-37,63,-5.235404896421841,-98.17880794701986,93.17286652078775,58.66943866943868,0.024420024420024333,2.5716385011021305,-0.10874912687661463,-1.8392429646748838,1.5232429223704418,1.533980787885641,2.6445828783148455,-0.483203948183977,-0.006135923151542565,-1.8392429646748838,1.5232429223704418,1.533980787885641,2.6307770512238746,-0.483203948183977
24059.05605329,3597147943,300,299,1,0,9,64.88861999969231,-37,63,-7.7966101694915295,-98.17880794701986,93.17286652078775,58.66943866943868,0.024420024420024333,2.5716385011021305,-0.15591484726767182,-1.8392429646748838,1.5232429223704418,1.533980787885641,2.6445828783148455,-0.483203948183977,-0.07056311624273949,-1.8392429646748838,1.5232429223704418,1.533980787885641,2.629243070435989,-0.483203948183977
24059.156075978,3597147943,303,302,1,0,8,65.30348399974173,-40,63,-11.563088512241066,-98.17880794701986,93.17286652078775,58.66943866943868,0.024420024420024333,2.5716385011021305,-0.225276200783932,-1.8392429646748838,1.5232429223704418,1.533980787885641,2.6445828783148455,-0.483203948183977,-0.1227184630308513,-1.8392429646748838,1.5232429223704418,1.533980787885641,2.629243070435989,-0.483203948183977
24059.256055288,3597147943,306,305,1,0,9,65.20018399896799,-40,63,-16.384180790960457,-98.17880794701986,93.17286652078775,58.66943866943868,0.024420024420024333,2.5716385011021305,-0.31405873328474526,-1.8392429646748838,1.5232429223704418,1.533980787885641,2.6445828783148455,-0.483203948183977,-0.1856116753341626,-1.8392429646748838,1.5232429223704418,1.533980787885641,2.629243070435989,-0.483203948183977
24059.35615478,3597147943,309,308,1,0,9,64.79640600082348,-40,63,-20.0,-98.17880794701986,93.26039387308532,58.66943866943868,0.024420024420024333,2.5716385011021305,-0.38064563266035517,-1.8392429646748838,1.5247923436651631,1.533980787885641,2.6445828783148455,-0.483203948183977,-0.26691265709210155,-1.8392429646748838,1.5232429223704418,1.533980787885641,2.629243070435989,-0.483203948183977
24059.45605402,3597147943,312,311,1,0,9,65.24227000045357,-40,63,-20.0,-98.17880794701986,93.26039387308532,58.58627858627858,0.024420024420024333,2.5716385011021305,-0.38064563266035517,-1.8392429646748838,1.5247923436651631,1.5324391531395625,2.6445828783148455,-0.483203948183977,-0.34514567727426926,-1.8392429646748838,1.5232429223704418,1.533980787885641,2.629243070435989,-0.483203948183977
24059.555995082,3597147943,315,314,1,0,9,65.20763799926499,-40,63,-15.706214689265536,-98.17880794701986,93.26039387308532,58.503118503118515,-0.41514041514041367,2.5716385011021305,-0.30157368965181847,-1.8392429646748838,1.5247923436651631,1.5308975183934836,2.6307770512238746,-0.483203948183977,-0.36968936988043954,-1.8392429646748838,1.5232429223704418,1.533980787885641,2.6353789935875316,-0.483203948183977
24059.656053403,3597147943,318,317,1,0,10,65.31370100128697,-40,63,-9.303201506591336,-98.17880794701986,93.26039387308532,58.503118503118515,-0.41514041514041367,2.5716385011021305,-0.18365938867417564,-1.8392429646748838,1.5247923436651631,1.5308975183934836,2.6307770512238746,-0.483203948183977,-0.33440781175906975,-1.8392429646748838,1.5232429223704418,1.533980787885641,2.6353789935875316,-0.483203948183977
24059.756158032,3597147943,321,320,1,0,10,65.47259199942346,-40,63,-2.7495291902071557,-98.17880794701986,93.26039387308532,58.503118503118515,-0.41514041514041367,2.5716385011021305,-0.06297063355588288,-1.8392429646748838,1.5247923436651631,1.5308975183934836,2.6307770512238746,-0.483203948183977,-0.23930100291016002,-1.8392429646748838,1.5232429223704418,1.533980787885641,2.6353789935875316,-0.483203948183977
24059.856104492,3597147943,324,323,1,0,9,65.0969040034397,-40,63,3.5781544256120412,-98.17880794701986,93.26039387308532,58.503118503118515,-0.41514041514041367,2.5716385011021305,0.053556440351434496,-1.8392429646748838,1.5247923436651631,1.5308975183934836,2.6307770512238746,-0.483203948183977,-0.13192234775816514,-1.8392429646748838,1.5232429223704418,1.533980787885641,2.6353789935875316,-0.483203948183977
24059.956199702,3597147943,327,326,1,0,9,64.92566999804694,-40,63,9.303201506591336,-98.17880794701986,93.26039387308532,58.503118503118515,-0.41514041514041367,2.5716385011021305,0.15898569769615056,-1.8392429646748838,1.5247923436651631,1.5308975183934836,2.6307770512238746,-0.483203948183977,-0.01227184630308513,-1.8392429646748838,1.5232429223704418,1.533980787885641,2.6353789935875316,-0.483203948183977
24060.056070426,3597147943,330,329,1,0,9,65.24042399905738,-40,63,12.7683615819209,-98.17880794701986,93.26039387308532,58.503118503118515,-0.41514041514041367,2.5716385011021305,0.22279814293110956,-1.8392429646748838,1.5247923436651631,1.5308975183934836,2.6307770512238746,-0.483203948183977,0.09510680884890975,-1.8392429646748838,1.5232429223704418,1.533980787885641,2.6353789935875316,-0.483203948183977
24060.155998213,3597147943,333,332,1,0,10,65.28081100259442,-40,63,13.822975517890782,-98.17880794701986,93.26039387308532,58.503118503118515,-0.41514041514041367,2.5716385011021305,0.24221932191566264,-1.8392429646748838,1.5247923436651631,1.5308975183934836,2.6307770512238746,-0.483203948183977,0.17794177139473438,-1.8392429646748838,1.5232429223704418,1.533980787885641,2.6353789935875316,-0.483203948183977
24060.256180324,3597147943,336,335,1,0,9,65.33259199932218,-42,63,11.78907721280602,-98.17880794701986,93.26039387308532,58.503118503118515,-0.12210012210012167,2.5716385011021305,0.2047641910168823,-1.8392429646748838,1.5247923436651631,1.5308975183934836,2.6399809359511885,-0.483203948183977,0.2055534255766759,-1.8392429646748838,1.5232429223704418,1.533980787885641,2.6353789935875316,-0.483203948183977
24060.356090924,3597147943,339,338,1,0,9,65.05528200068511,-42,63,8.39924670433146,-98.17880794701986,93.26039387308532,58.66943866943868,-0.024420024420024333,2.5716385011021305,0.14233897285224772,-1.8392429646748838,1.5247923436651631,1.533980787885641,2.6430488975269597,-0.483203948183977,0.22089323345553233,-1.8392429646748838,1.5232429223704418,1.533980787885641,2.6353789935875316,-0.483203948183977
24060.455999576,3597147943,342,341,1,0,9,65.27120800092234,-42,63,5.4613935969868095,-98.17880794701986,93.26039387308532,58.66943866943868,0.024420024420024333,2.5716385011021305,0.08823711710956458,-1.8392429646748838,1.5247923436651631,1.533980787885641,2.6445828783148455,-0.483203948183977,0.17794177139473438,-1.8392429646748838,1.5232429223704418,1.533980787885641,2.6369129743754174,-0.483203948183977
24060.556039998,3597147943,345,344,1,0,10,65.25021500056027,-42,63,4.105461393596983,-98.17880794701986,93.26039387308532,58.66943866943868,0.024420024420024333,2.5716385011021305,0.06326702984371103,-1.8392429646748838,1.5247923436651631,1.533980787885641,2.6445828783148455,-0.483203948183977,0.11965050145508001,-1.8392429646748838,1.5232429223704418,1.533980787885641,2.6369129743754174,-0.483203948183977
24060.656070005,3597147943,348,347,1,0,10,65.24086399804219,-42,63,3.879472693032014,-98.17880794701986,93.26039387308532,58.66943866943868,0.024420024420024333,2.5716385011021305,0.05910534863273567,-1.8392429646748838,1.5247923436651631,1.533980787885641,2.6445828783148455,-0.483203948183977,0.08436894333371027,-1.8392429646748838,1.5232429223704418,1.533980787885641,2.6369129743754174,-0.483203948183977
24060.756047508,3597147943,351,350,1,0,9,65.23551300051622,-42,63,3.879472693032014,-98.17880794701986,93.26039387308532,58.66943866943868,0.024420024420024333,2.5716385011021305,0.05910534863273567,-1.8392429646748838,1.5247923436651631,1.533980787885641,2.6445828783148455,-0.483203948183977,0.06902913545485385,-1.8392429646748838,1.5232429223704418,1.533980787885641,2.6369129743754174,-0.483203948183977
24060.855944786,3597147943,354,353,1,0,9,65.04367299930891,-42,63,3.879472693032014,-98.17880794701986,93.26039387308532,58.66943866943868,0.024420024420024333,2.5716385011021305,0.05910534863273567,-1.8392429646748838,1.5247923436651631,1.533980787885641,2.6445828783148455,-0.483203948183977,0.0674951546669682,-1.8392429646748838,1.5232429223704418,1.533980787885641,2.6369129743754174,-0.483203948183977
24060.956019914,3597147943,357,356,1,0,9,65.12844200187828,-42,63,3.879472693032014,-98.17880794701986,93.26039387308532,58.66943866943868,0.024420024420024333,2.5716385011021305,0.05910534863273567,-1.8392429646748838,1.5247923436651631,1.533980787885641,2.6445828783148455,-0.483203948183977,0.0674951546669682,-1.8392429646748838,1.5232429223704418,1.533980787885641,2.6369129743754174,-0.483203948183977
24061.056115743,3597147943,360,359,1,0,9,65.09195599937811,-42,63,3.879472693032014,-98.17880794701986,93.26039387308532,58.66943866943868,0.024420024420024333,2.5716385011021305,0.05910534863273567,-1.8392429646748838,1.5247923436651631,1.533980787885641,2.6445828783148455,-0.483203948183977,0.0674951546669682,-1.8392429646748838,1.5232429223704418,1.533980787885641,2.6369129743754174,-0.483203948183977
24061.156050991,3597147943,363,362,1,0,9,65.24090899984003,-42,63,3.879472693032014,-98.17880794701986,93.26039387308532,58.66943866943868,0.024420024420024333,2.5716385011021305,0.05910534863273567,-1.8392429646748838,1.5247923436651631,1.533980787885641,2.6445828783148455,-0.483203948183977,0.0674951546669682,-1.8392429646748838,1.5232429223704418,1.533980787885641,2.6369129743754174,-0.483203948183977
24061.256142241,3597147943,366,365,1,0,9,65.52817899864749,-42,63,3.879472693032014,-98.17880794701986,93.26039387308532,58.66943866943868,0.024420024420024333,2.5716385011021305,0.05910534863273567,-1.8392429646748838,1.5247923436651631,1.533980787885641,2.6445828783148455,-0.483203948183977,0.0674951546669682,-1.8392429646748838,1.5232429223704418,1.533980787885641,2.6369129743754174,-0.483203948183977
24061.356012745,3597147943,369,368,1,0,10,65.33096400016802,-42,63,3.879472693032014,-98.17880794701986,93.26039387308532,58.66943866943868,0.024420024420024333,2.5716385011021305,0.05910534863273567,-1.8392429646748838,1.5247923436651631,1.533980787885641,2.6445828783148455,-0.483203948183977,0.0674951546669682,-1.8392429646748838,1.5232429223704418,1.533980787885641,2.6369129743754174,-0.483203948183977
24061.456188159,3597147943,372,371,1,0,9,65.56557499789051,-42,63,3.879472693032014,-98.17880794701986,93.26039387308532,58.66943866943868,0.024420024420024333,2.5716385011021305,0.05910534863273567,-1.8392429646748838,1.5247923436651631,1.533980787885641,2.6445828783148455,-0.483203948183977,0.0674951546669682,-1.8392429646748838,1.5232429223704418,1.533980787885641,2.6369129743754174,-0.483203948183977
24061.556210707,3597147943,375,374,1,0,9,65.3580999969563,-42,63,3.879472693032014,-98.17880794701986,93.26039387308532,58.66943866943868,0.024420024420024333,2.5716385011021305,0.05910534863273567,-1.8392429646748838,1.5247923436651631,1.533980787885641,2.6445828783148455,-0.483203948183977,0.0674951546669682,-1.8392429646748838,1.5232429223704418,1.533980787885641,2.6369129743754174,-0.483203948183977
24061.656172917,3597147943,378,377,1,0,10,65.47665399921243,-42,63,3.879472693032014,-98.17880794701986,93.26039387308532,58.66943866943868,0.024420024420024333,2.5716385011021305,0.05910534863273567,-1.8392429646748838,1.5247923436651631,1.533980787885641,2.6445828783148455,-0.483203948183977,0.0674951546669682,-1.8392429646748838,1.5232429223704418,1.533980787885641,2.6369129743754174,-0.483203948183977
24061.756171327,3597147943,381,380,1,0,9,65.18031100131338,-42,63,3.879472693032014,-98.17880794701986,93.26039387308532,58.66943866943868,0.024420024420024333,2.5716385011021305,0.05910534863273567,-1.8392429646748838,1.5247923436651631,1.533980787885641,2.6445828783148455,-0.483203948183977,0.0674951546669682,-1.8392429646748838,1.5232429223704418,1.533980787885641,2.6369129743754174,-0.483203948183977
24061.85629142,3597147943,384,383,1,0,8,65.29580099959276,-42,63,3.879472693032014,-98.17880794701986,93.26039387308532,58.66943866943868,0.024420024420024333,2.5716385011021305,0.05910534863273567,-1.8392429646748838,1.5247923436651631,1.533980787885641,2.6445828783148455,-0.483203948183977,0.0674951546669682,-1.8392429646748838,1.5232429223704418,1.533980787885641,2.6369129743754174,-0.483203948183977
24061.956111425,3597147943,387,386,1,0,9,65.24177199753467,-42,63,3.879472693032014,-98.17880794701986,93.26039387308532,58.66943866943868,0.024420024420024333,2.5716385011021305,0.05910534863273567,-1.8392429646748838,1.5247923436651631,1.533980787885641,2.6445828783148455,-0.483203948183977,0.0674951546669682,-1.8392429646748838,1.5232429223704418,1.533980787885641,2.6369129743754174,-0.483203948183977
24062.056106259,3597147943,390,389,1,0,9,65.43550599963055,-42,63,3.879472693032014,-98.17880794701986,93.26039387308532,58.66943866943868,0.024420024420024333,2.5716385011021305,0.05910534863273567,-1.8392429646748838,1.5247923436651631,1.533980787885641,2.6445828783148455,-0.483203948183977,0.0674951546669682,-1.8392429646748838,1.5232429223704418,1.533980787885641,2.6369129743754174,-0.483203948183977
24062.156136405,3597147943,393,392,1,0,9,65.44991900227615,-42,63,3.879472693032014,-98.17880794701986,93.26039387308532,58.66943866943868,0.024420024420024333,2.5716385011021305,0.05910534863273567,-1.8392429646748838,1.5247923436651631,1.533980787885641,2.6445828783148455,-0.483203948183977,0.0674951546669682,-1.8392429646748838,1.5232429223704418,1.533980787885641,2.6369129743754174,-0.483203948183977
24062.256133832,3597147943,396,395,1,0,10,65.36385300205438,-42,63,3.879472693032014,-98.17880794701986,93.26039387308532,58.66943866943868,0.024420024420024333,2.5716385011021305,0.05910534863273567,-1.8392429646748838,1.5247923436651631,1.533980787885641,2.6445828783148455,-0.483203948183977,0.0674951546669682,-1.8392429646748838,1.5232429223704418,1.533980787885641,2.6369129743754174,-0.483203948183977
24062.356031639,3597147943,399,398,1,0,9,65.31959799758624,-42,63,3.879472693032014,-98.17880794701986,93.26039387308532,58.66943866943868,0.024420024420024333,2.5716385011021305,0.05910534863273567,-1.8392429646748838,1.5247923436651631,1.533980787885641,2.6445828783148455,-0.483203948183977,0.0674951546669682,-1.8392429646748838,1.5232429223704418,1.533980787885641,2.6369129743754174,-0.483203948183977
24062.456209883,3597147943,402,401,1,0,10,65.55683799888357,-42,63,3.879472693032014,-98.17880794701986,93.26039387308532,58.66943866943868,0.024420024420024333,2.5716385011021305,0.05910534863273567,-1.8392429646748838,1.5247923436651631,1.533980787885641,2.6445828783148455,-0.483203948183977,0.0674951546669682,-1.8392429646748838,1.5232429223704418,1.533980787885641,2.6369129743754174,-0.483203948183977
24062.556132736,3597147943,405,404,1,0,10,65.31163900217507,-42,63,3.879472693032014,-98.17880794701986,93.26039387308532,58.66943866943868,0.024420024420024333,2.5716385011021305,0.05910534863273567,-1.8392429646748838,1.5247923436651631,1.533980787885641,2.6445828783148455,-0.483203948183977,0.0674951546669682,-1.8392429646748838,1.5232429223704418,1.533980787885641,2.6369129743754174,-0.483203948183977
24062.656103883,3597147943,408,407,1,0,9,65.24265199914225,-42,63,3.879472693032014,-98.17880794701986,93.26039387308532,58.66943866943868,0.024420024420024333,2.5716385011021305,0.05910534863273567,-1.8392429646748838,1.5247923436651631,1.533980787885641,2.6445828783148455,-0.483203948183977,0.0674951546669682,-1.8392429646748838,1.5232429223704418,1.533980787885641,2.6369129743754174,-0.483203948183977
24062.756130191,3597147943,411,410,1,0,10,65.30803400164586,-42,63,3.879472693032014,-98.17880794701986,93.26039387308532,58.66943866943868,0.024420024420024333,2.5716385011021305,0.05910534863273567,-1.8392429646748838,1.5247923436651631,1.533980787885641,2.6445828783148455,-0.483203948183977,0.0674951546669682,-1.8392429646748838,1.5232429223704418,1.533980787885641,2.6369129743754174,-0.483203948183977
24062.856109054,3597147943,414,413,1,0,9,65.33631600177614,-42,63,3.879472693032014,-98.17880794701986,93.26039387308532,58.66943866943868,0.024420024420024333,2.5716385011021305,0.05910534863273567,-1.8392429646748838,1.5247923436651631,1.533980787885641,2.6445828783148455,-0.483203948183977,0.0674951546669682,-1.8392429646748838,1.5232429223704418,1.533980787885641,2.6369129743754174,-0.483203948183977
24062.956111163,3597147943,417,415,1,0,47,98.4631619976426,-42,63,3.879472693032014,-98.17880794701986,93.26039387308532,58.66943866943868,0.024420024420024333,2.5716385011021305,0.05910534863273567,-1.8392429646748838,1.5247923436651631,1.533980787885641,2.6445828783148455,-0.483203948183977,0.0674951546669682,-1.8392429646748838,1.5232429223704418,1.533980787885641,2.6369129743754174,-0.483203948183977
24063.056010132,3597147943,420,419,1,0,12,65.22610999672906,-42,63,3.879472693032014,-98.17880794701986,93.26039387308532,58.66943866943868,0.024420024420024333,2.5716385011021305,0.05910534863273567,-1.8392429646748838,1.5247923436651631,1.533980787885641,2.6445828783148455,-0.483203948183977,0.0674951546669682,-1.8392429646748838,1.5232429223704418,1.533980787885641,2.6369129743754174,-0.483203948183977
24063.156060189,3597147943,423,422,1,0,9,65.41942700278014,-42,63,3.879472693032014,-98.17880794701986,93.26039387308532,58.66943866943868,0.024420024420024333,2.5716385011021305,0.05910534863273567,-1.8392429646748838,1.5247923436651631,1.533980787885641,2.6445828783148455,-0.483203948183977,0.0674951546669682,-1.8392429646748838,1.5232429223704418,1.533980787885641,2.6369129743754174,-0.483203948183977
24063.256021678,3597147943,426,425,1,0,11,65.25662599960924,-42,63,3.879472693032014,-98.17880794701986,93.26039387308532,58.66943866943868,0.024420024420024333,2.5716385011021305,0.05910534863273567,-1.8392429646748838,1.5247923436651631,1.533980787885641,2.6445828783148455,-0.483203948183977,0.0674951546669682,-1.8392429646748838,1.5232429223704418,1.533980787885641,2.6369129743754174,-0.483203948183977
24063.356117443,3597147943,429,428,1,0,10,65.2457609976409,-42,63,3.879472693032014,-98.17880794701986,93.26039387308532,58.66943866943868,0.024420024420024333,2.5716385011021305,0.05910534863273567,-1.8392429646748838,1.5247923436651631,1.533980787885641,2.6445828783148455,-0.483203948183977,0.0674951546669682,-1.8392429646748838,1.5232429223704418,1.533980787885641,2.6369129743754174,-0.483203948183977
24063.45605915,3597147943,432,431,1,0,9,65.13752399769146,-42,63,3.879472693032014,-98.17880794701986,93.26039387308532,58.66943866943868,0.024420024420024333,2.5716385011021305,0.05910534863273567,-1.8392429646748838,1.5247923436651631,1.533980787885641,2.6445828783148455,-0.483203948183977,0.0674951546669682,-1.8392429646748838,1.5232429223704418,1.533980787885641,2.6369129743754174,-0.483203948183977
24063.556237109,3597147943,435,434,1,0,9,65.39508800051408,-42,63,3.879472693032014,-98.17880794701986,93.26039387308532,58.66943866943868,0.024420024420024333,2.5716385011021305,0.05910534863273567,-1.8392429646748838,1.5247923436651631,1.533980787885641,2.6445828783148455,-0.483203948183977,0.0674951546669682,-1.8392429646748838,1.5232429223704418,1.533980787885641,2.6369129743754174,-0.483203948183977
24063.656138795,3597147943,438,437,1,0,9,65.22336099806125,-42,63,3.879472693032014,-98.17880794701986,93.26039387308532,58.66943866943868,0.024420024420024333,2.5716385011021305,0.05910534863273567,-1.8392429646748838,1.5247923436651631,1.533980787885641,2.6445828783148455,-0.483203948183977,0.0674951546669682,-1.8392429646748838,1.5232429223704418,1.533980787885641,2.6369129743754174,-0.483203948183977
24063.75621834,3597147943,441,440,1,0,9,65.42256899774657,-42,63,3.879472693032014,-98.17880794701986,93.26039387308532,58.66943866943868,0.024420024420024333,2.5716385011021305,0.05910534863273567,-1.8392429646748838,1.5247923436651631,1.533980787885641,2.6445828783148455,-0.483203948183977,0.0674951546669682,-1.8392429646748838,1.5232429223704418,1.533980787885641,2.6369129743754174,-0.483203948183977
24063.856137184,3597147943,444,443,1,0,9,65.07258300189278,-42,63,3.879472693032014,-98.17880794701986,93.26039387308532,58.66943866943868,0.024420024420024333,2.5716385011021305,0.05910534863273567,-1.8392429646748838,1.5247923436651631,1.533980787885641,2.6445828783148455,-0.483203948183977,0.0674951546669682,-1.8392429646748838,1.5232429223704418,1.533980787885641,2.6369129743754174,-0.483203948183977
24063.956186359,3597147943,447,446,1,0,3,65.28912300200318,-42,63,3.879472693032014,-98.17880794701986,93.26039387308532,58.66943866943868,0.024420024420024333,2.5716385011021305,0.05910534863273567,-1.8392429646748838,1.5247923436651631,1.533980787885641,2.6445828783148455,-0.483203948183977,0.0674951546669682,-1.8392429646748838,1.5232429223704418,1.533980787885641,2.6369129743754174,-0.483203948183977
24064.056268084,3597147943,450,449,1,0,9,65.43203000182984,-42,63,3.879472693032014,-98.17880794701986,93.26039387308532,58.66943866943868,0.024420024420024333,2.5716385011021305,0.05910534863273567,-1.8392429646748838,1.5247923436651631,1.533980787885641,2.6445828783148455,-0.483203948183977,0.0674951546669682,-1.8392429646748838,1.5232429223704418,1.533980787885641,2.6369129743754174,-0.483203948183977
24064.156072304,3597147943,453,452,1,0,9,65.31482599893934,-42,63,3.879472693032014,-98.17880794701986,93.26039387308532,58.66943866943868,0.024420024420024333,2.5716385011021305,0.05910534863273567,-1.8392429646748838,1.5247923436651631,1.533980787885641,2.6445828783148455,-0.483203948183977,0.0674951546669682,-1.8392429646748838,1.5232429223704418,1.533980787885641,2.6369129743754174,-0.483203948183977
24064.256199347,3597147943,456,455,1,0,9,65.28650900145294,-42,63,3.879472693032014,-98.17880794701986,93.26039387308532,58.66943866943868,0.024420024420024333,2.5716385011021305,0.05910534863273567,-1.8392429646748838,1.5247923436651631,1.533980787885641,2.6445828783148455,-0.483203948183977,0.0674951546669682,-1.8392429646748838,1.5232429223704418,1.533980787885641,2.6369129743754174,-0.483203948183977
24064.356287933,3597147943,459,458,1,0,3,65.42178699965007,-42,63,3.879472693032014,-98.17880794701986,93.26039387308532,58.66943866943868,0.024420024420024333,2.5716385011021305,0.05910534863273567,-1.8392429646748838,1.5247923436651631,1.533980787885641,2.6445828783148455,-0.483203948183977,0.0674951546669682,-1.8392429646748838,1.5232429223704418,1.533980787885641,2.6369129743754174,-0.483203948183977
24064.456012683,3597147943,462,461,1,0,9,64.89311400218867,-42,63,3.879472693032014,-98.17880794701986,93.26039387308532,58.66943866943868,0.024420024420024333,2.5716385011021305,0.05910534863273567,-1.8392429646748838,1.5247923436651631,1.533980787885641,2.6445828783148455,-0.483203948183977,0.0674951546669682,-1.8392429646748838,1.5232429223704418,1.533980787885641,2.6369129743754174,-0.483203948183977
24064.555993765,3597147943,465,464,1,0,9,65.15459599904716,-42,63,3.879472693032014,-98.17880794701986,93.26039387308532,58.66943866943868,0.024420024420024333,2.5716385011021305,0.05910534863273567,-1.8392429646748838,1.5247923436651631,1.533980787885641,2.6445828783148455,-0.483203948183977,0.0674951546669682,-1.8392429646748838,1.5232429223704418,1.533980787885641,2.6369129743754174,-0.483203948183977
24064.656074189,3597147943,468,467,1,0,9,65.19713300076546,-42,63,3.879472693032014,-98.17880794701986,93.26039387308532,58.66943866943868,0.024420024420024333,2.5716385011021305,0.05910534863273567,-1.8392429646748838,1.5247923436651631,1.533980787885641,2.6445828783148455,-0.483203948183977,0.0674951546669682,-1.8392429646748838,1.5232429223704418,1.533980787885641,2.6369129743754174,-0.483203948183977
24064.756022635,3597147943,471,470,1,0,10,65.1401880022604,-41,63,3.879472693032014,-98.17880794701986,93.26039387308532,58.66943866943868,0.024420024420024333,2.5716385011021305,0.05910534863273567,-1.8392429646748838,1.5247923436651631,1.533980787885641,2.6445828783148455,-0.483203948183977,0.0674951546669682,-1.8392429646748838,1.5232429223704418,1.533980787885641,2.6369129743754174,-0.483203948183977
24064.856123401,3597147943,474,473,1,0,9,65.27086799906101,-41,63,3.879472693032014,-98.17880794701986,93.26039387308532,58.66943866943868,0.024420024420024333,2.5716385011021305,0.05910534863273567,-1.8392429646748838,1.5247923436651631,1.533980787885641,2.6445828783148455,-0.483203948183977,0.0674951546669682,-1.8392429646748838,1.5232429223704418,1.533980787885641,2.6369129743754174,-0.483203948183977
24064.956316596,3597147943,477,476,1,0,9,65.11178399887285,-41,63,3.879472693032014,-98.17880794701986,93.26039387308532,58.66943866943868,0.024420024420024333,2.5716385011021305,0.05910534863273567,-1.8392429646748838,1.5247923436651631,1.533980787885641,2.6445828783148455,-0.483203948183977,0.0674951546669682,-1.8392429646748838,1.5232429223704418,1.533980787885641,2.6369129743754174,-0.483203948183977
24065.055945155,3597147943,480,479,1,0,9,64.66728500163299,-41,63,3.879472693032014,-98.17880794701986,93.26039387308532,58.66943866943868,0.024420024420024333,2.5716385011021305,0.05910534863273567,-1.8392429646748838,1.5247923436651631,1.533980787885641,2.6445828783148455,-0.483203948183977,0.0674951546669682,-1.8392429646748838,1.5232429223704418,1.533980787885641,2.6369129743754174,-0.483203948183977
24065.156292884,3597147943,483,482,1,0,9,65.32678199801012,-41,63,3.879472693032014,-98.17880794701986,93.26039387308532,58.66943866943868,0.024420024420024333,2.5716385011021305,0.05910534863273567,-1.8392429646748838,1.5247923436651631,1.533980787885641,2.6445828783148455,-0.483203948183977,0.0674951546669682,-1.8392429646748838,1.5232429223704418,1.533980787885641,2.6369129743754174,-0.483203948183977
24065.256183401,3597147943,486,485,1,0,10,65.01559500247822,-41,63,3.879472693032014,-98.17880794701986,93.26039387308532,58.66943866943868,0.024420024420024333,2.5716385011021305,0.05910534863273567,-1.8392429646748838,1.5247923436651631,1.533980787885641,2.6445828783148455,-0.483203948183977,0.0674951546669682,-1.8392429646748838,1.5232429223704418,1.533980787885641,2.6369129743754174,-0.483203948183977
24065.356078797,3597147943,489,488,1,0,12,65.0565239993739,-41,63,3.879472693032014,-98.17880794701986,93.26039387308532,58.66943866943868,0.024420024420024333,2.5716385011021305,0.05910534863273567,-1.8392429646748838,1.5247923436651631,1.533980787885641,2.6445828783148455,-0.483203948183977,0.0674951546669682,-1.8392429646748838,1.5232429223704418,1.533980787885641,2.6369129743754174,-0.483203948183977
24065.456131121,3597147943,492,491,1,0,9,64.76838400340057,-41,63,3.879472693032014,-98.17880794701986,93.26039387308532,58.66943866943868,0.024420024420024333,2.5716385011021305,0.05910534863273567,-1.8392429646748838,1.5247923436651631,1.533980787885641,2.6445828783148455,-0.483203948183977,0.0674951546669682,-1.8392429646748838,1.5232429223704418,1.533980787885641,2.6369129743754174,-0.483203948183977
24065.55629078,3597147943,495,494,1,0,3,65.10593300117762,-41,63,3.879472693032014,-98.17880794701986,93.26039387308532,58.66943866943868,0.024420024420024333,2.5716385011021305,0.05910534863273567,-1.8392429646748838,1.5247923436651631,1.533980787885641,2.6445828783148455,-0.483203948183977,0.0674951546669682,-1.8392429646748838,1.5232429223704418,1.533980787885641,2.6369129743754174,-0.483203948183977
24065.656279321,3597147943,498,496,1,0,41,98.21468400332378,-41,63,3.879472693032014,-98.17880794701986,93.26039387308532,58.66943866943868,0.024420024420024333,2.5716385011021305,0.05910534863273567,-1.8392429646748838,1.5247923436651631,1.533980787885641,2.6445828783148455,-0.483203948183977,0.0674951546669682,-1.8392429646748838,1.5232429223704418,1.533980787885641,2.6369129743754174,-0.483203948183977
24065.756129579,3597147943,501,500,1,0,12,64.90043200028595,-41,63,3.879472693032014,-98.17880794701986,93.26039387308532,58.66943866943868,0.024420024420024333,2.5716385011021305,0.05910534863273567,-1.8392429646748838,1.5247923436651631,1.533980787885641,2.6445828783148455,-0.483203948183977,0.0674951546669682,-1.8392429646748838,1.5232429223704418,1.533980787885641,2.6369129743754174,-0.483203948183977
24065.856165962,3597147943,504,503,1,0,9,65.29336099993088,-37,63,3.879472693032014,-98.17880794701986,93.26039387308532,58.66943866943868,0.024420024420024333,2.5716385011021305,0.05910534863273567,-1.8392429646748838,1.5247923436651631,1.533980787885641,2.6445828783148455,-0.483203948183977,0.0674951546669682,-1.8392429646748838,1.5232429223704418,1.533980787885641,2.6369129743754174,-0.483203948183977
24065.956251424,3597147943,507,506,1,0,9,65.3520390005724,-37,63,3.879472693032014,-98.17880794701986,93.26039387308532,58.66943866943868,0.024420024420024333,2.5716385011021305,0.05910534863273567,-1.8392429646748838,1.5247923436651631,1.533980787885641,2.6445828783148455,-0.483203948183977,0.0674951546669682,-1.8392429646748838,1.5232429223704418,1.533980787885641,2.6369129743754174,-0.483203948183977
24066.056321816,3597147943,510,509,1,0,9,65.44295099956798,-37,63,3.879472693032014,-98.17880794701986,93.26039387308532,58.66943866943868,0.024420024420024333,2.5716385011021305,0.05910534863273567,-1.8392429646748838,1.5247923436651631,1.533980787885641,2.6445828783148455,-0.483203948183977,0.0674951546669682,-1.8392429646748838,1.5232429223704418,1.533980787885641,2.6369129743754174,-0.483203948183977
24066.156183854,3597147943,513,512,1,0,9,65.2199500000279,-37,63,3.879472693032014,-98.17880794701986,93.26039387308532,58.66943866943868,0.024420024420024333,2.5716385011021305,0.05910534863273567,-1.8392429646748838,1.5247923436651631,1.533980787885641,2.6445828783148455,-0.483203948183977,0.0674951546669682,-1.8392429646748838,1.5232429223704418,1.533980787885641,2.6369129743754174,-0.483203948183977
24066.255997984,3597147943,516,515,1,0,10,65.25612399855163,-37,63,3.879472693032014,-98.17880794701986,93.26039387308532,58.66943866943868,0.024420024420024333,2.5716385011021305,0.05910534863273567,-1.8392429646748838,1.5247923436651631,1.533980787885641,2.6445828783148455,-0.483203948183977,0.0674951546669682,-1.8392429646748838,1.5232429223704418,1.533980787885641,2.6369129743754174,-0.483203948183977
24066.356104551,3597147943,519,518,1,0,12,65.2528459977475,-37,63,3.879472693032014,-98.17880794701986,93.26039387308532,58.66943866943868,0.024420024420024333,2.5716385011021305,0.05910534863273567,-1.8392429646748838,1.5247923436651631,1.533980787885641,2.6445828783148455,-0.483203948183977,0.0674951546669682,-1.8392429646748838,1.5232429223704418,1.533980787885641,2.6369129743754174,-0.483203948183977
24066.456136875,3597147943,522,521,1,0,10,65.21631499708747,-37,63,3.879472693032014,-98.17880794701986,93.26039387308532,58.66943866943868,0.024420024420024333,2.5716385011021305,0.05910534863273567,-1.8392429646748838,1.5247923436651631,1.533980787885641,2.6445828783148455,-0.483203948183977,0.0674951546669682,-1.8392429646748838,1.5232429223704418,1.533980787885641,2.6369129743754174,-0.483203948183977
24066.55610255,3597147943,525,524,1,0,10,65.3872520015284,-37,63,3.879472693032014,-98.17880794701986,93.26039387308532,58.66943866943868,0.024420024420024333,2.5716385011021305,0.05910534863273567,-1.8392429646748838,1.5247923436651631,1.533980787885641,2.6445828783148455,-0.483203948183977,0.0674951546669682,-1.8392429646748838,1.5232429223704418,1.533980787885641,2.6369129743754174,-0.483203948183977
24066.656115015,3597147943,528,527,1,0,9,65.3231299984327,-37,63,3.879472693032014,-98.17880794701986,93.26039387308532,58.66943866943868,0.024420024420024333,2.5716385011021305,0.05910534863273567,-1.8392429646748838,1.5247923436651631,1.533980787885641,2.6445828783148455,-0.483203948183977,0.0674951546669682,-1.8392429646748838,1.5232429223704418,1.533980787885641,2.6369129743754174,-0.483203948183977
24066.756135777,3597147943,531,530,1,0,9,65.32347800020943,-37,63,3.879472693032014,-98.17880794701986,93.26039387308532,58.66943866943868,0.024420024420024333,2.5716385011021305,0.05910534863273567,-1.8392429646748838,1.5247923436651631,1.533980787885641,2.6445828783148455,-0.483203948183977,0.0674951546669682,-1.8392429646748838,1.5232429223704418,1.533980787885641,2.6369129743754174,-0.483203948183977
24066.856271238,3597147943,534,533,1,0,9,65.51825899805408,-37,63,3.879472693032014,-98.17880794701986,93.26039387308532,58.66943866943868,0.024420024420024333,2.5716385011021305,0.05910534863273567,-1.8392429646748838,1.5247923436651631,1.533980787885641,2.6445828783148455,-0.483203948183977,0.0674951546669682,-1.8392429646748838,1.5232429223704418,1.533980787885641,2.6369129743754174,-0.483203948183977
24066.956180774,3597147943,537,536,1,0,9,65.2018090004276,-37,63,3.879472693032014,-98.17880794701986,93.26039387308532,58.66943866943868,0.024420024420024333,2.5716385011021305,0.05910534863273567,-1.8392429646748838,1.5247923436651631,1.533980787885641,2.6445828783148455,-0.483203948183977,0.0674951546669682,-1.8392429646748838,1.5232429223704418,1.533980787885641,2.6369129743754174,-0.483203948183977
24067.056113617,3597147943,540,539,1,0,9,65.25877300009597,-41,63,3.879472693032014,-98.17880794701986,93.26039387308532,58.66943866943868,0.024420024420024333,2.5716385011021305,0.05910534863273567,-1.8392429646748838,1.5247923436651631,1.533980787885641,2.6445828783148455,-0.483203948183977,0.0674951546669682,-1.8392429646748838,1.5232429223704418,1.533980787885641,2.6369129743754174,-0.483203948183977
24067.156080739,3597147943,543,542,1,0,9,65.17182699826662,-41,63,3.879472693032014,-98.17880794701986,93.26039387308532,58.66943866943868,0.024420024420024333,2.5716385011021305,0.05910534863273567,-1.8392429646748838,1.5247923436651631,1.533980787885641,2.6445828783148455,-0.483203948183977,0.0674951546669682,-1.8392429646748838,1.5232429223704418,1.533980787885641,2.6369129743754174,-0.483203948183977
24067.25611132,3597147943,546,545,1,0,9,65.42851099948166,-41,63,3.879472693032014,-98.17880794701986,93.26039387308532,58.66943866943868,0.024420024420024333,2.5716385011021305,0.05910534863273567,-1.8392429646748838,1.5247923436651631,1.533980787885641,2.6445828783148455,-0.483203948183977,0.0674951546669682,-1.8392429646748838,1.5232429223704418,1.533980787885641,2.6369129743754174,-0.483203948183977
24067.356123785,3597147943,549,548,1,0,3,65.44853400191641,-41,63,3.879472693032014,-98.17880794701986,93.26039387308532,58.66943866943868,0.024420024420024333,2.5716385011021305,0.05910534863273567,-1.8392429646748838,1.5247923436651631,1.533980787885641,2.6445828783148455,-0.483203948183977,0.0674951546669682,-1.8392429646748838,1.5232429223704418,1.533980787885641,2.6369129743754174,-0.483203948183977
24067.456028655,3597147943,552,551,1,0,9,64.99687700124923,-41,63,3.879472693032014,-98.17880794701986,93.26039387308532,58.66943866943868,0.024420024420024333,2.5716385011021305,0.05910534863273567,-1.8392429646748838,1.5247923436651631,1.533980787885641,2.6445828783148455,-0.483203948183977,0.0674951546669682,-1.8392429646748838,1.5232429223704418,1.533980787885641,2.6369129743754174,-0.483203948183977
24067.556079801,3597147943,555,554,1,0,9,65.25601599787478,-41,63,3.879472693032014,-98.17880794701986,93.26039387308532,58.66943866943868,0.024420024420024333,2.5716385011021305,0.05910534863273567,-1.8392429646748838,1.5247923436651631,1.533980787885641,2.6445828783148455,-0.483203948183977,0.0674951546669682,-1.8392429646748838,1.5232429223704418,1.533980787885641,2.6369129743754174,-0.483203948183977
24067.656005683,3597147943,558,557,1,0,12,65.22296799812466,-41,63,3.879472693032014,-98.17880794701986,93.26039387308532,58.66943866943868,0.024420024420024333,2.5716385011021305,0.05910534863273567,-1.8392429646748838,1.5247923436651631,1.533980787885641,2.6445828783148455,-0.483203948183977,0.0674951546669682,-1.8392429646748838,1.5232429223704418,1.533980787885641,2.6369129743754174,-0.483203948183977
24067.756044589,3597147943,561,560,1,0,9,65.29092799974023,-41,63,3.879472693032014,-98.17880794701986,93.26039387308532,58.66943866943868,0.024420024420024333,2.5716385011021305,0.05910534863273567,-1.8392429646748838,1.5247923436651631,1.533980787885641,2.6445828783148455,-0.483203948183977,0.0674951546669682,-1.8392429646748838,1.5232429223704418,1.533980787885641,2.6369129743754174,-0.483203948183977
24067.856056668,3597147943,564,563,1,0,12,65.24249200083432,-41,63,3.879472693032014,-98.17880794701986,93.26039387308532,58.66943866943868,0.024420024420024333,2.5716385011021305,0.05910534863273567,-1.8392429646748838,1.5247923436651631,1.533980787885641,2.6445828783148455,-0.483203948183977,0.0674951546669682,-1.8392429646748838,1.5232429223704418,1.533980787885641,2.6369129743754174,-0.483203948183977
24067.956123039,3597147943,567,566,1,0,8,65.34298000042327,-41,63,3.879472693032014,-98.17880794701986,93.26039387308532,58.66943866943868,0.024420024420024333,2.5716385011021305,0.05910534863273567,-1.8392429646748838,1.5247923436651631,1.533980787885641,2.6445828783148455,-0.483203948183977,0.0674951546669682,-1.8392429646748838,1.5232429223704418,1.533980787885641,2.6369129743754174,-0.483203948183977
24068.056126742,3597147943,570,569,1,0,10,64.94317800024874,-41,63,3.879472693032014,-98.17880794701986,93.26039387308532,58.66943866943868,0.024420024420024333,2.5716385011021305,0.05910534863273567,-1.8392429646748838,1.5247923436651631,1.533980787885641,2.6445828783148455,-0.483203948183977,0.0674951546669682,-1.8392429646748838,1.5232429223704418,1.533980787885641,2.6369129743754174,-0.483203948183977
24068.156097716,3597147943,573,572,1,0,9,65.27526300124009,-38,63,3.879472693032014,-98.17880794701986,93.26039387308532,58.66943866943868,0.024420024420024333,2.5716385011021305,0.05910534863273567,-1.8392429646748838,1.5247923436651631,1.533980787885641,2.6445828783148455,-0.483203948183977,0.0674951546669682,-1.8392429646748838,1.5232429223704418,1.533980787885641,2.6369129743754174,-0.483203948183977
24068.256161265,3597147943,576,575,1,0,8,65.1572370006761,-38,63,3.879472693032014,-98.17880794701986,93.26039387308532,58.66943866943868,0.024420024420024333,2.5716385011021305,0.05910534863273567,-1.8392429646748838,1.5247923436651631,1.533980787885641,2.6445828783148455,-0.483203948183977,0.0674951546669682,-1.8392429646748838,1.5232429223704418,1.533980787885641,2.6369129743754174,-0.483203948183977
24068.35610982,3597147943,579,577,1,0,45,98.34103600223898,-38,63,3.879472693032014,-98.17880794701986,93.26039387308532,58.66943866943868,0.024420024420024333,2.5716385011021305,0.05910534863273567,-1.8392429646748838,1.5247923436651631,1.533980787885641,2.6445828783148455,-0.483203948183977,0.0674951546669682,-1.8392429646748838,1.5232429223704418,1.533980787885641,2.6369129743754174,-0.483203948183977
24068.456047982,3597147943,582,581,1,0,9,65.21847099793376,-38,63,3.879472693032014,-98.17880794701986,93.26039387308532,58.66943866943868,0.024420024420024333,2.5716385011021305,0.05910534863273567,-1.8392429646748838,1.5247923436651631,1.533980787885641,2.6445828783148455,-0.483203948183977,0.0674951546669682,-1.8392429646748838,1.5232429223704418,1.533980787885641,2.6369129743754174,-0.483203948183977
24068.55606683,3597147943,585,584,1,0,10,65.28948699997272,-38,63,3.879472693032014,-98.17880794701986,93.26039387308532,58.66943866943868,0.024420024420024333,2.5716385011021305,0.05910534863273567,-1.8392429646748838,1.5247923436651631,1.533980787885641,2.6445828783148455,-0.483203948183977,0.0674951546669682,-1.8392429646748838,1.5232429223704418,1.533980787885641,2.6369129743754174,-0.483203948183977
24068.655970677,3597147943,588,587,1,0,10,65.18213900199044,-38,63,3.879472693032014,-98.17880794701986,93.26039387308532,58.66943866943868,0.024420024420024333,2.5716385011021305,0.05910534863273567,-1.8392429646748838,1.5247923436651631,1.533980787885641,2.6445828783148455,-0.483203948183977,0.0674951546669682,-1.8392429646748838,1.5232429223704418,1.533980787885641,2.6369129743754174,-0.483203948183977
24068.756028265,3597147943,591,590,1,0,9,65.1627240004018,-38,63,3.879472693032014,-98.17880794701986,93.26039387308532,58.66943866943868,0.024420024420024333,2.5716385011021305,0.05910534863273567,-1.8392429646748838,1.5247923436651631,1.533980787885641,2.6445828783148455,-0.483203948183977,0.0674951546669682,-1.8392429646748838,1.5232429223704418,1.533980787885641,2.6369129743754174,-0.483203948183977
24068.85602344,3597147943,594,593,1,0,9,65.24736000210396,-38,63,3.879472693032014,-98.17880794701986,93.26039387308532,58.66943866943868,0.024420024420024333,2.5716385011021305,0.05910534863273567,-1.8392429646748838,1.5247923436651631,1.533980787885641,2.6445828783148455,-0.483203948183977,0.0674951546669682,-1.8392429646748838,1.5232429223704418,1.533980787885641,2.6369129743754174,-0.483203948183977
24068.956087997,3597147943,597,596,1,0,13,65.08074999874225,-38,63,3.879472693032014,-98.17880794701986,93.26039387308532,58.66943866943868,0.024420024420024333,2.5716385011021305,0.05910534863273567,-1.8392429646748838,1.5247923436651631,1.533980787885641,2.6445828783148455,-0.483203948183977,0.0674951546669682,-1.8392429646748838,1.5232429223704418,1.533980787885641,2.6369129743754174,-0.483203948183977
24069.055963321,3597147943,600,599,1,0,9,64.99465099841473,-38,63,3.879472693032014,-98.17880794701986,93.26039387308532,58.66943866943868,0.024420024420024333,2.5716385011021305,0.05910534863273567,-1.8392429646748838,1.5247923436651631,1.533980787885641,2.6445828783148455,-0.483203948183977,0.0674951546669682,-1.8392429646748838,1.5232429223704418,1.533980787885641,2.6369129743754174,-0.483203948183977
24069.156100123,3597147943,603,602,1,0,9,65.25361099920701,-38,63,3.879472693032014,-98.17880794701986,93.26039387308532,58.66943866943868,0.024420024420024333,2.5716385011021305,0.05910534863273567,-1.8392429646748838,1.5247923436651631,1.533980787885641,2.6445828783148455,-0.483203948183977,0.0674951546669682,-1.8392429646748838,1.5232429223704418,1.533980787885641,2.6369129743754174,-0.483203948183977
24069.255971666,3597147943,606,605,1,0,10,65.13101700329571,-38,63,3.879472693032014,-98.17880794701986,93.26039387308532,58.66943866943868,0.024420024420024333,2.5716385011021305,0.05910534863273567,-1.8392429646748838,1.5247923436651631,1.533980787885641,2.6445828783148455,-0.483203948183977,0.0674951546669682,-1.8392429646748838,1.5232429223704418,1.533980787885641,2.6369129743754174,-0.483203948183977
24069.356210655,3597147943,609,608,1,0,3,65.49810700016678,-38,63,3.879472693032014,-98.17880794701986,93.26039387308532,58.66943866943868,0.024420024420024333,2.5716385011021305,0.05910534863273567,-1.8392429646748838,1.5247923436651631,1.533980787885641,2.6445828783148455,-0.483203948183977,0.0674951546669682,-1.8392429646748838,1.5232429223704418,1.533980787885641,2.6369129743754174,-0.483203948183977
24069.456082381,3597147943,612,611,1,0,9,65.30080399897997,-38,63,3.879472693032014,-98.17880794701986,93.26039387308532,58.66943866943868,0.024420024420024333,2.5716385011021305,0.05910534863273567,-1.8392429646748838,1.5247923436651631,1.533980787885641,2.6445828783148455,-0.483203948183977,0.0674951546669682,-1.8392429646748838,1.5232429223704418,1.533980787885641,2.6369129743754174,-0.483203948183977
24069.556073532,3597147943,615,614,1,0,9,65.24445499962894,-38,63,3.879472693032014,-98.17880794701986,93.26039387308532,58.66943866943868,0.024420024420024333,2.5716385011021305,0.05910534863273567,-1.8392429646748838,1.5247923436651631,1.533980787885641,2.6445828783148455,-0.483203948183977,0.0674951546669682,-1.8392429646748838,1.5232429223704418,1.533980787885641,2.6369129743754174,-0.483203948183977
24069.656009776,3597147943,618,617,1,0,3,65.22412299818825,-38,63,3.879472693032014,-98.17880794701986,93.26039387308532,58.66943866943868,0.024420024420024333,2.5716385011021305,0.05910534863273567,-1.8392429646748838,1.5247923436651631,1.533980787885641,2.6445828783148455,-0.483203948183977,0.0674951546669682,-1.8392429646748838,1.5232429223704418,1.533980787885641,2.6369129743754174,-0.483203948183977
24069.756030522,3597147943,621,620,1,0,3,65.30369399843039,-38,63,3.879472693032014,-98.17880794701986,93.26039387308532,58.66943866943868,0.024420024420024333,2.5716385011021305,0.05910534863273567,-1.8392429646748838,1.5247923436651631,1.533980787885641,2.6445828783148455,-0.483203948183977,0.0674951546669682,-1.8392429646748838,1.5232429223704418,1.533980787885641,2.6369129743754174,-0.483203948183977
24069.856116104,3597147943,624,623,1,0,9,65.32968300234643,-38,63,3.879472693032014,-98.17880794701986,93.26039387308532,58.66943866943868,0.024420024420024333,2.5716385011021305,0.05910534863273567,-1.8392429646748838,1.5247923436651631,1.533980787885641,2.6445828783148455,-0.483203948183977,0.0674951546669682,-1.8392429646748838,1.5232429223704418,1.533980787885641,2.6369129743754174,-0.483203948183977
24069.956007278,3597147943,627,626,1,0,9,65.27923100293265,-38,63,3.879472693032014,-98.17880794701986,93.26039387308532,58.66943866943868,0.024420024420024333,2.5716385011021305,0.05910534863273567,-1.8392429646748838,1.5247923436651631,1.533980787885641,2.6445828783148455,-0.483203948183977,0.0674951546669682,-1.8392429646748838,1.5232429223704418,1.533980787885641,2.6369129743754174,-0.483203948183977
24070.0561052,3597147943,630,629,1,0,10,65.3568109992193,-38,63,3.879472693032014,-98.17880794701986,93.26039387308532,58.66943866943868,0.024420024420024333,2.5716385011021305,0.05910534863273567,-1.8392429646748838,1.5247923436651631,1.533980787885641,2.6445828783148455,-0.483203948183977,0.0674951546669682,-1.8392429646748838,1.5232429223704418,1.533980787885641,2.6369129743754174,-0.483203948183977
24070.156056518,3597147943,633,632,1,0,9,65.36181599949487,-38,63,3.879472693032014,-98.17880794701986,93.26039387308532,58.66943866943868,0.024420024420024333,2.5716385011021305,0.05910534863273567,-1.8392429646748838,1.5247923436651631,1.533980787885641,2.6445828783148455,-0.483203948183977,0.0674951546669682,-1.8392429646748838,1.5232429223704418,1.533980787885641,2.6369129743754174,-0.483203948183977
24070.256096659,3597147943,636,635,1,0,9,65.20657799774199,-38,63,3.879472693032014,-98.17880794701986,93.26039387308532,58.66943866943868,0.024420024420024333,2.5716385011021305,0.05910534863273567,-1.8392429646748838,1.5247923436651631,1.533980787885641,2.6445828783148455,-0.483203948183977,0.0674951546669682,-1.8392429646748838,1.5232429223704418,1.533980787885641,2.6369129743754174,-0.483203948183977
24070.356291668,3597147943,639,638,1,0,8,65.55145799939055,-38,63,3.879472693032014,-98.17880794701986,93.26039387308532,58.66943866943868,0.024420024420024333,2.5716385011021305,0.05910534863273567,-1.8392429646748838,1.5247923436651631,1.533980787885641,2.6445828783148455,-0.483203948183977,0.0674951546669682,-1.8392429646748838,1.5232429223704418,1.533980787885641,2.6369129743754174,-0.483203948183977
24070.456055878,3597147943,642,641,1,0,9,65.2024490009353,-38,63,3.879472693032014,-98.17880794701986,93.26039387308532,58.66943866943868,0.024420024420024333,2.5716385011021305,0.05910534863273567,-1.8392429646748838,1.5247923436651631,1.533980787885641,2.6445828783148455,-0.483203948183977,0.0674951546669682,-1.8392429646748838,1.5232429223704418,1.533980787885641,2.6369129743754174,-0.483203948183977
24070.556067658,3597147943,645,644,1,0,8,65.22881300043082,-38,63,3.879472693032014,-98.17880794701986,93.26039387308532,58.66943866943868,0.024420024420024333,2.5716385011021305,0.05910534863273567,-1.8392429646748838,1.5247923436651631,1.533980787885641,2.6445828783148455,-0.483203948183977,0.0674951546669682,-1.8392429646748838,1.5232429223704418,1.533980787885641,2.6369129743754174,-0.483203948183977
24070.656069742,3597147943,648,647,1,0,9,65.26579099954688,-38,63,3.879472693032014,-98.17880794701986,93.26039387308532,58.66943866943868,0.024420024420024333,2.5716385011021305,0.05910534863273567,-1.8392429646748838,1.5247923436651631,1.533980787885641,2.6445828783148455,-0.483203948183977,0.0674951546669682,-1.8392429646748838,1.5232429223704418,1.533980787885641,2.6369129743754174,-0.483203948183977
24070.756027508,3597147943,651,650,1,0,9,65.21452399829286,-38,63,3.879472693032014,-98.17880794701986,93.26039387308532,58.66943866943868,0.024420024420024333,2.5716385011021305,0.05910534863273567,-1.8392429646748838,1.5247923436651631,1.533980787885641,2.6445828783148455,-0.483203948183977,0.0674951546669682,-1.8392429646748838,1.5232429223704418,1.533980787885641,2.6369129743754174,-0.483203948183977
24070.856030514,3597147943,654,653,1,0,3,65.22971699814661,-38,63,3.879472693032014,-98.17880794701986,93.26039387308532,58.66943866943868,0.024420024420024333,2.5716385011021305,0.05910534863273567,-1.8392429646748838,1.5247923436651631,1.533980787885641,2.6445828783148455,-0.483203948183977,0.0674951546669682,-1.8392429646748838,1.5232429223704418,1.533980787885641,2.6369129743754174,-0.483203948183977
24070.956169584,3597147943,657,656,1,0,10,65.3859440026281,-38,63,3.879472693032014,-98.17880794701986,93.26039387308532,58.66943866943868,0.024420024420024333,2.5716385011021305,0.05910534863273567,-1.8392429646748838,1.5247923436651631,1.533980787885641,2.6445828783148455,-0.483203948183977,0.0674951546669682,-1.8392429646748838,1.5232429223704418,1.533980787885641,2.6369129743754174,-0.483203948183977
24071.056123577,3597147943,660,659,1,0,7,65.42910400094115,-38,63,3.879472693032014,-98.17880794701986,93.26039387308532,58.66943866943868,0.024420024420024333,2.5716385011021305,0.05910534863273567,-1.8392429646748838,1.5247923436651631,1.533980787885641,2.6445828783148455,-0.483203948183977,0.0674951546669682,-1.8392429646748838,1.5232429223704418,1.533980787885641,2.6369129743754174,-0.483203948183977
24071.156083275,3597147943,663,662,1,0,9,65.22907099861186,-38,63,3.879472693032014,-98.17880794701986,93.26039387308532,58.66943866943868,0.024420024420024333,2.5716385011021305,0.05910534863273567,-1.8392429646748838,1.5247923436651631,1.533980787885641,2.6445828783148455,-0.483203948183977,0.0674951546669682,-1.8392429646748838,1.5232429223704418,1.533980787885641,2.6369129743754174,-0.483203948183977
24071.256177812,3597147943,666,665,1,0,10,65.42908500341582,-38,63,3.879472693032014,-98.17880794701986,93.26039387308532,58.66943866943868,0.024420024420024333,2.5716385011021305,0.05910534863273567,-1.8392429646748838,1.5247923436651631,1.533980787885641,2.6445828783148455,-0.483203948183977,0.0674951546669682,-1.8392429646748838,1.5232429223704418,1.533980787885641,2.6369129743754174,-0.483203948183977
24071.35612457,3597147943,669,668,1,0,11,65.18153899742174,-38,63,3.879472693032014,-98.17880794701986,93.26039387308532,58.66943866943868,0.024420024420024333,2.5716385011021305,0.05910534863273567,-1.8392429646748838,1.5247923436651631,1.533980787885641,2.6445828783148455,-0.483203948183977,0.0674951546669682,-1.8392429646748838,1.5232429223704418,1.533980787885641,2.6369129743754174,-0.483203948183977
24071.456058127,3597147943,672,671,1,0,10,64.92461000016192,-38,63,3.879472693032014,-98.17880794701986,93.26039387308532,58.66943866943868,0.024420024420024333,2.5716385011021305,0.05910534863273567,-1.8392429646748838,1.5247923436651631,1.533980787885641,2.6445828783148455,-0.483203948183977,0.0674951546669682,-1.8392429646748838,1.5232429223704418,1.533980787885641,2.6369129743754174,-0.483203948183977
24071.556094683,3597147943,675,674,1,0,14,65.41029599975445,-39,63,3.879472693032014,-98.17880794701986,93.26039387308532,58.66943866943868,0.024420024420024333,2.5716385011021305,0.05910534863273567,-1.8392429646748838,1.5247923436651631,1.533980787885641,2.6445828783148455,-0.483203948183977,0.0674951546669682,-1.8392429646748838,1.5232429223704418,1.533980787885641,2.6369129743754174,-0.483203948183977
24071.656234493,3597147943,678,677,1,0,10,65.4522699987865,-39,63,3.879472693032014,-98.17880794701986,93.26039387308532,58.66943866943868,0.024420024420024333,2.5716385011021305,0.05910534863273567,-1.8392429646748838,1.5247923436651631,1.533980787885641,2.6445828783148455,-0.483203948183977,0.0674951546669682,-1.8392429646748838,1.5232429223704418,1.533980787885641,2.6369129743754174,-0.483203948183977
24071.756303773,3597147943,681,680,1,0,10,65.44691499948385,-39,63,3.879472693032014,-98.17880794701986,93.26039387308532,58.66943866943868,0.024420024420024333,2.5716385011021305,0.05910534863273567,-1.8392429646748838,1.5247923436651631,1.533980787885641,2.6445828783148455,-0.483203948183977,0.0674951546669682,-1.8392429646748838,1.5232429223704418,1.533980787885641,2.6369129743754174,-0.483203948183977
24071.856161102,3597147943,684,683,1,0,12,65.12938900050358,-39,63,3.879472693032014,-98.17880794701986,93.26039387308532,58.66943866943868,0.024420024420024333,2.5716385011021305,0.05910534863273567,-1.8392429646748838,1.5247923436651631,1.533980787885641,2.6445828783148455,-0.483203948183977,0.0674951546669682,-1.8392429646748838,1.5232429223704418,1.533980787885641,2.6369129743754174,-0.483203948183977
24071.956091674,3597147943,687,686,1,0,10,65.17075499868952,-39,63,3.879472693032014,-98.17880794701986,93.26039387308532,58.66943866943868,0.024420024420024333,2.5716385011021305,0.05910534863273567,-1.8392429646748838,1.5247923436651631,1.533980787885641,2.6445828783148455,-0.483203948183977,0.0674951546669682,-1.8392429646748838,1.5232429223704418,1.533980787885641,2.6369129743754174,-0.483203948183977
24072.056154598,3597147943,690,689,1,0,10,65.16925600226386,-39,63,3.879472693032014,-98.17880794701986,93.26039387308532,58.66943866943868,0.024420024420024333,2.5716385011021305,0.05910534863273567,-1.8392429646748838,1.5247923436651631,1.533980787885641,2.6445828783148455,-0.483203948183977,0.0674951546669682,-1.8392429646748838,1.5232429223704418,1.533980787885641,2.6369129743754174,-0.483203948183977
24072.156280016,3597147943,693,692,1,0,10,65.20399999863002,-39,63,3.879472693032014,-98.17880794701986,93.26039387308532,58.66943866943868,0.024420024420024333,2.5716385011021305,0.05910534863273567,-1.8392429646748838,1.5247923436651631,1.533980787885641,2.6445828783148455,-0.483203948183977,0.0674951546669682,-1.8392429646748838,1.5232429223704418,1.533980787885641,2.6369129743754174,-0.483203948183977
24072.256185721,3597147943,696,695,1,0,9,65.05609300074866,-39,63,3.879472693032014,-98.17880794701986,93.26039387308532,58.66943866943868,0.024420024420024333,2.5716385011021305,0.05910534863273567,-1.8392429646748838,1.5247923436651631,1.533980787885641,2.6445828783148455,-0.483203948183977,0.0674951546669682,-1.8392429646748838,1.5232429223704418,1.533980787885641,2.6369129743754174,-0.483203948183977
24072.356225929,3597147943,699,698,1,0,9,65.28070000058506,-39,63,3.879472693032014,-98.17880794701986,93.26039387308532,58.66943866943868,0.024420024420024333,2.5716385011021305,0.05910534863273567,-1.8392429646748838,1.5247923436651631,1.533980787885641,2.6445828783148455,-0.483203948183977,0.0674951546669682,-1.8392429646748838,1.5232429223704418,1.533980787885641,2.6369129743754174,-0.483203948183977
24072.455975495,3597147943,702,701,1,0,11,65.12635699982638,-39,63,3.879472693032014,-98.17880794701986,93.26039387308532,58.66943866943868,0.024420024420024333,2.5716385011021305,0.05910534863273567,-1.8392429646748838,1.5247923436651631,1.533980787885641,2.6445828783148455,-0.483203948183977,0.0674951546669682,-1.8392429646748838,1.5232429223704418,1.533980787885641,2.6369129743754174,-0.483203948183977
24072.555999599,3597147943,705,704,1,0,13,65.2079399987997,-39,63,3.879472693032014,-98.17880794701986,93.26039387308532,58.66943866943868,0.024420024420024333,2.5716385011021305,0.05910534863273567,-1.8392429646748838,1.5247923436651631,1.533980787885641,2.6445828783148455,-0.483203948183977,0.0674951546669682,-1.8392429646748838,1.5232429223704418,1.533980787885641,2.6369129743754174,-0.483203948183977
24072.656018046,3597147943,708,707,1,0,12,65.24709000223083,-40,63,3.879472693032014,-98.17880794701986,93.26039387308532,58.66943866943868,0.024420024420024333,2.5716385011021305,0.05910534863273567,-1.8392429646748838,1.5247923436651631,1.533980787885641,2.6445828783148455,-0.483203948183977,0.0674951546669682,-1.8392429646748838,1.5232429223704418,1.533980787885641,2.6369129743754174,-0.483203948183977
24072.756057203,3597147943,711,710,1,0,9,65.23661900064326,-40,63,3.879472693032014,-98.17880794701986,93.26039387308532,58.66943866943868,0.024420024420024333,2.5716385011021305,0.05910534863273567,-1.8392429646748838,1.5247923436651631,1.533980787885641,2.6445828783148455,-0.483203948183977,0.0674951546669682,-1.8392429646748838,1.5232429223704418,1.533980787885641,2.6369129743754174,-0.483203948183977
24072.856035763,3597147943,714,713,1,0,9,65.13009999980568,-40,63,3.879472693032014,-98.17880794701986,93.26039387308532,58.66943866943868,0.024420024420024333,2.5716385011021305,0.05910534863273567,-1.8392429646748838,1.5247923436651631,1.533980787885641,2.6445828783148455,-0.483203948183977,0.0674951546669682,-1.8392429646748838,1.5232429223704418,1.533980787885641,2.6369129743754174,-0.483203948183977
24072.956153691,3597147943,717,716,1,0,3,65.320478999638,-40,63,3.879472693032014,-98.17880794701986,93.26039387308532,58.66943866943868,0.024420024420024333,2.5716385011021305,0.05910534863273567,-1.8392429646748838,1.5247923436651631,1.533980787885641,2.6445828783148455,-0.483203948183977,0.0674951546669682,-1.8392429646748838,1.5232429223704418,1.533980787885641,2.6369129743754174,-0.483203948183977
24073.056129038,3597147943,720,719,1,0,9,64.72742000187282,-40,63,3.879472693032014,-98.17880794701986,93.26039387308532,58.66943866943868,0.024420024420024333,2.5716385011021305,0.05910534863273567,-1.8392429646748838,1.5247923436651631,1.533980787885641,2.6445828783148455,-0.483203948183977,0.0674951546669682,-1.8392429646748838,1.5232429223704418,1.533980787885641,2.6369129743754174,-0.483203948183977
24073.156112549,3597147943,723,722,1,0,3,65.2659909974318,-40,63,3.879472693032014,-98.17880794701986,93.26039387308532,58.66943866943868,0.024420024420024333,2.5716385011021305,0.05910534863273567,-1.8392429646748838,1.5247923436651631,1.533980787885641,2.6445828783148455,-0.483203948183977,0.0674951546669682,-1.8392429646748838,1.5232429223704418,1.533980787885641,2.6369129743754174,-0.483203948183977
24073.256395549,3597147943,726,725,1,0,10,65.54038199828938,-40,63,3.879472693032014,-98.17880794701986,93.26039387308532,58.66943866943868,0.024420024420024333,2.5716385011021305,0.05910534863273567,-1.8392429646748838,1.5247923436651631,1.533980787885641,2.6445828783148455,-0.483203948183977,0.0674951546669682,-1.8392429646748838,1.5232429223704418,1.533980787885641,2.6369129743754174,-0.483203948183977
24073.356155896,3597147943,729,728,1,0,3,65.32057900039945,-40,63,3.879472693032014,-98.17880794701986,93.26039387308532,58.66943866943868,0.024420024420024333,2.5716385011021305,0.05910534863273567,-1.8392429646748838,1.5247923436651631,1.533980787885641,2.6445828783148455,-0.483203948183977,0.0674951546669682,-1.8392429646748838,1.5232429223704418,1.533980787885641,2.6369129743754174,-0.483203948183977
24073.45606116,3597147943,732,731,1,0,9,65.01293100154726,-40,63,3.879472693032014,-98.17880794701986,93.26039387308532,58.66943866943868,0.024420024420024333,2.5716385011021305,0.05910534863273567,-1.8392429646748838,1.5247923436651631,1.533980787885641,2.6445828783148455,-0.483203948183977,0.0674951546669682,-1.8392429646748838,1.5232429223704418,1.533980787885641,2.6369129743754174,-0.483203948183977
24073.556071907,3597147943,735,734,1,0,10,65.19723699966562,-40,63,3.879472693032014,-98.17880794701986,93.26039387308532,58.66943866943868,0.024420024420024333,2.5716385011021305,0.05910534863273567,-1.8392429646748838,1.5247923436651631,1.533980787885641,2.6445828783148455,-0.483203948183977,0.0674951546669682,-1.8392429646748838,1.5232429223704418,1.533980787885641,2.6369129743754174,-0.483203948183977
24073.656141004,3597147943,738,737,1,0,3,64.97208900327678,-40,63,3.879472693032014,-98.17880794701986,93.26039387308532,58.66943866943868,0.024420024420024333,2.5716385011021305,0.05910534863273567,-1.8392429646748838,1.5247923436651631,1.533980787885641,2.6445828783148455,-0.483203948183977,0.0674951546669682,-1.8392429646748838,1.5232429223704418,1.533980787885641,2.6369129743754174,-0.483203948183977
24073.756185963,3597147943,741,740,1,0,9,65.32301699917298,-40,63,3.879472693032014,-98.17880794701986,93.26039387308532,58.66943866943868,0.024420024420024333,2.5716385011021305,0.05910534863273567,-1.8392429646748838,1.5247923436651631,1.533980787885641,2.6445828783148455,-0.483203948183977,0.0674951546669682,-1.8392429646748838,1.5232429223704418,1.533980787885641,2.6369129743754174,-0.483203948183977
24073.856223612,3597147943,744,743,1,0,9,65.2010399971914,-40,63,3.879472693032014,-98.17880794701986,93.26039387308532,58.66943866943868,0.024420024420024333,2.5716385011021305,0.05910534863273567,-1.8392429646748838,1.5247923436651631,1.533980787885641,2.6445828783148455,-0.483203948183977,0.0674951546669682,-1.8392429646748838,1.5232429223704418,1.533980787885641,2.6369129743754174,-0.483203948183977
24073.956066647,3597147943,747,746,1,0,3,65.21209000129602,-40,63,3.879472693032014,-98.17880794701986,93.26039387308532,58.66943866943868,0.024420024420024333,2.5716385011021305,0.05910534863273567,-1.8392429646748838,1.5247923436651631,1.533980787885641,2.6445828783148455,-0.483203948183977,0.0674951546669682,-1.8392429646748838,1.5232429223704418,1.533980787885641,2.6369129743754174,-0.483203948183977
24074.056151575,3597147943,750,749,1,0,10,65.26425799893332,-40,63,3.879472693032014,-98.17880794701986,93.26039387308532,58.66943866943868,0.024420024420024333,2.5716385011021305,0.05910534863273567,-1.8392429646748838,1.5247923436651631,1.533980787885641,2.6445828783148455,-0.483203948183977,0.0674951546669682,-1.8392429646748838,1.5232429223704418,1.533980787885641,2.6369129743754174,-0.483203948183977
24074.156079476,3597147943,753,752,1,0,8,65.22311699882266,-40,63,3.879472693032014,-98.17880794701986,93.26039387308532,58.66943866943868,0.024420024420024333,2.5716385011021305,0.05910534863273567,-1.8392429646748838,1.5247923436651631,1.533980787885641,2.6445828783148455,-0.483203948183977,0.0674951546669682,-1.8392429646748838,1.5232429223704418,1.533980787885641,2.6369129743754174,-0.483203948183977
24074.256172199,3597147943,756,755,1,0,10,64.791492997756,-40,63,3.879472693032014,-98.17880794701986,93.26039387308532,58.66943866943868,0.024420024420024333,2.5716385011021305,0.05910534863273567,-1.8392429646748838,1.5247923436651631,1.533980787885641,2.6445828783148455,-0.483203948183977,0.0674951546669682,-1.8392429646748838,1.5232429223704418,1.533980787885641,2.6369129743754174,-0.483203948183977
24074.356107163,3597147943,759,758,1,0,12,65.2871980018972,-40,63,3.879472693032014,-98.17880794701986,93.26039387308532,58.66943866943868,0.024420024420024333,2.5716385011021305,0.05910534863273567,-1.8392429646748838,1.5247923436651631,1.533980787885641,2.6445828783148455,-0.483203948183977,0.0674951546669682,-1.8392429646748838,1.5232429223704418,1.533980787885641,2.6369129743754174,-0.483203948183977
24074.456036898,3597147943,762,761,1,0,9,65.11997000052361,-40,63,4.030131826741993,-98.09602649006622,93.26039387308532,58.66943866943868,-0.366300366300365,2.5716385011021305,0.06187980277338591,-1.8376956504447193,1.5247923436651631,1.533980787885641,2.6323110320117604,-0.483203948183977,0.0674951546669682,-1.8392429646748838,1.5232429223704418,1.533980787885641,2.6369129743754174,-0.483203948183977
24074.556049902,3597147943,765,764,1,0,10,65.00413699905039,-40,63,4.105461393596983,-97.35099337748345,93.08533916849015,58.66943866943868,-0.17094017094017033,2.5716385011021305,0.06326702984371103,-1.8237698223732393,1.5216935010757195,1.533980787885641,2.6384469551633027,-0.483203948183977,0.0674951546669682,-1.8392429646748838,1.5232429223704418,1.533980787885641,2.6369129743754174,-0.483203948183977
24074.656037752,3597147943,768,767,1,0,8,65.27954500052147,-40,63,4.105461393596983,-95.28145695364239,92.56017505470459,58.66943866943868,-0.26862026862026767,2.5716385011021305,0.06326702984371103,-1.785086966619128,1.5123969733073863,1.533980787885641,2.6353789935875316,-0.483203948183977,0.0674951546669682,-1.8392429646748838,1.5232429223704418,1.533980787885641,2.6369129743754174,-0.483203948183977
24074.756099267,3597147943,771,770,1,0,9,65.336973999365,-40,63,4.105461393596983,-91.14238410596026,92.38512035010942,58.83575883575884,-0.073260073260073,2.5716385011021305,0.06326702984371103,-1.7077212551109058,1.5092981307179427,1.5370640573777987,2.641514916739074,-0.483203948183977,0.0674951546669682,-1.8208351952202562,1.521708941582556,1.533980787885641,2.6369129743754174,-0.483203948183977
24074.855990393,3597147943,774,773,1,0,9,65.15165199743933,-52,63,4.030131826741993,-87.41721854304636,92.12253829321665,58.83575883575884,-0.024420024420024333,2.5716385011021305,0.06187980277338591,-1.6380921147535057,1.5046498668337762,1.5370640573777987,2.6430488975269597,-0.483203948183977,0.0674951546669682,-1.765611886856373,1.521708941582556,1.533980787885641,2.6369129743754174,-0.483203948183977
24074.956053995,3597147943,777,776,1,0,9,65.28716200045892,-52,63,4.030131826741993,-84.68543046357615,92.03501094091905,58.83575883575884,-0.024420024420024333,2.5716385011021305,0.06187980277338591,-1.5870307451580787,1.503100445539054,1.5370640573777987,2.6430488975269597,-0.483203948183977,0.0674951546669682,-1.7027186745530618,1.5186409800067848,1.5324468070977555,2.6369129743754174,-0.4816699673960913
24075.056140884,3597147943,780,779,1,0,9,65.47867699919152,-52,63,4.030131826741993,-84.3543046357616,91.94748358862142,58.83575883575884,-0.024420024420024333,2.5716385011021305,0.06187980277338591,-1.580841488237421,1.5015510242443317,1.5370640573777987,2.6430488975269597,-0.483203948183977,0.0674951546669682,-1.6781749819468914,1.5155730184310134,1.53091282630987,2.6369129743754174,-0.4816699673960913
24075.156084782,3597147943,783,782,1,0,10,65.34826300048735,-52,63,4.030131826741993,-84.3543046357616,91.85995623632385,58.83575883575884,-0.024420024420024333,2.5716385011021305,0.06187980277338591,-1.580841488237421,1.5000016029496097,1.5370640573777987,2.6430488975269597,-0.483203948183977,0.0674951546669682,-1.6260196351587797,1.5109710760673565,1.5293788455219843,2.6369129743754174,-0.48013598660820567
24075.256125516,3597147943,786,785,1,0,10,65.38138799805893,-52,63,4.105461393596983,-84.3543046357616,91.85995623632385,58.83575883575884,-0.024420024420024333,2.5716385011021305,0.06326702984371103,-1.580841488237421,1.5000016029496097,1.5370640573777987,2.6430488975269597,-0.483203948183977,0.0674951546669682,-1.6183497312193513,1.5109710760673565,1.5293788455219843,2.6369129743754174,-0.48013598660820567
24075.356042347,3597147943,789,788,1,0,9,65.20355099928565,-52,63,4.105461393596983,-84.27152317880794,90.98468271334792,58.83575883575884,-0.024420024420024333,2.5716385011021305,0.06326702984371103,-1.5792941740072561,1.4845073900023884,1.5370640573777987,2.6430488975269597,-0.483203948183977,0.0674951546669682,-1.6183497312193513,1.509437095279471,1.5293788455219843,2.6369129743754174,-0.48013598660820567
24075.456037474,3597147943,792,791,1,0,10,65.28690200138954,-52,63,4.180790960451986,-83.52649006622516,85.9956236323851,58.83575883575884,-0.024420024420024333,2.5716385011021305,0.06465425691403615,-1.5653683459357763,1.3961903762032268,1.5370640573777987,2.6430488975269597,-0.483203948183977,0.0674951546669682,-1.6183497312193513,1.504835152915814,1.5293788455219843,2.6369129743754174,-0.48013598660820567
24075.556025812,3597147943,795,794,1,0,9,65.25393099946086,-52,63,4.180790960451986,-82.2019867549669,78.20568927789935,58.83575883575884,-0.024420024420024333,2.5716385011021305,0.06465425691403615,-1.5406113182531456,1.2582918809729582,1.5370640573777987,2.6430488975269597,-0.483203948183977,0.0674951546669682,-1.5968740001889525,1.4634176716429017,1.5324468070977555,2.6369129743754174,-0.4770680250324344
24075.656070866,3597147943,798,797,1,0,12,65.17703399731545,-52,63,4.180790960451986,-77.98013245033113,71.81619256017507,58.83575883575884,-0.024420024420024333,2.5716385011021305,0.06465425691403615,-1.4616982925147584,1.145184126458243,1.5370640573777987,2.6430488975269597,-0.483203948183977,0.0674951546669682,-1.5677283652191252,1.372912805157649,1.5462526341887264,2.6369129743754174,-0.47553404424454876
24075.756128557,3597147943,801,800,1,0,12,65.30741400274565,-52,63,4.180790960451986,-72.68211920529801,65.86433260393875,58.83575883575884,-0.024420024420024333,2.5716385011021305,0.06465425691403615,-1.3626701817842335,1.0398234784171387,1.5370640573777987,2.6430488975269597,-0.483203948183977,0.0674951546669682,-1.517106999218899,1.2670681307935396,1.5508545765523831,2.629243070435989,-0.47553404424454876
24075.856028379,3597147943,804,803,1,0,10,65.16396000006353,-52,63,4.180790960451986,-67.71523178807948,60.96280087527353,58.83575883575884,-0.366300366300365,2.5716385011021305,0.06465425691403615,-1.269831327974367,0.9530558859126993,1.5370640573777987,2.6323110320117604,-0.483203948183977,0.0674951546669682,-1.4342720366730746,1.1612234564294304,1.5508545765523831,2.6399809359511885,-0.47553404424454876
24075.956009306,3597147943,807,806,1,0,9,65.24351500047487,-52,63,4.331450094161966,-64.73509933774835,55.27352297592998,58.83575883575884,-0.024420024420024333,2.5716385011021305,0.06742871105468709,-1.2141280156884466,0.8523435017557609,1.5370640573777987,2.6430488975269597,-0.483203948183977,0.0674951546669682,-1.3391652278241648,1.059980724428978,1.5508545765523831,2.6369129743754174,-0.47553404424454876
24076.056017297,3597147943,810,809,1,0,10,65.1182229994447,-52,63,6.290018832391709,-63.99006622516556,50.10940919037199,58.83575883575884,-0.41514041514041367,2.5716385011021305,0.1034966148831423,-1.2002021876169664,0.7609276453671555,1.5370640573777987,2.6307770512238746,-0.483203948183977,0.0674951546669682,-1.2563302652783401,0.961805954004297,1.5508545765523831,2.6369129743754174,-0.47553404424454876
24076.155996154,3597147943,813,812,1,0,3,65.07445700117387,-53,63,8.775894538606408,-64.15562913907284,46.60831509846827,58.83575883575884,-0.41514041514041367,2.5716385011021305,0.14927510820387405,-1.2032968160772954,0.6989507935782703,1.5370640573777987,2.6307770512238746,-0.483203948183977,0.07516505860639641,-1.2087768608538851,0.8759030298827011,1.5508545765523831,2.633845012799646,-0.47553404424454876
24076.256028784,3597147943,816,815,1,0,10,65.25064599918551,-53,63,10.131826741996235,-66.72185430463577,43.107221006564544,58.83575883575884,-0.41514041514041367,2.5716385011021305,0.17424519546972758,-1.2512635572123938,0.636973941789385,1.5370640573777987,2.6307770512238746,-0.483203948183977,0.11965050145508001,-1.205708899278114,0.7992039904884191,1.5508545765523831,2.633845012799646,-0.47553404424454876
24076.356036767,3597147943,819,818,1,0,9,65.22092500017607,-53,63,10.357815442561204,-71.60596026490066,40.21881838074398,58.004158004158,-0.41514041514041367,2.5716385011021305,0.17840687668070293,-1.342555096792096,0.5858430390635552,1.52164770991701,2.6307770512238746,-0.483203948183977,0.15493205957644976,-1.2210487071569704,0.7347767973972221,1.552388557340269,2.633845012799646,-0.47553404424454876
24076.456051178,3597147943,822,821,1,0,9,65.18747599693597,-53,63,10.056497175141232,-76.98675496688742,37.76805251641139,57.83783783783784,-0.46398046398046233,2.5716385011021305,0.17285796839940246,-1.443130521752785,0.5424592428113354,1.5185644404248526,2.629243070435989,-0.483203948183977,0.16873788666742054,-1.2854759002481673,0.6764855274575677,1.543184672612955,2.633845012799646,-0.47553404424454876
24076.556029028,3597147943,825,824,1,0,9,65.24925899793743,-53,63,7.193973634651599,-81.70529801324503,36.71772428884026,57.75467775467774,-0.46398046398046233,2.5716385011021305,0.12014333972704443,-1.5313274328721584,0.5238661872746699,1.5170228056787738,2.629243070435989,-0.483203948183977,0.17027186745530618,-1.3652429012182206,0.624330180669456,1.5370487494614125,2.633845012799646,-0.47553404424454876
24076.65603301,3597147943,828,827,1,0,9,65.06297200030531,-53,63,0.1883239171374811,-84.60264900662251,36.54266958424509,58.66943866943868,-0.46398046398046233,2.5716385011021305,-0.008868777813199731,-1.5854834309279142,0.5207673446852256,1.533980787885641,2.629243070435989,-0.483203948183977,0.1518640980006785,-1.4756895179459868,0.5905826033359719,1.5370487494614125,2.633845012799646,-0.483203948183977
24076.756135564,3597147943,831,830,1,0,9,65.215814000112,-53,63,-8.323917137476457,-85.67880794701986,36.63019693654269,58.83575883575884,-0.073260073260073,2.5716385011021305,-0.16562543675994804,-1.605598515920052,0.5223167659799477,1.5370640573777987,2.641514916739074,-0.483203948183977,0.05368932757599744,-1.552388557340269,0.5721748338813442,1.538582730249298,2.633845012799646,-0.483203948183977
24076.856117777,3597147943,834,833,1,0,3,65.15716200010502,-53,63,-14.952919020715626,-86.25827814569536,36.63019693654269,58.83575883575884,0.024420024420024333,2.5716385011021305,-0.2877014189485662,-1.616429715531203,0.5223167659799477,1.5370640573777987,2.6445828783148455,-0.483203948183977,-0.08130098175793898,-1.5999419617647237,0.5675728915176872,1.538582730249298,2.633845012799646,-0.483203948183977
24076.956087424,3597147943,837,836,1,0,10,65.07655099994736,-53,63,-19.69868173258004,-86.34105960264901,36.63019693654269,58.83575883575884,0.024420024420024333,2.5716385011021305,-0.37509672437905434,-1.617977029761368,0.5223167659799477,1.5370640573777987,2.6445828783148455,-0.483203948183977,-0.21782527187976106,-1.6152817696435802,0.5675728915176872,1.538582730249298,2.633845012799646,-0.483203948183977
24077.055974439,3597147943,840,839,1,0,11,65.11239300016314,-53,63,-20.677966101694906,-86.42384105960265,36.63019693654269,58.918918918918905,0.073260073260073,2.5716385011021305,-0.39313067629328197,-1.6195243439915323,0.5223167659799477,1.5386056921238773,2.646116859102731,-0.483203948183977,-0.3190680038802134,-1.6152817696435802,0.5675728915176872,1.538582730249298,2.633845012799646,-0.483203948183977
24077.156126347,3597147943,843,842,1,0,10,65.24825299857184,-53,63,-17.890772128060263,-86.50662251655629,36.63019693654269,58.918918918918905,0.12210012210012167,2.5716385011021305,-0.3418032746912494,-1.6210716582216964,0.5223167659799477,1.5386056921238773,2.6476508398906167,-0.483203948183977,-0.36968936988043954,-1.6152817696435802,0.5675728915176872,1.538582730249298,2.633845012799646,-0.483203948183977
24077.256131778,3597147943,846,845,1,0,9,65.27334500060533,-42,63,-12.54237288135593,-86.50662251655629,36.63019693654269,58.918918918918905,0.12210012210012167,2.5716385011021305,-0.24331015269815962,-1.6210716582216964,0.5223167659799477,1.5386056921238773,2.6476508398906167,-0.483203948183977,-0.36355344672889695,-1.6152817696435802,0.5675728915176872,1.538582730249298,2.633845012799646,-0.483203948183977
24077.356133595,3597147943,849,848,1,0,8,65.31161800012342,-42,63,-6.440677966101688,-86.50662251655629,36.71772428884026,58.918918918918905,0.12210012210012167,2.5716385011021305,-0.1309447600018176,-1.6210716582216964,0.5238661872746699,1.5386056921238773,2.6476508398906167,-0.483203948183977,-0.2868544073346149,-1.6152817696435802,0.5675728915176872,1.538582730249298,2.633845012799646,-0.483203948183977
24077.456123659,3597147943,852,851,1,0,9,65.22669200057862,-42,63,-0.941619585687377,-86.50662251655629,36.71772428884026,58.918918918918905,0.073260073260073,2.5716385011021305,-0.02967718386807757,-1.6210716582216964,0.5238661872746699,1.5386056921238773,2.646116859102731,-0.483203948183977,-0.18867963690993386,-1.6214176927951227,0.5675728915176872,1.538582730249298,2.633845012799646,-0.483203948183977
24077.555995163,3597147943,855,854,1,0,9,65.04680400030338,-42,63,3.276836158192097,-86.50662251655629,36.80525164113786,58.918918918918905,0.073260073260073,2.5716385011021305,0.048007532070134015,-1.6210716582216964,0.5254156085693921,1.5386056921238773,2.646116859102731,-0.483203948183977,-0.08436894333371027,-1.6214176927951227,0.5675728915176872,1.538582730249298,2.633845012799646,-0.483203948183977
24077.656040075,3597147943,858,857,1,0,8,65.11568600035389,-42,63,5.988700564971765,-86.50662251655629,37.94310722100656,58.918918918918905,0.073260073260073,2.5716385011021305,0.09794770660184181,-1.6210716582216964,0.5455580854007791,1.5386056921238773,2.646116859102731,-0.483203948183977,-0.0030679615757712823,-1.6214176927951227,0.5675728915176872,1.538582730249298,2.633845012799646,-0.483203948183977
24077.756036422,3597147943,861,860,1,0,10,65.21106299987878,-42,63,7.043314500941619,-86.58940397350993,40.48140043763678,58.918918918918905,0.073260073260073,2.5716385011021305,0.11736888558639419,-1.6226189724518612,0.5904913029477217,1.5386056921238773,2.646116859102731,-0.483203948183977,0.0337475773334841,-1.6214176927951227,0.5675728915176872,1.538582730249298,2.633845012799646,-0.483203948183977
24077.85597363,3597147943,864,863,1,0,9,65.01279300209717,-42,63,7.645951035781536,-86.58940397350993,42.75711159737418,58.918918918918905,0.12210012210012167,2.645113886847906,0.12846670214899583,-1.6226189724518612,0.6307762566104964,1.5386056921238773,2.6476508398906167,-0.4813972096072092,0.09510680884890975,-1.6214176927951227,0.5921165841238575,1.538582730249298,2.633845012799646,-0.483203948183977
24077.956028397,3597147943,867,866,1,0,10,65.11732900253264,-42,63,7.645951035781536,-86.67218543046357,43.54485776805254,58.918918918918905,0.12210012210012167,2.9390154298310067,0.12846670214899583,-1.6241662866820255,0.644721048262996,1.5386056921238773,2.6476508398906167,-0.474170255300139,0.11658253987930872,-1.6214176927951227,0.6335340653967698,1.538582730249298,2.633845012799646,-0.483203948183977
24078.056148662,3597147943,870,869,1,0,9,65.26506899899687,-42,63,7.645951035781536,-86.67218543046357,43.63238512035011,58.918918918918905,0.17094017094017033,6.245407788390889,0.12846670214899583,-1.6241662866820255,0.6462704695577182,1.5386056921238773,2.6491848206785025,-0.3928670193455979,0.12118448224296566,-1.6214176927951227,0.6534758156392831,1.538582730249298,2.633845012799646,-0.4816699673960913
24078.156048314,3597147943,873,872,1,0,7,65.16830599866807,-42,63,7.721280602636526,-86.67218543046357,43.63238512035011,58.918918918918905,0.17094017094017033,13.445995591476855,0.12985392921932096,-1.6241662866820255,0.6462704695577182,1.5386056921238773,2.6491848206785025,-0.21580663882237452,0.12425244381873693,-1.6214176927951227,0.6550097964271688,1.538582730249298,2.633845012799646,-0.44178646691106466
24078.256177089,3597147943,876,875,1,0,9,65.20392300080857,-42,63,7.721280602636526,-86.67218543046357,43.894967177242876,58.918918918918905,0.17094017094017033,22.1895664952241,0.12985392921932096,-1.6241662866820255,0.650918733441884,1.5386056921238773,2.6491848206785025,-0.0008047481870318701,0.12425244381873693,-1.6214176927951227,0.6550097964271688,1.538582730249298,2.633845012799646,-0.3328738309711841
24078.356052336,3597147943,879,878,1,0,3,65.14744100059033,-42,63,7.721280602636526,-86.67218543046357,44.15754923413567,58.918918918918905,0.12210012210012167,28.581925055106538,0.12985392921932096,-1.6241662866820255,0.6555669973260506,1.5386056921238773,2.6476508398906167,0.15638150799174816,0.12425244381873693,-1.6214176927951227,0.6550097964271688,1.538582730249298,2.633845012799646,-0.16873788666742054
24078.456024442,3597147943,882,881,1,0,9,65.09540100159938,-47,63,7.721280602636526,-86.67218543046357,44.24507658643327,58.918918918918905,-0.073260073260073,30.05143277002204,0.12985392921932096,-1.6241662866820255,0.6571164186207727,1.5386056921238773,2.641514916739074,0.19251627952710007,0.12425244381873693,-1.6214176927951227,0.662679700366597,1.538582730249298,2.633845012799646,0.010737865515199488
24078.556016634,3597147943,885,884,1,0,9,65.04200099880109,-47,63,7.721280602636526,-86.67218543046357,44.24507658643327,58.918918918918905,-0.26862026862026767,27.62674504041146,0.12985392921932096,-1.6241662866820255,0.6571164186207727,1.5386056921238773,2.6353789935875316,0.1328939064937697,0.12425244381873693,-1.6214176927951227,0.6642136811544826,1.538582730249298,2.633845012799646,0.1303883669702795
24078.656018955,3597147943,888,887,1,0,9,65.12992699936149,-47,63,7.721280602636526,-86.67218543046357,44.24507658643327,58.918918918918905,-0.31746031746031633,22.630418809698753,0.12985392921932096,-1.6241662866820255,0.6571164186207727,1.5386056921238773,2.633845012799646,0.0100356832735735,0.12425244381873693,-1.6214176927951227,0.6642136811544826,1.538582730249298,2.633845012799646,0.14419419406125028
24078.756015575,3597147943,891,890,1,0,9,65.23542500144686,-47,63,7.645951035781536,-86.67218543046357,44.24507658643327,58.918918918918905,-0.366300366300365,15.650257163850108,0.12846670214899583,-1.6241662866820255,0.6571164186207727,1.5386056921238773,2.6323110320117604,-0.161604481519347,0.12425244381873693,-1.6214176927951227,0.6642136811544826,1.538582730249298,2.633845012799646,0.08743690490948154
24078.85612877,3597147943,894,893,1,0,9,65.28377299764543,-47,63,7.344632768361592,-86.67218543046357,44.24507658643327,58.918918918918905,-0.41514041514041367,7.7149155033063925,0.12291779386769536,-1.6241662866820255,0.6571164186207727,1.5386056921238773,2.6307770512238746,-0.356732247810246,0.12425244381873693,-1.6214176927951227,0.6642136811544826,1.538582730249298,2.633845012799646,-0.03681553890925539
24078.956022252,3597147943,897,896,1,0,9,65.22350699742674,-47,63,7.269303201506588,-87.08609271523179,44.24507658643327,58.918918918918905,-0.41514041514041367,1.322556943423953,0.12153056679736955,-1.6319028578328478,0.6571164186207727,1.5386056921238773,2.6307770512238746,-0.513918503989026,0.12425244381873693,-1.6214176927951227,0.6642136811544826,1.538582730249298,2.633845012799646,-0.20401944478879028
24079.055987946,3597147943,900,899,1,0,10,65.12483299957239,-47,63,7.344632768361592,-89.23841059602648,44.50765864332604,58.918918918918905,-0.41514041514041367,2.0573108008817047,0.12291779386769536,-1.6721330278171234,0.6617646825049394,1.5386056921238773,2.6307770512238746,-0.4958511182213501,0.12425244381873693,-1.624485654370894,0.6642136811544826,1.538582730249298,2.633845012799646,-0.37889325460775336
24079.15603639,3597147943,903,902,1,0,9,65.23469699823181,-47,63,7.193973634651599,-91.30794701986756,47.30853391684903,58.918918918918905,-0.41514041514041367,3.6002939015429827,0.12014333972704443,-1.7108158835712348,0.7113461639360471,1.5386056921238773,2.6307770512238746,-0.45790960810923076,0.12425244381873693,-1.6551652701286068,0.6657476619423682,1.538582730249298,2.633845012799646,-0.4724660826687775
24079.256161492,3597147943,906,905,1,0,9,65.3335179995338,-47,63,7.043314500941619,-92.9635761589404,53.34792122538292,58.918918918918905,-0.024420024420024333,3.6002939015429827,0.11736888558639419,-1.741762168174524,0.8182562332718736,1.5386056921238773,2.6430488975269597,-0.45790960810923076,0.12425244381873693,-1.6981167321894048,0.7133010663668231,1.538582730249298,2.633845012799646,-0.4663301595172349
24079.356036377,3597147943,909,908,1,0,10,65.21423700178275,-47,63,7.043314500941619,-95.1158940397351,60.262582056892796,58.918918918918905,0.024420024420024333,3.6002939015429827,0.11736888558639419,-1.7819923381587992,0.9406605155549218,1.5386056921238773,2.6445828783148455,-0.45790960810923076,0.12425244381873693,-1.73493227109866,0.8022719520641903,1.538582730249298,2.633845012799646,-0.4632621979414636
24079.456040062,3597147943,912,911,1,0,9,65.25753999812878,-47,63,7.043314500941619,-97.35099337748345,66.65207877461708,58.83575883575884,0.024420024420024333,3.6002939015429827,0.11736888558639419,-1.8237698223732393,1.0537682700696376,1.5370640573777987,2.6445828783148455,-0.45790960810923076,0.12425244381873693,-1.7671458676442586,0.9081166264282996,1.538582730249298,2.633845012799646,-0.4632621979414636
24079.556142902,3597147943,915,914,1,0,9,65.21439999778522,-47,63,7.043314500941619,-98.17880794701986,70.85339168490151,58.17047817047819,0.073260073260073,3.6002939015429827,0.11736888558639419,-1.8392429646748838,1.128140492216299,1.5247309794091681,2.646116859102731,-0.45790960810923076,0.12425244381873693,-1.8054953873413997,1.0277671278833795,1.538582730249298,2.633845012799646,-0.4632621979414636
24079.65601853,3597147943,918,917,1,0,9,65.16182600171305,-45,63,7.118644067796609,-98.26158940397352,74.00437636761487,58.087318087318096,0.073260073260073,3.6002939015429827,0.1187561126567193,-1.8407902789050483,1.1839196588262955,1.5231893446630893,2.646116859102731,-0.45790960810923076,0.12425244381873693,-1.8315730607354554,1.1136700520049756,1.538582730249298,2.633845012799646,-0.4632621979414636
24079.756061122,3597147943,921,920,1,0,9,65.32395700196503,-45,63,7.4199623352165816,-98.26158940397352,75.75492341356673,58.004158004158,0.073260073260073,3.6002939015429827,0.12430502093802048,-1.8407902789050483,1.2149080847207385,1.52164770991701,2.646116859102731,-0.45790960810923076,0.12425244381873693,-1.8377089838869982,1.1811652066719438,1.538582730249298,2.633845012799646,-0.4632621979414636
24079.856094106,3597147943,924,923,1,0,9,65.2495229987835,-45,63,7.118644067796609,-98.34437086092716,76.01750547045953,58.004158004158,0.073260073260073,3.6002939015429827,0.1187561126567193,-1.8423375931352128,1.219556348604905,1.52164770991701,2.646116859102731,-0.45790960810923076,0.12425244381873693,-1.8377089838869982,1.2210487071569704,1.538582730249298,2.633845012799646,-0.4632621979414636
24079.956036043,3597147943,927,926,1,0,11,65.26631900123903,-45,63,7.495291902071571,-98.4271523178808,76.01750547045953,58.004158004158,0.073260073260073,3.6002939015429827,0.1256922480083456,-1.8438849073653771,1.219556348604905,1.52164770991701,2.646116859102731,-0.45790960810923076,0.12425244381873693,-1.8377089838869982,1.2302525918842842,1.538582730249298,2.633845012799646,-0.4632621979414636
24080.056047304,3597147943,930,929,1,0,10,65.21578399770078,-45,63,7.5706214689265465,-98.4271523178808,77.06783369803063,58.58627858627858,0.073260073260073,3.6002939015429827,0.12707947507867073,-1.8438849073653771,1.2381494041415697,1.5324391531395625,2.646116859102731,-0.45790960810923076,0.12425244381873693,-1.8377089838869982,1.2363885150358267,1.538582730249298,2.633845012799646,-0.4632621979414636
24080.156027545,3597147943,933,932,1,0,9,65.3605109982891,-45,63,6.96798493408663,-98.34437086092716,79.16849015317285,58.75259875259874,0.073260073260073,3.673769287288758,0.11598165851606906,-1.8423375931352128,1.2753355152149009,1.53552242263172,2.646116859102731,-0.45610286953246304,0.12425244381873693,-1.8377089838869982,1.248660361338912,1.538582730249298,2.633845012799646,-0.4632621979414636
24080.256179873,3597147943,936,935,1,0,9,65.4079210034979,-45,63,6.892655367231654,-98.34437086092716,81.44420131291028,58.75259875259874,0.073260073260073,3.673769287288758,0.11459443144574395,-1.8423375931352128,1.315620468877677,1.53552242263172,2.646116859102731,-0.45610286953246304,0.12425244381873693,-1.8377089838869982,1.2839419194602817,1.538582730249298,2.633845012799646,-0.4632621979414636
24080.356126286,3597147943,939,938,1,0,3,65.36243799928343,-45,63,6.892655367231654,-98.26158940397352,83.10722100656454,58.75259875259874,0.073260073260073,3.673769287288758,0.11459443144574395,-1.8407902789050483,1.3450594734773968,1.53552242263172,2.646116859102731,-0.45610286953246304,0.12425244381873693,-1.8377089838869982,1.3284273623089653,1.538582730249298,2.633845012799646,-0.4632621979414636
24080.456053984,3597147943,942,940,1,0,46,98.35581600054866,-45,63,6.892655367231654,-98.26158940397352,84.8577680525164,58.83575883575884,0.073260073260073,3.673769287288758,0.11459443144574395,-1.8407902789050483,1.3760478993718392,1.5370640573777987,2.646116859102731,-0.45610286953246304,0.12425244381873693,-1.8377089838869982,1.3406992086120504,1.538582730249298,2.633845012799646,-0.4632621979414636
24080.556011294,3597147943,945,944,1,0,3,65.19612599731772,-45,63,6.96798493408663,-98.17880794701986,86.87089715536104,58.83575883575884,0.073260073260073,3.673769287288758,0.11598165851606906,-1.8392429646748838,1.411684589150448,1.5370640573777987,2.646116859102731,-0.45610286953246304,0.12425244381873693,-1.8377089838869982,1.37598076673342,1.538582730249298,2.633845012799646,-0.4632621979414636
24080.656154129,3597147943,948,947,1,0,13,65.26981000206433,-45,63,6.96798493408663,-98.01324503311258,87.4835886214442,58.83575883575884,-0.366300366300365,3.673769287288758,0.11598165851606906,-1.836148336214555,1.4225305382135032,1.5370640573777987,2.6323110320117604,-0.45610286953246304,0.12425244381873693,-1.8377089838869982,1.4173982480063325,1.538582730249298,2.633845012799646,-0.4632621979414636
24080.75611973,3597147943,951,950,1,0,12,65.31191900285194,-39,63,6.96798493408663,-98.01324503311258,88.09628008752733,58.83575883575884,-0.46398046398046233,3.673769287288758,0.11598165851606906,-1.836148336214555,1.4333764872765578,1.5370640573777987,2.629243070435989,-0.45610286953246304,0.12425244381873693,-1.8377089838869982,1.4266021327336462,1.538582730249298,2.633845012799646,-0.4632621979414636
24080.85602324,3597147943,954,953,1,0,10,65.30066099730902,-39,63,6.96798493408663,-98.09602649006622,88.27133479212256,58.83575883575884,-0.46398046398046233,3.673769287288758,0.11598165851606906,-1.8376956504447193,1.436475329866003,1.5370640573777987,2.629243070435989,-0.45610286953246304,0.12425244381873693,-1.8377089838869982,1.4404079598246171,1.538582730249298,2.633845012799646,-0.4632621979414636
24080.956130399,3597147943,957,956,1,0,10,65.28810700183385,-39,63,6.96798493408663,-98.09602649006622,88.27133479212256,58.83575883575884,-0.46398046398046233,3.673769287288758,0.11598165851606906,-1.8376956504447193,1.436475329866003,1.5370640573777987,2.629243070435989,-0.45610286953246304,0.12425244381873693,-1.8377089838869982,1.4465438829761597,1.538582730249298,2.633845012799646,-0.4632621979414636
24081.056005879,3597147943,960,959,1,0,9,65.16530500084627,-39,63,6.96798493408663,-98.01324503311258,88.27133479212256,58.83575883575884,-0.46398046398046233,3.673769287288758,0.11598165851606906,-1.836148336214555,1.436475329866003,1.5370640573777987,2.629243070435989,-0.45610286953246304,0.12425244381873693,-1.8377089838869982,1.4480778637640452,1.538582730249298,2.633845012799646,-0.4632621979414636
24081.156170723,3597147943,963,962,1,0,11,65.40546199903474,-39,63,6.96798493408663,-97.93046357615894,87.92122538293216,58.83575883575884,-0.46398046398046233,3.673769287288758,0.11598165851606906,-1.8346010219843907,1.4302776446871142,1.5370640573777987,2.629243070435989,-0.45610286953246304,0.12425244381873693,-1.8377089838869982,1.4480778637640452,1.538582730249298,2.633845012799646,-0.4632621979414636
24081.256080719,3597147943,966,965,1,0,10,65.25786900238018,-39,63,7.043314500941619,-95.77814569536424,87.22100656455143,58.25363825363826,-0.512820512820511,3.673769287288758,0.11736888558639419,-1.794370852000115,1.4178822743293373,1.526272614155247,2.6277090896481035,-0.45610286953246304,0.12425244381873693,-1.8377089838869982,1.4480778637640452,1.538582730249298,2.633845012799646,-0.4632621979414636
24081.356149519,3597147943,969,968,1,0,9,65.30643600126496,-39,63,7.7966101694915295,-89.48675496688742,84.24507658643324,57.920997920997905,-0.512820512820511,3.673769287288758,0.13124115628964608,-1.6767749705076167,1.3652019503087847,1.5201060751709312,2.6277090896481035,-0.45610286953246304,0.12425244381873693,-1.8285050991596843,1.4480778637640452,1.5370487494614125,2.633845012799646,-0.4632621979414636
24081.45602201,3597147943,972,971,1,0,10,65.23545999880298,-39,63,7.871939736346519,-79.55298013245033,77.50547045951862,58.25363825363826,-0.512820512820511,3.673769287288758,0.1326283833599712,-1.4910972628878831,1.2458965106151814,1.526272614155247,2.6277090896481035,-0.45610286953246304,0.12425244381873693,-1.7594759637048305,1.4296700943094176,1.5370487494614125,2.633845012799646,-0.4632621979414636
24081.556193578,3597147943,975,974,1,0,9,65.52190400179825,-39,63,7.7966101694915295,-68.21192052980132,68.92778993435448,58.004158004158,-0.512820512820511,4.114621601763409,0.13124115628964608,-1.2791152133553534,1.0940532237324123,1.52164770991701,2.6277090896481035,-0.44526243807185767,0.12425244381873693,-1.6275536159466653,1.354505035703021,1.5370487494614125,2.633845012799646,-0.4632621979414636
24081.656173135,3597147943,978,977,1,0,9,65.4477259995474,-39,63,7.7966101694915295,-57.450331125827816,59.21225382932167,57.920997920997905,-0.46398046398046233,4.1880969875091845,0.13124115628964608,-1.0779643634339753,0.9220674600182563,1.5201060751709312,2.629243070435989,-0.44345569949508995,0.12425244381873693,-1.4557477677034734,1.23178657267217,1.5370487494614125,2.633845012799646,-0.4540583132141498
24081.756110205,3597147943,981,980,1,0,10,65.39581099787029,-39,63,7.7966101694915295,-49.08940397350994,50.634573304157556,58.17047817047819,-0.17094017094017033,3.7472446730345332,0.13124115628964608,-0.9216856261873659,0.770224173135488,1.5247309794091681,2.6384469551633027,-0.45429613095569565,0.12425244381873693,-1.244058418975255,1.0845244170351482,1.5370487494614125,2.633845012799646,-0.44945637085049284
24081.856124693,3597147943,984,981,1,0,26,131.6351659988868,-39,63,7.269303201506588,-43.70860927152318,43.807439824945305,58.58627858627858,0.024420024420024333,3.894195444526084,0.12153056679736955,-0.8211102012266769,0.6493693121471625,1.5324391531395625,2.6445828783148455,-0.45068265380216055,0.12425244381873693,-1.1443496677626883,1.0062913968529805,1.5370487494614125,2.633845012799646,-0.44945637085049284
24081.956064032,3597147943,987,986,1,0,9,65.31147999703535,-35,63,6.741996233521647,-41.05960264900662,41.006564551422315,58.75259875259874,0.12210012210012167,4.335047759000735,0.11181997730509301,-0.7715961458614142,0.5997878307160541,1.53552242263172,2.6476508398906167,-0.43984222234155484,0.12425244381873693,-0.9019807032767571,0.786932144185334,1.5370487494614125,2.6307770512238746,-0.4479223900626072
24082.056129584,3597147943,990,989,1,0,9,65.31991800147807,-35,63,2.5988700564971765,-39.48675496688742,39.16849015317288,58.75259875259874,0.12210012210012167,4.4085231447465105,0.03552248843720724,-0.7421971754882899,0.5672499835268896,1.53552242263172,2.6476508398906167,-0.43803548376478746,0.1227184630308513,-0.8084078752157329,0.701029220063738,1.5370487494614125,2.629243070435989,-0.44638840927472156
24082.155982989,3597147943,993,992,1,0,9,65.14325800162624,-35,63,-7.043314500941619,-39.23841059602648,38.205689277899324,58.75259875259874,0.17094017094017033,4.4085231447465105,-0.1420425765644196,-0.7375552327977964,0.5502063492849456,1.53552242263172,2.6491848206785025,-0.43803548376478746,0.0782330201821677,-0.7562525284276211,0.6504078540635119,1.5370487494614125,2.641514916739074,-0.44638840927472156
24082.256146265,3597147943,996,995,1,0,9,65.31752699811477,-35,63,-19.397363465160083,-39.23841059602648,38.81838074398249,58.83575883575884,0.17094017094017033,4.4085231447465105,-0.3695478160977535,-0.7375552327977964,0.561052298348001,1.5370640573777987,2.6491848206785025,-0.43803548376478746,-0.05368932757599744,-0.7378447589729934,0.6258641614573416,1.5370487494614125,2.6445828783148455,-0.4479223900626072
24082.356104587,3597147943,999,998,1,0,5,65.23755599846481,-35,63,-29.265536723163848,-39.23841059602648,38.81838074398249,58.83575883575884,0.17094017094017033,4.4085231447465105,-0.5512745623103558,-0.7375552327977964,0.561052298348001,1.5370640573777987,2.6491848206785025,-0.43803548376478746,-0.23776702212227438,-0.7378447589729934,0.6212622190936846,1.5370487494614125,2.6445828783148455,-0.44638840927472156
24082.456042593,3597147943,1002,1001,1,0,9,65.18326999866986,-35,63,-31.9774011299435,-39.15562913907284,38.55579868708972,58.83575883575884,0.17094017094017033,4.4085231447465105,-0.6012147368420632,-0.7360079185676319,0.5564040344638344,1.5370640573777987,2.6491848206785025,-0.43803548376478746,-0.4387185053352934,-0.7378447589729934,0.6212622190936846,1.5370487494614125,2.6445828783148455,-0.44638840927472156
24082.556107409,3597147943,1005,1004,1,0,10,65.3444359995774,-35,63,-28.96421845574389,-38.90728476821192,38.205689277899324,58.83575883575884,0.17094017094017033,4.4085231447465105,-0.5457256540290549,-0.7313659758771388,0.5502063492849456,1.5370640573777987,2.6491848206785025,-0.43803548376478746,-0.5614369683661447,-0.7378447589729934,0.6212622190936846,1.5370487494614125,2.6445828783148455,-0.4433204476989503
24082.656130761,3597147943,1008,1007,1,0,9,65.27833200016175,-35,63,-20.90395480225989,-38.741721854304636,38.55579868708972,58.503118503118515,0.17094017094017033,4.4085231447465105,-0.3972923575042577,-0.72827134741681,0.5564040344638344,1.5308975183934836,2.6491848206785025,-0.43803548376478746,-0.5537670644267164,-0.7363107781851077,0.6212622190936846,1.5370487494614125,2.650718801466388,-0.440252486123179
24082.756051867,3597147943,1011,1010,1,0,9,65.27630300115561,-35,63,-8.700564971751419,-38.741721854304636,38.905908096280086,58.087318087318096,0.12210012210012167,4.4085231447465105,-0.17256157211157433,-0.72827134741681,0.5626017196427231,1.5231893446630893,2.6476508398906167,-0.43803548376478746,-0.4663301595172349,-0.7317088358214509,0.6212622190936846,1.5370487494614125,2.650718801466388,-0.440252486123179
24082.856141481,3597147943,1014,1013,1,0,9,65.30394900255487,-35,63,1.7702448210922768,-38.741721854304636,38.993435448577685,58.087318087318096,0.12210012210012167,4.4085231447465105,0.020262990663629528,-0.72827134741681,0.5641511409374452,1.5231893446630893,2.6476508398906167,-0.43803548376478746,-0.29145634969827183,-0.7286408742456796,0.6212622190936846,1.5370487494614125,2.6476508398906167,-0.440252486123179
24082.956141191,3597147943,1017,1016,1,0,9,65.43987799886963,-37,63,7.4199623352165816,-39.40397350993378,39.16849015317288,58.503118503118515,0.12210012210012167,4.4085231447465105,0.12430502093802048,-0.7406498612581253,0.5672499835268896,1.5308975183934836,2.6476508398906167,-0.43803548376478746,-0.09510680884890975,-0.7286408742456796,0.6212622190936846,1.5370487494614125,2.6476508398906167,-0.44485442848683593
24083.056145136,3597147943,1020,1019,1,0,9,65.31416000143508,-37,63,7.645951035781536,-39.900662251655625,41.53172866520788,58.75259875259874,0.12210012210012167,4.4085231447465105,0.12846670214899583,-0.7499337466391122,0.6090843584843872,1.53552242263172,2.6476508398906167,-0.43803548376478746,0.06442719309119693,-0.7286408742456796,0.6212622190936846,1.5370487494614125,2.646116859102731,-0.44485442848683593
24083.15615136,3597147943,1023,1021,1,0,45,98.39811399797327,-37,63,7.645951035781536,-44.039735099337754,45.995623632385104,58.83575883575884,0.12210012210012167,4.4085231447465105,0.12846670214899583,-0.8272994581473345,0.688104844515215,1.5370640573777987,2.6476508398906167,-0.43803548376478746,0.1043106935762236,-0.7286408742456796,0.6304661038209985,1.5370487494614125,2.6445828783148455,-0.4479223900626072
24083.256158459,3597147943,1026,1025,1,0,11,65.33413699798984,-37,63,7.645951035781536,-52.81456953642384,52.647702407002186,58.83575883575884,0.12210012210012167,4.4085231447465105,0.12846670214899583,-0.9913147665447661,0.8058608629140968,1.5370640573777987,2.6476508398906167,-0.43803548376478746,0.11351457830353745,-0.7516505860639642,0.6872233929727672,1.5370487494614125,2.6445828783148455,-0.44485442848683593
24083.356203257,3597147943,1029,1028,1,0,12,65.405475001171,-37,63,7.645951035781536,-64.32119205298014,60.78774617067836,58.83575883575884,0.12210012210012167,4.4085231447465105,0.12846670214899583,-1.2063914445376245,0.9499570433232549,1.5370640573777987,2.6476508398906167,-0.43803548376478746,0.1227184630308513,-0.8620972027917303,0.7900001057611052,1.5370487494614125,2.6445828783148455,-0.44638840927472156
24083.456032873,3597147943,1032,1031,1,0,9,65.15881199811702,-37,63,7.645951035781536,-77.40066225165563,69.71553610503284,58.25363825363826,0.12210012210012167,4.4085231447465105,0.12846670214899583,-1.4508670929036074,1.107998015384912,1.526272614155247,2.6476508398906167,-0.43803548376478746,0.12425244381873693,-1.0277671278833795,0.9111845880040709,1.5370487494614125,2.6476508398906167,-0.440252486123179
24083.556105257,3597147943,1035,1034,1,0,3,65.094819998194,-37,63,7.871939736346519,-88.41059602649007,76.98030634573306,58.004158004158,0.12210012210012167,4.4085231447465105,0.1326283833599712,-1.6566598855154788,1.2365999828468484,1.52164770991701,2.6476508398906167,-0.43803548376478746,0.1227184630308513,-1.2333205534600555,1.0584467436410925,1.5370487494614125,2.6491848206785025,-0.440252486123179
24083.655994442,3597147943,1038,1037,1,0,9,65.25975299882703,-37,63,7.721280602636526,-94.95033112582782,81.70678336980305,58.004158004158,0.12210012210012167,4.4085231447465105,0.12985392921932096,-1.7788977096984704,1.3202687327618428,1.52164770991701,2.6476508398906167,-0.43803548376478746,0.1227184630308513,-1.4818254410975293,1.1980389953386859,1.5370487494614125,2.650718801466388,-0.440252486123179
24083.756037452,3597147943,1041,1040,1,0,9,65.18475000120816,-37,63,8.32391713747647,-94.20529801324503,81.18161925601751,58.17047817047819,0.12210012210012167,3.9676708302718593,0.14095174578192263,-1.7649718816269901,1.3109722049935102,1.5247309794091681,2.6476508398906167,-0.4488759152253928,0.1227184630308513,-1.6735730395832344,1.3069516312785663,1.5370487494614125,2.6568547246179306,-0.440252486123179
24083.8560695,3597147943,1044,1043,1,0,10,65.25193599736667,-37,63,8.32391713747647,-89.73509933774835,77.76805251641136,58.004158004158,0.12210012210012167,3.894195444526084,0.14095174578192263,-1.6814169131981103,1.2505447744993472,1.52164770991701,2.6476508398906167,-0.45068265380216055,0.13192234775816514,-1.7502720789775166,1.3268933815210797,1.5370487494614125,2.6568547246179306,-0.440252486123179
24083.956195749,3597147943,1047,1046,1,0,12,65.33828100145911,-37,63,8.39924670433146,-81.45695364238411,69.97811816192561,57.83783783783784,0.073260073260073,3.8207200587803087,0.14233897285224772,-1.5266854901816653,1.1126462792690779,1.5185644404248526,2.646116859102731,-0.45248939237892793,0.13652429012182207,-1.7257283863713464,1.3146215352179944,1.5370487494614125,2.6568547246179306,-0.440252486123179
24084.056184762,3597147943,1050,1049,1,0,8,65.33943099930184,-37,63,8.474576271186436,-69.37086092715232,56.93654266958424,57.83783783783784,-0.31746031746031633,3.7472446730345332,0.14372619992257285,-1.300777612577656,0.8817825063554809,1.5185644404248526,2.633845012799646,-0.45429613095569565,0.13652429012182207,-1.6382914814618648,1.2302525918842842,1.5370487494614125,2.6568547246179306,-0.440252486123179
24084.156117092,3597147943,1053,1052,1,0,3,65.25649099785369,-39,63,8.474576271186436,-55.29801324503311,40.919037199124716,57.83783783783784,-0.366300366300365,3.7472446730345332,0.14372619992257285,-1.0377341934496995,0.5982384094213319,1.5185644404248526,2.6323110320117604,-0.45429613095569565,0.13652429012182207,-1.4787574795217582,1.0722525707320631,1.5370487494614125,2.650718801466388,-0.44178646691106466
24084.256158626,3597147943,1056,1055,1,0,9,65.39111300298828,-39,63,8.474576271186436,-41.556291390728475,25.60175054704594,58.66943866943868,-0.41514041514041367,3.7472446730345332,0.14372619992257285,-0.7808800312424011,0.32708968284495965,1.533980787885641,2.6307770512238746,-0.45429613095569565,0.13652429012182207,-1.2716700731571966,0.8375535101855601,1.5370487494614125,2.6384469551633027,-0.44485442848683593
24084.356105098,3597147943,1059,1058,1,0,9,65.07721600064542,-39,63,8.248587570621481,-30.54635761589404,12.822757111597369,58.75259875259874,-0.46398046398046233,3.7472446730345332,0.1395645187115975,-0.5750872386305291,0.1008741738155293,1.53552242263172,2.629243070435989,-0.45429613095569565,0.13652429012182207,-1.012427320004523,0.5629709491540303,1.5370487494614125,2.6369129743754174,-0.44638840927472156
24084.456075019,3597147943,1062,1061,1,0,10,65.15539299653028,-39,63,8.022598870056498,-26.738410596026483,8.271334792122545,59.002079002079,-0.46398046398046233,3.673769287288758,0.13540283750062213,-0.5039107840429647,0.020304266489978573,1.5401473268699561,2.629243070435989,-0.45610286953246304,0.13652429012182207,-0.7531845668518499,0.30679615757712825,1.5370487494614125,2.633845012799646,-0.4479223900626072
24084.556049722,3597147943,1065,1064,1,0,9,65.21464500110596,-39,63,7.871939736346519,-28.890728476821195,11.072210065645521,59.002079002079,-0.46398046398046233,3.673769287288758,0.1326283833599712,-0.5441409540272405,0.06988574792108704,1.5401473268699561,2.629243070435989,-0.45610286953246304,0.13652429012182207,-0.5706408530934585,0.1564660403643354,1.5370487494614125,2.633845012799646,-0.4479223900626072
24084.656193154,3597147943,1068,1067,1,0,10,65.34115000249585,-39,63,7.7966101694915295,-34.85099337748345,18.8621444201313,59.002079002079,-0.366300366300365,3.673769287288758,0.13124115628964608,-0.6555475785990806,0.20778424315135574,1.5401473268699561,2.6323110320117604,-0.45610286953246304,0.1380582709097077,-0.526155410244775,0.13192234775816514,1.5370487494614125,2.633845012799646,-0.4479223900626072
24084.756094712,3597147943,1071,1070,1,0,9,65.29318300090381,-39,63,8.173258003766477,-44.37086092715232,30.67833698030634,59.002079002079,-0.073260073260073,3.673769287288758,0.13817729164127238,-0.8334887150679925,0.4169561179388428,1.5401473268699561,2.641514916739074,-0.45610286953246304,0.1380582709097077,-0.5660389107298016,0.20401944478879028,1.5370487494614125,2.633845012799646,-0.4479223900626072
24084.856037402,3597147943,1074,1073,1,0,10,65.11408699952881,-39,63,8.39924670433146,-56.45695364238411,44.24507658643327,59.002079002079,0.024420024420024333,3.673769287288758,0.14233897285224772,-1.059396592672002,0.6571164186207727,1.5401473268699561,2.6445828783148455,-0.45610286953246304,0.1380582709097077,-0.679553489033339,0.3512816004258118,1.5370487494614125,2.633845012799646,-0.4433204476989503
24084.956193753,3597147943,1077,1076,1,0,10,65.27981799808913,-39,63,8.474576271186436,-69.20529801324503,57.724288840262574,58.918918918918905,0.073260073260073,3.673769287288758,0.14372619992257285,-1.2976829841173267,0.8957272980079799,1.5386056921238773,2.646116859102731,-0.45610286953246304,0.1380582709097077,-0.8467573949128739,0.5629709491540303,1.5370487494614125,2.633845012799646,-0.44178646691106466
24085.056148064,3597147943,1080,1079,1,0,7,65.18793599752826,-39,63,8.474576271186436,-79.8841059602649,69.01531728665208,58.918918918918905,0.073260073260073,3.673769287288758,0.14372619992257285,-1.4972865198085408,1.0956026450271346,1.5386056921238773,2.646116859102731,-0.45610286953246304,0.1380582709097077,-1.0676506283684062,0.8007379712763046,1.5370487494614125,2.633845012799646,-0.44178646691106466
24085.156204943,3597147943,1083,1082,1,0,10,65.38213400199311,-39,63,8.549905838041425,-86.42384105960265,76.01750547045953,58.087318087318096,0.12210012210012167,3.673769287288758,0.14511342699289798,-1.6195243439915323,1.219556348604905,1.5231893446630893,2.6476508398906167,-0.45610286953246304,0.1380582709097077,-1.303883669702795,1.021631204731837,1.5370487494614125,2.633845012799646,-0.44178646691106466
24085.256128362,3597147943,1086,1085,1,0,13,65.36711800072226,-40,63,8.549905838041425,-86.67218543046357,75.84245076586433,58.004158004158,0.12210012210012167,3.673769287288758,0.14511342699289798,-1.6241662866820255,1.2164575060154605,1.52164770991701,2.6476508398906167,-0.45610286953246304,0.1380582709097077,-1.521708941582556,1.1826991874598294,1.5370487494614125,2.633845012799646,-0.44178646691106466
24085.356185626,3597147943,1089,1088,1,0,9,65.3833010001108,-40,63,8.549905838041425,-82.36754966887418,70.15317286652078,57.75467775467774,0.12210012210012167,3.673769287288758,0.14511342699289798,-1.5437059467134742,1.1157451218585221,1.5170228056787738,2.6476508398906167,-0.45610286953246304,0.1380582709097077,-1.5984079809768381,1.2256506495206272,1.5370487494614125,2.633845012799646,-0.44178646691106466
24085.456066993,3597147943,1092,1091,1,0,10,65.32090600012452,-40,63,8.549905838041425,-72.26821192052981,58.424507658643336,57.75467775467774,-0.073260073260073,3.673769287288758,0.14511342699289798,-1.3549336106334116,0.9081226683657574,1.5170228056787738,2.641514916739074,-0.45610286953246304,0.1380582709097077,-1.5846021538858672,1.201106956914457,1.5370487494614125,2.633845012799646,-0.44178646691106466
24085.556102867,3597147943,1095,1094,1,0,10,65.2078849998361,-40,63,8.549905838041425,-57.78145695364238,44.42013129102844,57.75467775467774,-0.366300366300365,3.673769287288758,0.14511342699289798,-1.084153620354633,0.6602152612102171,1.5170228056787738,2.6323110320117604,-0.45610286953246304,0.1380582709097077,-1.4879613642490719,1.0661166475805206,1.5370487494614125,2.633845012799646,-0.44178646691106466
24085.656175603,3597147943,1098,1097,1,0,9,65.34489700061386,-40,63,8.549905838041425,-43.211920529801326,31.115973741794306,57.75467775467774,-0.41514041514041367,3.673769287288758,0.14511342699289798,-0.81182631584569,0.4247032244124537,1.5170228056787738,2.6307770512238746,-0.45610286953246304,0.1380582709097077,-1.303883669702795,0.8666991451553873,1.5370487494614125,2.633845012799646,-0.44178646691106466
24085.756086394,3597147943,1101,1100,1,0,9,65.2711549992091,-40,63,8.474576271186436,-31.539735099337747,19.562363238512035,57.75467775467774,-0.46398046398046233,3.673769287288758,0.14372619992257285,-0.5936550093925028,0.2201796135091332,1.5170228056787738,2.629243070435989,-0.45610286953246304,0.1380582709097077,-1.0661166475805206,0.6381360077604268,1.5370487494614125,2.633845012799646,-0.4433204476989503
24085.856055918,3597147943,1104,1103,1,0,7,65.25631200202042,-40,63,8.022598870056498,-27.731788079470192,11.509846827133472,58.83575883575884,-0.46398046398046233,3.673769287288758,0.13540283750062213,-0.5224785548049381,0.07763285439469725,1.5370640573777987,2.629243070435989,-0.45610286953246304,0.1380582709097077,-0.7961360289126478,0.41570879351700873,1.5370487494614125,2.633845012799646,-0.4433204476989503
24085.956097182,3597147943,1107,1106,1,0,10,65.29009400037467,-40,63,7.871939736346519,-28.807947019867555,12.73522975929977,58.918918918918905,-0.46398046398046233,3.673769287288758,0.1326283833599712,-0.5425936397970763,0.09932475252080712,1.5386056921238773,2.629243070435989,-0.45610286953246304,0.1380582709097077,-0.5967185264875144,0.23930100291016002,1.5370487494614125,2.6323110320117604,-0.4433204476989503
24086.056223811,3597147943,1110,1109,1,0,10,65.29701600084081,-40,63,7.7966101694915295,-34.27152317880795,19.649890590809633,58.918918918918905,-0.46398046398046233,3.673769287288758,0.13124115628964608,-0.6447163789879297,0.2217290348038554,1.5386056921238773,2.629243070435989,-0.45610286953246304,0.13959225169759334,-0.5414952181236313,0.18714565612204823,1.5370487494614125,2.6323110320117604,-0.4433204476989503
24086.156170438,3597147943,1113,1112,1,0,9,65.41682999886689,-40,63,8.022598870056498,-43.79139072847682,31.378555798687103,58.918918918918905,-0.366300366300365,3.673769287288758,0.13540283750062213,-0.8226575154568414,0.42935148829662023,1.5386056921238773,2.6323110320117604,-0.45610286953246304,0.13959225169759334,-0.5614369683661447,0.22089323345553233,1.5370487494614125,2.6323110320117604,-0.44485442848683593
24086.256345271,3597147943,1116,1115,1,0,10,65.5149310005072,-40,63,8.474576271186436,-56.29139072847682,45.820568927789935,58.918918918918905,-0.024420024420024333,3.673769287288758,0.14372619992257285,-1.0563019642116729,0.6850060019257713,1.5386056921238773,2.6430488975269597,-0.45610286953246304,0.13959225169759334,-0.6642136811544826,0.3727573314562108,1.5370487494614125,2.6323110320117604,-0.44485442848683593
24086.35608492,3597147943,1119,1118,1,0,9,65.18706499991822,-39,63,8.474576271186436,-69.45364238410596,60.0,58.918918918918905,0.073260073260073,3.673769287288758,0.14372619992257285,-1.30232492680782,0.9360122516707553,1.5386056921238773,2.646116859102731,-0.45610286953246304,0.13959225169759334,-0.8452234141249882,0.5951845456996288,1.5370487494614125,2.6323110320117604,-0.4433204476989503
24086.456057076,3597147943,1122,1121,1,0,11,65.13324100160389,-39,63,8.474576271186436,-80.2980132450331,71.90371991247264,58.83575883575884,0.073260073260073,3.673769287288758,0.14372619992257285,-1.505023090959363,1.1467335477529645,1.5370640573777987,2.646116859102731,-0.45610286953246304,0.1380582709097077,-1.0753205323078345,0.842155452549217,1.5370487494614125,2.6369129743754174,-0.440252486123179
24086.556073079,3597147943,1125,1124,1,0,9,65.26866500280448,-39,63,8.474576271186436,-86.75496688741723,78.03063457330416,58.004158004158,0.073260073260073,3.673769287288758,0.14372619992257285,-1.6257136009121902,1.2551930383835137,1.52164770991701,2.646116859102731,-0.45610286953246304,0.1380582709097077,-1.3100195928543377,1.064582666792635,1.5370487494614125,2.641514916739074,-0.440252486123179
24086.656254239,3597147943,1128,1127,1,0,9,65.39046200123266,-39,63,8.549905838041425,-86.09271523178808,76.01750547045953,57.75467775467774,0.073260073260073,3.673769287288758,0.14511342699289798,-1.6133350870708743,1.219556348604905,1.5170228056787738,2.646116859102731,-0.45610286953246304,0.1380582709097077,-1.5278448647340985,1.222582687944856,1.5370487494614125,2.6430488975269597,-0.440252486123179
24086.756155246,3597147943,1131,1130,1,0,12,65.20534000082989,-39,63,8.474576271186436,-80.13245033112582,67.26477024070022,57.67151767151768,0.073260073260073,3.673769287288758,0.14372619992257285,-1.5019284624990341,1.0646142191326922,1.5154811709326952,2.646116859102731,-0.45610286953246304,0.1380582709097077,-1.5968740001889525,1.244058418975255,1.5370487494614125,2.6430488975269597,-0.44945637085049284
24086.856140939,3597147943,1134,1133,1,0,10,65.17066300148144,-39,63,8.248587570621481,-66.97019867549669,54.31072210065645,57.67151767151768,-0.366300366300365,3.673769287288758,0.1395645187115975,-1.2559054999028867,0.8352998675138176,1.5154811709326952,2.6323110320117604,-0.45610286953246304,0.1380582709097077,-1.564660403643354,1.175029283520401,1.5370487494614125,2.6430488975269597,-0.45099035163837853
24086.956087895,3597147943,1137,1136,1,0,9,65.12358100007987,-39,63,8.32391713747647,-49.586092715231786,39.080962800875284,57.67151767151768,-0.41514041514041367,3.673769287288758,0.14095174578192263,-0.9309695115683527,0.5657005622321675,1.5154811709326952,2.6307770512238746,-0.45610286953246304,0.1380582709097077,-1.4342720366730746,1.0200972239439514,1.5370487494614125,2.6430488975269597,-0.45099035163837853
24087.056190445,3597147943,1140,1139,1,0,9,65.31393700061017,-39,63,8.549905838041425,-33.443708609271525,24.026258205689288,57.75467775467774,-0.46398046398046233,3.673769287288758,0.14511342699289798,-0.6292432366862855,0.29920009953996174,1.5170228056787738,2.629243070435989,-0.45610286953246304,0.1380582709097077,-1.2195147263690846,0.7961360289126478,1.5370487494614125,2.6430488975269597,-0.45099035163837853
24087.156184624,3597147943,1143,1142,1,0,13,65.29262600088259,-39,63,8.39924670433146,-22.764900662251648,10.547045951859957,58.66943866943868,-0.46398046398046233,3.673769287288758,0.14233897285224772,-0.4296397009950712,0.06058922015275395,1.533980787885641,2.629243070435989,-0.45610286953246304,0.1380582709097077,-0.9265243958829272,0.5338253141842031,1.5370487494614125,2.6430488975269597,-0.45099035163837853
24087.256095004,3597147943,1146,1145,1,0,9,65.19635699805804,-39,63,8.022598870056498,-20.943708609271525,3.019693654266959,59.002079002079,-0.46398046398046233,3.673769287288758,0.13540283750062213,-0.39559878793145375,-0.07266101119334892,1.5401473268699561,2.629243070435989,-0.45610286953246304,0.1380582709097077,-0.6304661038209985,0.29605829206192874,1.5370487494614125,2.6399809359511885,-0.45099035163837853
24087.356079056,3597147943,1149,1148,1,0,9,65.24798200189252,-39,63,8.32391713747647,-22.599337748344368,5.2078774617067864,60.08316008316007,-0.46398046398046233,3.673769287288758,0.14095174578192263,-0.4265450725347424,-0.033925478825295736,1.5601885785689809,2.629243070435989,-0.45610286953246304,0.1380582709097077,-0.4433204476989503,0.10124273200045232,1.5370487494614125,2.6323110320117604,-0.45099035163837853
24087.456110747,3597147943,1152,1151,1,0,7,65.34477600143873,-38,63,8.248587570621481,-28.228476821192046,10.897155361050338,62.57796257796258,-0.46398046398046233,3.673769287288758,0.1395645187115975,-0.5317624401859249,0.06678690533164267,1.606437620951346,2.629243070435989,-0.45610286953246304,0.13959225169759334,-0.4111068511533518,0.047553404424454875,1.547786614976612,2.6353789935875316,-0.45099035163837853
24087.556015324,3597147943,1155,1154,1,0,10,65.21116300064023,-38,63,8.097928436911488,-37.5,20.43763676148795,66.48648648648648,-0.46398046398046233,3.673769287288758,0.13679006457094725,-0.7050616339643433,0.23567382645635365,1.6788944540170516,2.629243070435989,-0.45610286953246304,0.1380582709097077,-0.440252486123179,0.08283496254582462,1.5892040962495242,2.633845012799646,-0.45099035163837853
24087.656178326,3597147943,1158,1157,1,0,9,65.32526900264202,-38,63,8.173258003766477,-49.751655629139066,32.77899343544857,70.22869022869023,-0.12210012210012167,3.673769287288758,0.13817729164127238,-0.9340641400286812,0.45414222901217377,1.748268017590599,2.6399809359511885,-0.45610286953246304,0.13959225169759334,-0.5460971604872883,0.19481556006147643,1.6459613854012929,2.6323110320117604,-0.45099035163837853
24087.756086089,3597147943,1161,1160,1,0,10,65.25268699988374,-38,63,8.474576271186436,-62.831125827814574,46.52078774617067,71.975051975052,-0.024420024420024333,3.673769287288758,0.14372619992257285,-1.1785397883946644,0.6974013722835475,1.7806423472582549,2.6430488975269597,-0.45610286953246304,0.1380582709097077,-0.7148350471547088,0.3727573314562108,1.713456540068261,2.6353789935875316,-0.45099035163837853
24087.856170112,3597147943,1164,1163,1,0,11,65.34680500044487,-38,63,8.474576271186436,-73.75827814569537,58.24945295404814,72.64033264033264,0.024420024420024333,3.673769287288758,0.14372619992257285,-1.3827852667763718,0.905023825776313,1.7929754252268852,2.6445828783148455,-0.45610286953246304,0.1380582709097077,-0.9372622613981267,0.5982525072754,1.7579419829169447,2.6369129743754174,-0.45099035163837853
24087.956039398,3597147943,1167,1166,1,0,9,65.30431699866313,-38,63,8.474576271186436,-82.28476821192054,65.60175054704595,72.55717255717255,0.024420024420024333,3.673769287288758,0.14372619992257285,-1.5421586324833099,1.0351752145329716,1.791433790480806,2.6445828783148455,-0.45610286953246304,0.1380582709097077,-1.1857671490356005,0.8298836062461319,1.782485675523115,2.6399809359511885,-0.45099035163837853
24088.056155408,3597147943,1170,1169,1,0,9,65.25868800235912,-38,63,8.474576271186436,-85.18211920529801,68.14004376367615,72.55717255717255,0.024420024420024333,3.673769287288758,0.14372619992257285,-1.5963146305390652,1.0801084320799135,1.791433790480806,2.6445828783148455,-0.45610286953246304,0.1380582709097077,-1.4158642672184467,0.9986214929135524,1.787087617886772,2.6430488975269597,-0.45099035163837853
24088.156153056,3597147943,1173,1172,1,0,10,65.31163100225967,-38,63,8.474576271186436,-85.26490066225165,69.10284463894968,72.55717255717255,0.024420024420024333,3.673769287288758,0.14372619992257285,-1.5978619447692297,1.0971520663218568,1.791433790480806,2.6445828783148455,-0.45610286953246304,0.1380582709097077,-1.5462526341887264,1.0753205323078345,1.787087617886772,2.6430488975269597,-0.45099035163837853
24088.256194012,3597147943,1176,1175,1,0,10,65.07375100045465,-38,63,8.474576271186436,-85.26490066225165,69.36542669584244,72.55717255717255,0.024420024420024333,3.673769287288758,0.14372619992257285,-1.5978619447692297,1.1018003302060233,1.791433790480806,2.6445828783148455,-0.45610286953246304,0.1380582709097077,-1.586136134673753,1.102932186489776,1.787087617886772,2.6430488975269597,-0.45099035163837853
24088.35612975,3597147943,1179,1178,1,0,10,65.2524409997568,-38,63,8.549905838041425,-85.43046357615894,69.45295404814004,72.55717255717255,0.073260073260073,3.673769287288758,0.14511342699289798,-1.600956573229559,1.1033497515007453,1.791433790480806,2.646116859102731,-0.45610286953246304,0.1380582709097077,-1.5953400194010667,1.1075341288534328,1.787087617886772,2.6430488975269597,-0.45099035163837853
24088.456044529,3597147943,1182,1181,1,0,10,65.18332199993893,-38,63,8.549905838041425,-85.3476821192053,69.97811816192561,72.55717255717255,0.073260073260073,3.673769287288758,0.14511342699289798,-1.5994092589993945,1.1126462792690779,1.791433790480806,2.646116859102731,-0.45610286953246304,0.1380582709097077,-1.5953400194010667,1.1075341288534328,1.787087617886772,2.6430488975269597,-0.45099035163837853
24088.556128398,3597147943,1185,1184,1,0,10,65.26776400278322,-38,63,8.625235404896415,-85.84437086092716,72.34135667396063,72.47401247401248,0.073260073260073,3.673769287288758,0.1465006540632231,-1.6086931443803811,1.154480654226576,1.7898921557347278,2.646116859102731,-0.45610286953246304,0.1380582709097077,-1.5984079809768381,1.1182719943686323,1.7794177139473437,2.6430488975269597,-0.45099035163837853
24088.656093671,3597147943,1188,1187,1,0,9,65.22286900144536,-41,63,8.625235404896415,-86.00993377483444,75.84245076586433,72.47401247401248,0.073260073260073,3.673769287288758,0.1465006540632231,-1.6117877728407097,1.2164575060154605,1.7898921557347278,2.646116859102731,-0.45610286953246304,0.1380582709097077,-1.5999419617647237,1.1520195717021164,1.7748157715836868,2.6430488975269597,-0.45099035163837853
24088.756086886,3597147943,1191,1190,1,0,10,65.20210400049109,-41,63,8.625235404896415,-86.09271523178808,77.76805251641136,72.47401247401248,0.073260073260073,3.673769287288758,0.1465006540632231,-1.6133350870708743,1.2505447744993472,1.7898921557347278,2.646116859102731,-0.45610286953246304,0.1380582709097077,-1.607611865704152,1.210310841641771,1.7794177139473437,2.6445828783148455,-0.45099035163837853
24088.856225281,3597147943,1194,1193,1,0,9,65.3794329991797,-41,63,8.625235404896415,-86.09271523178808,78.38074398249452,72.47401247401248,0.073260073260073,3.673769287288758,0.1465006540632231,-1.6133350870708743,1.2613907235624018,1.7898921557347278,2.646116859102731,-0.45610286953246304,0.1380582709097077,-1.6137477888556946,1.239456476611598,1.7763497523715726,2.6445828783148455,-0.45099035163837853
24088.956235471,3597147943,1197,1196,1,0,7,65.40899600076955,-41,63,8.625235404896415,-86.09271523178808,78.38074398249452,72.47401247401248,0.073260073260073,3.673769287288758,0.1465006540632231,-1.6133350870708743,1.2613907235624018,1.7898921557347278,2.646116859102731,-0.45610286953246304,0.1380582709097077,-1.6152817696435802,1.244058418975255,1.7763497523715726,2.6445828783148455,-0.45099035163837853
24089.056193083,3597147943,1200,1199,1,0,10,65.14254500143579,-41,63,8.625235404896415,-86.09271523178808,78.38074398249452,72.39085239085239,0.073260073260073,3.673769287288758,0.1465006540632231,-1.6133350870708743,1.2613907235624018,1.7883505209886486,2.646116859102731,-0.45610286953246304,0.1380582709097077,-1.6152817696435802,1.2532623037025687,1.7763497523715726,2.6445828783148455,-0.45099035163837853
24089.15613217,3597147943,1203,1202,1,0,10,65.21534999774303,-41,63,8.022598870056498,-86.09271523178808,78.03063457330416,72.05821205821206,0.073260073260073,3.673769287288758,0.13540283750062213,-1.6133350870708743,1.2551930383835137,1.7821839820043335,2.646116859102731,-0.45610286953246304,0.1380582709097077,-1.6152817696435802,1.2547962844904545,1.7763497523715726,2.6445828783148455,-0.45099035163837853
24089.256181859,3597147943,1206,1205,1,0,9,65.16878200272913,-41,63,7.871939736346519,-86.09271523178808,75.49234135667396,68.14968814968816,0.073260073260073,3.673769287288758,0.1326283833599712,-1.6133350870708743,1.2102598208365718,1.709727148938628,2.646116859102731,-0.45610286953246304,0.1380582709097077,-1.6152817696435802,1.2563302652783401,1.7763497523715726,2.6445828783148455,-0.45099035163837853
24089.356102953,3597147943,1209,1208,1,0,9,65.2148480003234,-41,63,7.871939736346519,-85.51324503311258,70.15317286652078,61.16424116424116,0.073260073260073,3.673769287288758,0.1326283833599712,-1.6025038874597233,1.1157451218585221,1.5802298302680062,2.646116859102731,-0.45610286953246304,0.1380582709097077,-1.6137477888556946,1.248660361338912,1.731864309522889,2.6445828783148455,-0.45099035163837853
24089.456020773,3597147943,1212,1211,1,0,10,65.14511199929984,-41,63,8.549905838041425,-85.18211920529801,63.23851203501093,53.43035343035342,0.12210012210012167,3.673769287288758,0.14511342699289798,-1.5963146305390652,0.9933408395754739,1.4368577988826747,2.6476508398906167,-0.45610286953246304,0.13959225169759334,-1.6137477888556946,1.201106956914457,1.6413594430376361,2.6399809359511885,-0.45559229400203544
24089.556024346,3597147943,1215,1214,1,0,9,65.234869998676,-41,63,8.549905838041425,-85.09933774834437,57.11159737417944,45.69646569646571,0.12210012210012167,3.673769287288758,0.14511342699289798,-1.594767316308901,0.8848813489449253,1.293485767497343,2.6476508398906167,-0.45610286953246304,0.13959225169759334,-1.6122138080678088,1.1075341288534328,1.5186409800067848,2.6476508398906167,-0.45099035163837853
24089.656088645,3597147943,1218,1217,1,0,9,65.25994299954618,-41,63,8.549905838041425,-85.09933774834437,52.472647702407016,39.95841995841997,0.12210012210012167,3.673769287288758,0.14511342699289798,-1.594767316308901,0.802762020324653,1.1871129700179035,2.6476508398906167,-0.45610286953246304,0.14112623248547898,-1.6091458464920376,1.0032234352772094,1.3882526130365052,2.6476508398906167,-0.45559229400203544
24089.755986081,3597147943,1221,1220,1,0,9,65.20148500203504,-40,63,8.549905838041425,-84.43708609271523,53.17286652078775,37.96257796257797,0.12210012210012167,3.673769287288758,0.14511342699289798,-1.5823888024675854,0.8151573906824299,1.1501137361120115,2.6476508398906167,-0.45610286953246304,0.14112623248547898,-1.6106798272799232,0.9096506072161852,1.2686021115814252,2.6476508398906167,-0.4586602555778067
24089.856265685,3597147943,1224,1223,1,0,9,65.48652900164598,-40,63,8.549905838041425,-82.28476821192054,56.32385120350111,37.96257796257797,0.12210012210012167,3.673769287288758,0.14511342699289798,-1.5421586324833099,0.8709365572924264,1.1501137361120115,2.6476508398906167,-0.45610286953246304,0.14112623248547898,-1.6106798272799232,0.8820389530342436,1.2241166687327416,2.6476508398906167,-0.4586602555778067
24089.956209936,3597147943,1227,1226,1,0,9,65.32967000021017,-40,63,8.625235404896415,-79.3046357615894,60.1750547045952,37.96257796257797,0.12210012210012167,3.673769287288758,0.1465006540632231,-1.4864553201973894,0.9391110942601996,1.1501137361120115,2.6476508398906167,-0.45610286953246304,0.14112623248547898,-1.5753982691585535,0.8897088569736719,1.1780972450961724,2.6476508398906167,-0.46019423636569234
24090.056233792,3597147943,1230,1229,1,0,9,65.19258099797298,-40,63,8.625235404896415,-75.99337748344371,62.538293216630194,37.96257796257797,0.12210012210012167,3.673769287288758,0.1465006540632231,-1.4245627509908116,0.9809454692176972,1.1501137361120115,2.6476508398906167,-0.45610286953246304,0.14112623248547898,-1.5293788455219843,0.9387962421860124,1.1719613219446299,2.6476508398906167,-0.46019423636569234
24090.156290682,3597147943,1233,1232,1,0,10,65.3104560005886,-40,63,8.625235404896415,-72.01986754966887,63.67614879649889,37.96257796257797,-0.31746031746031633,3.673769287288758,0.1465006540632231,-1.3502916679429182,1.001087946049085,1.1501137361120115,2.633845012799646,-0.45610286953246304,0.14112623248547898,-1.4634176716429017,0.9863496466104673,1.1719613219446299,2.6476508398906167,-0.46019423636569234
24090.256218188,3597147943,1236,1235,1,0,9,65.29254300039611,-40,63,8.474576271186436,-68.21192052980132,61.575492341356664,37.8794178794179,-0.41514041514041367,3.673769287288758,0.14372619992257285,-1.2791152133553534,0.9639018349757539,1.1485721013659327,2.6307770512238746,-0.45610286953246304,0.14112623248547898,-1.3928545554001621,1.0139613007924089,1.1719613219446299,2.6399809359511885,-0.46019423636569234
24090.356291616,3597147943,1239,1238,1,0,9,64.97533500078134,-40,63,7.721280602636526,-64.48675496688742,56.586433260393875,37.8794178794179,-0.46398046398046233,3.673769287288758,0.12985392921932096,-1.2094860729979533,0.8755848211765929,1.1485721013659327,2.629243070435989,-0.45610286953246304,0.14112623248547898,-1.320757458369537,1.0108933392166375,1.1719613219446299,2.6369129743754174,-0.46019423636569234
24090.456156752,3597147943,1242,1241,1,0,9,65.14433299889788,-40,63,5.762711864406782,-60.84437086092716,50.634573304157556,37.8794178794179,-0.46398046398046233,3.673769287288758,0.09378602539086575,-1.1414042468707177,0.770224173135488,1.1485721013659327,2.629243070435989,-0.45610286953246304,0.14112623248547898,-1.2517283229146832,0.966407896367954,1.1719613219446299,2.6369129743754174,-0.46019423636569234
24090.556057368,3597147943,1245,1244,1,0,9,65.28078400151571,-40,63,0.6403013182674187,-57.698675496688736,46.08315098468273,37.96257796257797,-0.46398046398046233,3.673769287288758,-0.000545415391248312,-1.0826063061244684,0.6896542658099379,1.1501137361120115,2.629243070435989,-0.45610286953246304,0.11658253987930872,-1.1826991874598294,0.8835729338221293,1.1719613219446299,2.6369129743754174,-0.46019423636569234
24090.656088524,3597147943,1248,1247,1,0,8,65.007961999072,-40,63,-5.6873822975517925,-55.049668874172184,43.19474835886214,37.96257796257797,-0.46398046398046233,3.673769287288758,-0.11707248929856569,-1.0330922507592062,0.6385233630841073,1.1501137361120115,2.629243070435989,-0.45610286953246304,0.044485442848683596,-1.1198059751565181,0.7992039904884191,1.1719613219446299,2.6369129743754174,-0.46019423636569234
24090.756038712,3597147943,1251,1250,1,0,9,65.05546799962758,-40,63,-12.090395480225993,-53.973509933774835,42.49452954048141,37.96257796257797,-0.46398046398046233,3.673769287288758,-0.23498679027620856,-1.0129771657670683,0.6261279927263305,1.1501137361120115,2.629243070435989,-0.45610286953246304,-0.05522330836388308,-1.0615147052168636,0.7347767973972221,1.1704273411567443,2.6369129743754174,-0.46019423636569234
24090.856193465,3597147943,1254,1253,1,0,10,65.27249200007645,-40,63,-18.267419962335225,-54.3046357615894,42.66958424507658,37.96257796257797,-0.46398046398046233,3.673769287288758,-0.34873941004287534,-1.0191664226877262,0.6292268353157742,1.1501137361120115,2.629243070435989,-0.45610286953246304,-0.16720390587953488,-1.021631204731837,0.7025632008516236,1.1704273411567443,2.6369129743754174,-0.46019423636569234
24090.956178349,3597147943,1257,1256,1,0,10,64.86887699793442,-40,63,-22.937853107344637,-54.056291390728475,42.66958424507658,39.04365904365906,-0.46398046398046233,3.673769287288758,-0.43474748840303834,-1.0145244799972328,0.6292268353157742,1.1701549878110369,2.629243070435989,-0.45610286953246304,-0.27765052260730105,-1.0185632431560658,0.6979612584879668,1.1704273411567443,2.6369129743754174,-0.46019423636569234
24091.056278142,3597147943,1260,1259,1,0,9,64.91178199939895,-40,63,-25.72504708097928,-53.64238410596027,42.66958424507658,41.53846153846155,-0.46398046398046233,3.673769287288758,-0.4860748900050709,-1.0067879088464105,0.6292268353157742,1.2164040301934014,2.629243070435989,-0.45610286953246304,-0.38502917775929596,-1.0185632431560658,0.6964272777000811,1.175029283520401,2.6369129743754174,-0.46019423636569234
24091.15630503,3597147943,1263,1262,1,0,10,64.94293099967763,-40,63,-23.917137476459516,-53.55960264900662,42.66958424507658,44.365904365904385,-0.46398046398046233,3.673769287288758,-0.4527814403172659,-1.005240594616246,0.6292268353157742,1.268819611560082,2.629243070435989,-0.45610286953246304,-0.4540583132141498,-1.009359358428752,0.6964272777000811,1.2087768608538851,2.6369129743754174,-0.46019423636569234
24091.256298725,3597147943,1266,1265,1,0,13,64.95706399800838,-40,63,-18.493408662900194,-53.55960264900662,42.66958424507658,46.69438669438671,-0.46398046398046233,3.673769287288758,-0.35290109125385105,-1.005240594616246,0.6292268353157742,1.3119853844502891,2.629243070435989,-0.45610286953246304,-0.4586602555778067,-1.004757416065095,0.6964272777000811,1.2517283229146832,2.6369129743754174,-0.46019423636569234
24091.356291632,3597147943,1269,1268,1,0,9,64.92594500014093,-40,63,-10.659133709981177,-53.47682119205298,42.75711159737418,47.60914760914761,-0.46398046398046233,3.673769287288758,-0.20862947594002954,-1.0036932803860814,0.6307762566104964,1.3289433666571564,2.629243070435989,-0.45610286953246304,-0.3942330624866098,-1.0032234352772094,0.6964272777000811,1.2946797849754812,2.6369129743754174,-0.46019423636569234
24091.456095314,3597147943,1272,1271,1,0,10,65.03059700116864,-40,63,-2.9755178907721245,-54.139072847682115,44.15754923413567,48.02494802494803,-0.46398046398046233,3.673769287288758,-0.06713231476685824,-1.0160717942273974,0.6555669973260506,1.3366515403875507,2.629243070435989,-0.45610286953246304,-0.2791845033951867,-1.0032234352772094,0.6964272777000811,1.3222914391574228,2.6369129743754174,-0.46019423636569234
24091.556095236,3597147943,1275,1274,1,0,9,65.21290499949828,-40,63,2.674199623352152,-54.801324503311264,50.45951859956236,48.02494802494803,-0.46398046398046233,3.673769287288758,0.036909715507531665,-1.0284503080687126,0.7671253305460436,1.3366515403875507,2.629243070435989,-0.45610286953246304,-0.14266021327336462,-1.004757416065095,0.7025632008516236,1.3330293046726223,2.6369129743754174,-0.4586602555778067
24091.655975274,3597147943,1278,1277,1,0,9,65.11742099974072,-40,63,6.817325800376636,-59.437086092715234,58.599562363238505,48.02494802494803,-0.46398046398046233,3.673769287288758,0.11320720437541813,-1.115099904957922,0.9112215109552018,1.3366515403875507,2.629243070435989,-0.45610286953246304,-0.018407769454627694,-1.004757416065095,0.7562525284276211,1.3330293046726223,2.6353789935875316,-0.4586602555778067
24091.75599771,3597147943,1281,1280,1,0,10,65.19922699953895,-40,63,8.700564971751419,-67.71523178807948,66.91466083150985,48.02494802494803,-0.46398046398046233,3.673769287288758,0.14788788113354892,-1.269831327974367,1.0584165339538034,1.3366515403875507,2.629243070435989,-0.45610286953246304,0.05522330836388308,-1.043106935762236,0.8789709914584724,1.3330293046726223,2.6353789935875316,-0.4586602555778067
24091.856048116,3597147943,1284,1283,1,0,9,65.26849700094317,-40,63,9.152542372881342,-77.31788079470199,74.9671772428884,48.02494802494803,-0.024420024420024333,3.673769287288758,0.15621124355549965,-1.449319778673443,1.2009632930682388,1.3366515403875507,2.6430488975269597,-0.45610286953246304,0.11351457830353745,-1.1489516101263453,1.0185632431560658,1.3330293046726223,2.6353789935875316,-0.45559229400203544
24091.956185922,3597147943,1287,1286,1,0,10,65.26975199813023,-39,63,9.303201506591336,-85.43046357615894,81.53172866520788,48.02494802494803,0.024420024420024333,3.673769287288758,0.15898569769615056,-1.600956573229559,1.317169890172399,1.3366515403875507,2.6445828783148455,-0.45610286953246304,0.13959225169759334,-1.303883669702795,1.1596894756415448,1.3330293046726223,2.6369129743754174,-0.4586602555778067
24092.056183757,3597147943,1290,1289,1,0,9,65.30765700154006,-39,63,9.679849340866298,-92.13576158940397,86.60831509846827,48.02494802494803,0.024420024420024333,3.673769287288758,0.16592183304777686,-1.726289025872879,1.407036325266282,1.3366515403875507,2.6445828783148455,-0.45610286953246304,0.15033011721279282,-1.4756895179459868,1.2916118233997098,1.3330293046726223,2.6369129743754174,-0.45712627478992107
24092.155949976,3597147943,1293,1292,1,0,9,65.01186199966469,-39,63,9.679849340866298,-95.52980132450331,89.8468271334792,48.02494802494803,0.024420024420024333,3.673769287288758,0.16592183304777686,-1.7897289093096216,1.4643649131710008,1.3366515403875507,2.6445828783148455,-0.45610286953246304,0.15800002115222103,-1.6382914814618648,1.397456497763819,1.3330293046726223,2.6369129743754174,-0.4586602555778067
24092.256343947,3597147943,1296,1295,1,0,9,65.42266999895219,-39,63,9.679849340866298,-96.52317880794702,91.24726477024069,48.1081081081081,-0.31746031746031633,3.673769287288758,0.16592183304777686,-1.8082966800715947,1.4891556538865542,1.338193175133629,2.633845012799646,-0.45610286953246304,0.1595340019401067,-1.7426021750380885,1.4618836908550161,1.3330293046726223,2.6369129743754174,-0.4586602555778067
24092.356116364,3597147943,1299,1298,1,0,9,65.01467400084948,-39,63,9.679849340866298,-96.8543046357616,91.77242888402625,48.1081081081081,0.024420024420024333,3.673769287288758,0.16592183304777686,-1.8144859369922528,1.4984521816548875,1.338193175133629,2.6445828783148455,-0.45610286953246304,0.1595340019401067,-1.7886215986746576,1.4925633066127288,1.3330293046726223,2.6369129743754174,-0.4586602555778067
24092.456008203,3597147943,1302,1301,1,0,3,64.84970900055487,-39,63,9.303201506591336,-96.35761589403974,92.03501094091905,48.1081081081081,-0.024420024420024333,3.673769287288758,0.15898569769615056,-1.805202051611266,1.503100445539054,1.338193175133629,2.6430488975269597,-0.45610286953246304,0.1595340019401067,-1.8070293681292853,1.5079031144915853,1.3330293046726223,2.6369129743754174,-0.4586602555778067
24092.556127326,3597147943,1305,1304,1,0,10,65.27748899679864,-39,63,8.926553672316388,-96.44039735099338,92.21006564551422,48.1081081081081,0.024420024420024333,3.673769287288758,0.15204956234452427,-1.8067493658414302,1.5061992881284985,1.338193175133629,2.6445828783148455,-0.45610286953246304,0.1595340019401067,-1.8070293681292853,1.5125050568552423,1.3330293046726223,2.6399809359511885,-0.4586602555778067
24092.656145336,3597147943,1308,1307,1,0,9,65.29285500073456,-39,63,8.775894538606408,-97.01986754966887,92.47264770240699,48.1081081081081,0.024420024420024333,3.673769287288758,0.14927510820387405,-1.8175805654525816,1.5108475520126643,1.338193175133629,2.6445828783148455,-0.45610286953246304,0.1595340019401067,-1.8085633489171709,1.5140390376431279,1.3330293046726223,2.6399809359511885,-0.4586602555778067
24092.756119835,3597147943,1311,1310,1,0,6,65.33668699921691,-39,63,7.5706214689265465,-97.10264900662251,93.52297592997812,48.02494802494803,0.024420024420024333,3.673769287288758,0.12707947507867073,-1.8191278796827461,1.5294406075493303,1.3366515403875507,2.6445828783148455,-0.45610286953246304,0.1595340019401067,-1.8085633489171709,1.521708941582556,1.3330293046726223,2.6399809359511885,-0.4586602555778067
24092.856286959,3597147943,1314,1313,1,0,9,65.5091580010776,-39,63,0.1883239171374811,-97.10264900662251,96.49890590809628,48.02494802494803,0.024420024420024333,3.673769287288758,-0.008868777813199731,-1.8191278796827461,1.5821209315698825,1.3366515403875507,2.6445828783148455,-0.45610286953246304,0.15493205957644976,-1.8162332528565992,1.538582730249298,1.3330293046726223,2.6399809359511885,-0.4586602555778067
24092.956298701,3597147943,1317,1316,1,0,9,65.25582800168195,-39,63,-12.54237288135593,-97.01986754966887,97.89934354485777,48.02494802494803,0.024420024420024333,3.673769287288758,-0.24331015269815962,-1.8175805654525816,1.6069116722854369,1.3366515403875507,2.6445828783148455,-0.45610286953246304,0.056757289151768725,-1.8039614065535141,1.556990499703926,1.3330293046726223,2.6399809359511885,-0.46019423636569234
24093.056325405,3597147943,1320,1319,1,0,11,65.40615199992317,-39,63,-26.77966101694915,-97.01986754966887,98.16192560175054,48.02494802494803,0.024420024420024333,3.673769287288758,-0.5054960689896236,-1.8175805654525816,1.6115599361696027,1.3366515403875507,2.6445828783148455,-0.45610286953246304,-0.11504855909142309,-1.8100973297050567,1.5876701154616386,1.3330293046726223,2.6399809359511885,-0.46019423636569234
24093.156328273,3597147943,1323,1322,1,0,10,65.19342399769812,-42,63,-40.640301318267426,-97.10264900662251,98.16192560175054,48.02494802494803,0.024420024420024333,3.673769287288758,-0.7607458499294617,-1.8191278796827461,1.6115599361696027,1.3366515403875507,2.6445828783148455,-0.45610286953246304,-0.3436116964863836,-1.8100973297050567,1.603009923340495,1.3330293046726223,2.6399809359511885,-0.46019423636569234
24093.256212526,3597147943,1326,1325,1,0,10,65.09411599836312,-42,63,-52.090395480225986,-97.10264900662251,98.16192560175054,48.02494802494803,0.024420024420024333,3.673769287288758,-0.9716043646188931,-1.8191278796827461,1.6115599361696027,1.3366515403875507,2.6445828783148455,-0.45610286953246304,-0.6043884304269426,-1.8100973297050567,1.6060778849162662,1.3330293046726223,2.6399809359511885,-0.46019423636569234
24093.356341795,3597147943,1329,1328,1,0,12,65.12826000107452,-42,63,-60.97928436911488,-97.10264900662251,98.24945295404814,48.02494802494803,0.024420024420024333,3.673769287288758,-1.1352971589172678,-1.8191278796827461,1.6131093574643247,1.3366515403875507,2.6445828783148455,-0.45610286953246304,-0.8482913757007595,-1.8100973297050567,1.6060778849162662,1.3330293046726223,2.6399809359511885,-0.4586602555778067
24093.455965177,3597147943,1332,1331,1,0,10,64.85123099992052,-42,63,-63.69114877589454,-97.01986754966887,98.24945295404814,48.02494802494803,0.024420024420024333,3.673769287288758,-1.1852373334489756,-1.8175805654525816,1.6131093574643247,1.3366515403875507,2.6445828783148455,-0.45610286953246304,-1.038504993398579,-1.8100973297050567,1.6060778849162662,1.3330293046726223,2.6399809359511885,-0.4586602555778067
24093.556103953,3597147943,1335,1334,1,0,9,65.3758039989043,-42,63,-62.03389830508475,-97.01986754966887,98.24945295404814,48.02494802494803,0.024420024420024333,3.673769287288758,-1.1547183379018209,-1.8175805654525816,1.6131093574643247,1.3366515403875507,2.6445828783148455,-0.45610286953246304,-1.1428156869748027,-1.8100973297050567,1.607611865704152,1.3330293046726223,2.6399809359511885,-0.45712627478992107
24093.656111568,3597147943,1338,1337,1,0,9,65.0560050016793,-42,63,-56.911487758945384,-97.01986754966887,98.24945295404814,48.02494802494803,0.024420024420024333,3.673769287288758,-1.0603868971197064,-1.8175805654525816,1.6131093574643247,1.3366515403875507,2.6445828783148455,-0.45610286953246304,-1.1520195717021164,-1.8100973297050567,1.607611865704152,1.3330293046726223,2.6399809359511885,-0.45559229400203544
24093.75604919,3597147943,1341,1340,1,0,10,65.13770799938357,-42,63,-48.54990583804143,-97.10264900662251,98.24945295404814,48.02494802494803,0.024420024420024333,3.673769287288758,-0.9064046923136087,-1.8191278796827461,1.6131093574643247,1.3366515403875507,2.6445828783148455,-0.45610286953246304,-1.0921943209745766,-1.8100973297050567,1.607611865704152,1.3330293046726223,2.6399809359511885,-0.45559229400203544
24093.856209057,3597147943,1344,1343,1,0,9,65.38388500121073,-42,63,-37.40112994350282,-97.10264900662251,98.24945295404814,48.02494802494803,0.024420024420024333,3.673769287288758,-0.7010950859054781,-1.8191278796827461,1.6131093574643247,1.3366515403875507,2.6445828783148455,-0.45610286953246304,-0.9771457618831534,-1.8100973297050567,1.607611865704152,1.3330293046726223,2.6399809359511885,-0.45559229400203544
24093.95628836,3597147943,1347,1346,1,0,9,65.16795200150227,-42,63,-24.067796610169495,-97.10264900662251,98.24945295404814,48.02494802494803,0.024420024420024333,3.673769287288758,-0.45555589445791655,-1.8191278796827461,1.6131093574643247,1.3366515403875507,2.6445828783148455,-0.45610286953246304,-0.8130098175793898,-1.8100973297050567,1.607611865704152,1.3330293046726223,2.6399809359511885,-0.45559229400203544
24094.056158484,3597147943,1350,1349,1,0,10,65.07788200178766,-42,63,-9.152542372881356,-97.10264900662251,98.24945295404814,48.02494802494803,0.024420024420024333,3.673769287288758,-0.1808849345335254,-1.8191278796827461,1.6131093574643247,1.3366515403875507,2.6445828783148455,-0.45610286953246304,-0.5936505649117432,-1.8100973297050567,1.607611865704152,1.3330293046726223,2.6399809359511885,-0.45559229400203544
24094.156172911,3597147943,1353,1352,1,0,10,65.32821099972352,-42,63,6.06403013182674,-97.01986754966887,98.24945295404814,48.02494802494803,0.024420024420024333,3.673769287288758,0.09933493367216624,-1.8175805654525816,1.6131093574643247,1.3366515403875507,2.6445828783148455,-0.45610286953246304,-0.3436116964863836,-1.8100973297050567,1.607611865704152,1.3330293046726223,2.6399809359511885,-0.4586602555778067
24094.256173606,3597147943,1356,1355,1,0,10,65.04262800081051,-38,63,21.054613935969883,-96.8543046357616,98.24945295404814,48.02494802494803,0.024420024420024333,3.673769287288758,0.3753931206668832,-1.8144859369922528,1.6131093574643247,1.3366515403875507,2.6445828783148455,-0.45610286953246304,-0.08283496254582462,-1.8100973297050567,1.607611865704152,1.3330293046726223,2.6399809359511885,-0.4540583132141498
24094.356154569,3597147943,1359,1358,1,0,10,65.19409600150539,-38,63,34.689265536723155,-96.52317880794702,98.24945295404814,48.02494802494803,0.024420024420024333,3.673769287288758,0.6264812203957452,-1.8082966800715947,1.6131093574643247,1.3366515403875507,2.6445828783148455,-0.45610286953246304,0.19941750242513334,-1.8100973297050567,1.607611865704152,1.3330293046726223,2.6399809359511885,-0.4540583132141498
24094.456099825,3597147943,1362,1361,1,0,9,64.95568199898116,-38,63,47.1939736346516,-96.52317880794702,98.24945295404814,48.02494802494803,0.024420024420024333,3.673769287288758,0.8567609140697298,-1.8082966800715947,1.6131093574643247,1.3366515403875507,2.6445828783148455,-0.45610286953246304,0.46019423636569234,-1.8100973297050567,1.607611865704152,1.3330293046726223,2.6399809359511885,-0.45559229400203544
24094.556282563,3597147943,1365,1364,1,0,12,65.39450100171962,-38,63,57.36346516007532,-96.52317880794702,98.24945295404814,48.02494802494803,0.024420024420024333,3.673769287288758,1.0440365685636321,-1.8082966800715947,1.6131093574643247,1.3366515403875507,2.6445828783148455,-0.45610286953246304,0.7102331047910518,-1.8085633489171709,1.607611865704152,1.3330293046726223,2.6399809359511885,-0.4586602555778067
24094.656200956,3597147943,1368,1367,1,0,9,65.08478300020215,-38,63,64.51977401129943,-96.52317880794702,98.16192560175054,48.02494802494803,-0.31746031746031633,3.673769287288758,1.1758231402445267,-1.8082966800715947,1.6115599361696027,1.3366515403875507,2.633845012799646,-0.45610286953246304,0.9188544919434991,-1.8085633489171709,1.607611865704152,1.3330293046726223,2.6399809359511885,-0.4586602555778067
24094.756178063,3597147943,1371,1370,1,0,10,65.19683999795234,-38,63,63.3145009416196,-96.52317880794702,98.07439824945294,48.02494802494803,0.024420024420024333,3.673769287288758,1.1536275071193243,-1.8082966800715947,1.6100105148748804,1.3366515403875507,2.6445828783148455,-0.45610286953246304,1.086058397823034,-1.8085633489171709,1.607611865704152,1.3330293046726223,2.6399809359511885,-0.4586602555778067
24094.856163521,3597147943,1374,1373,1,0,9,65.46591400183388,-38,63,56.83615819209041,-96.52317880794702,98.07439824945294,48.02494802494803,0.024420024420024333,3.673769287288758,1.0343259790713561,-1.8082966800715947,1.6100105148748804,1.3366515403875507,2.6445828783148455,-0.45610286953246304,1.1351457830353744,-1.8085633489171709,1.607611865704152,1.3330293046726223,2.6399809359511885,-0.46019423636569234
24094.956347987,3597147943,1377,1376,1,0,10,65.30018299963558,-38,63,45.461393596986824,-96.44039735099338,98.07439824945294,48.02494802494803,0.024420024420024333,3.673769287288758,0.8248546914522499,-1.8067493658414302,1.6100105148748804,1.3366515403875507,2.6445828783148455,-0.45610286953246304,1.0845244170351482,-1.8085633489171709,1.607611865704152,1.3330293046726223,2.6399809359511885,-0.46019423636569234
24095.056218624,3597147943,1380,1379,1,0,9,65.26800400024513,-38,63,29.491525423728802,-96.44039735099338,98.07439824945294,48.02494802494803,0.024420024420024333,3.673769287288758,0.5307625525433056,-1.8067493658414302,1.6100105148748804,1.3366515403875507,2.6445828783148455,-0.45610286953246304,0.9295923574586985,-1.8085633489171709,1.607611865704152,1.3330293046726223,2.6353789935875316,-0.46019423636569234
24095.156157582,3597147943,1383,1382,1,0,9,65.37998000203515,-38,63,11.412429378531058,-96.44039735099338,98.07439824945294,48.02494802494803,0.024420024420024333,3.673769287288758,0.19782805566525602,-1.8067493658414302,1.6100105148748804,1.3366515403875507,2.6445828783148455,-0.45610286953246304,0.7025632008516236,-1.8085633489171709,1.607611865704152,1.3330293046726223,2.6399809359511885,-0.46019423636569234
24095.256287229,3597147943,1386,1384,1,0,42,98.51601300033508,-38,63,-5.612052730696803,-96.44039735099338,98.07439824945294,48.02494802494803,0.024420024420024333,3.673769287288758,-0.11568526222824058,-1.8067493658414302,1.6100105148748804,1.3366515403875507,2.6445828783148455,-0.45610286953246304,0.5645049299419159,-1.8085633489171709,1.607611865704152,1.3330293046726223,2.6399809359511885,-0.46019423636569234
24095.356090771,3597147943,1389,1388,1,0,14,65.12017799832392,-39,63,-20.0,-96.52317880794702,98.16192560175054,48.02494802494803,0.024420024420024333,3.673769287288758,-0.38064563266035517,-1.8082966800715947,1.6115599361696027,1.3366515403875507,2.6445828783148455,-0.45610286953246304,0.11044661672776616,-1.8085633489171709,1.607611865704152,1.3330293046726223,2.6399809359511885,-0.4586602555778067
24095.45603233,3597147943,1392,1391,1,0,3,65.08677800229634,-39,63,-31.37476459510357,-96.60596026490066,98.16192560175054,48.02494802494803,0.024420024420024333,3.673769287288758,-0.5901169202794612,-1.8098439943017595,1.6115599361696027,1.3366515403875507,2.6445828783148455,-0.45610286953246304,-0.19634954084936207,-1.8085633489171709,1.607611865704152,1.3330293046726223,2.6399809359511885,-0.45712627478992107
24095.555986091,3597147943,1395,1394,1,0,11,65.16054200255894,-39,63,-37.85310734463276,-96.60596026490066,98.16192560175054,48.02494802494803,-0.024420024420024333,3.673769287288758,-0.7094184483274288,-1.8098439943017595,1.6115599361696027,1.3366515403875507,2.6430488975269597,-0.45610286953246304,-0.44638840927472156,-1.8085633489171709,1.607611865704152,1.3330293046726223,2.6399809359511885,-0.45559229400203544
24095.656024809,3597147943,1398,1397,1,0,9,63.71487300202716,-39,63,-39.51035781544257,-96.60596026490066,98.16192560175054,48.02494802494803,-0.024420024420024333,3.673769287288758,-0.7399374438745838,-1.8098439943017595,1.6115599361696027,1.3366515403875507,2.6430488975269597,-0.45610286953246304,-0.6335340653967698,-1.8085633489171709,1.607611865704152,1.3330293046726223,2.6399809359511885,-0.4540583132141498
24095.756027119,3597147943,1401,1400,1,0,10,65.2845709992107,-39,63,-39.51035781544257,-96.6887417218543,98.16192560175054,48.02494802494803,-0.024420024420024333,3.673769287288758,-0.7399374438745838,-1.8113913085319235,1.6115599361696027,1.3366515403875507,2.6430488975269597,-0.45610286953246304,-0.7086991240031663,-1.8085633489171709,1.607611865704152,1.3330293046726223,2.6399809359511885,-0.45252433242626416
24095.855965217,3597147943,1404,1403,1,0,9,65.1881610028795,-39,63,-39.05838041431262,-97.01986754966887,98.16192560175054,48.02494802494803,-0.024420024420024333,3.673769287288758,-0.7316140814526328,-1.8175805654525816,1.6115599361696027,1.3366515403875507,2.6430488975269597,-0.45610286953246304,-0.7240389318820226,-1.8085633489171709,1.607611865704152,1.3330293046726223,2.6399809359511885,-0.45252433242626416
24095.956080875,3597147943,1407,1406,1,0,8,65.2927169976465,-39,63,-34.538606403013176,-97.01986754966887,98.16192560175054,48.02494802494803,-0.024420024420024333,3.673769287288758,-0.64838045723312,-1.8175805654525816,1.6115599361696027,1.3366515403875507,2.6430488975269597,-0.45610286953246304,-0.7240389318820226,-1.8085633489171709,1.607611865704152,1.3330293046726223,2.6399809359511885,-0.45252433242626416
24096.056323168,3597147943,1410,1409,1,0,9,65.34750400169287,-39,63,-25.197740112994353,-97.01986754966887,98.16192560175054,48.02494802494803,-0.024420024420024333,3.673769287288758,-0.4763643005127944,-1.8175805654525816,1.6115599361696027,1.3366515403875507,2.6430488975269597,-0.45610286953246304,-0.6826214506091103,-1.8085633489171709,1.607611865704152,1.3330293046726223,2.6399809359511885,-0.45252433242626416
24096.156358111,3597147943,1413,1412,1,0,10,65.5525470028806,-39,63,-11.939736346516,-97.01986754966887,98.16192560175054,48.02494802494803,-0.12210012210012167,3.673769287288758,-0.23221233613555795,-1.8175805654525816,1.6115599361696027,1.3366515403875507,2.6399809359511885,-0.45610286953246304,-0.5553010452146021,-1.8085633489171709,1.607611865704152,1.3330293046726223,2.6399809359511885,-0.45099035163837853
24096.256257618,3597147943,1416,1415,1,0,10,65.06066500151064,-39,63,3.2015065913370933,-97.01986754966887,98.16192560175054,48.02494802494803,-0.024420024420024333,3.673769287288758,0.046620304999808196,-1.8175805654525816,1.6115599361696027,1.3366515403875507,2.6430488975269597,-0.45610286953246304,-0.35434956200158313,-1.8085633489171709,1.607611865704152,1.3330293046726223,2.6399809359511885,-0.4540583132141498
24096.356173599,3597147943,1419,1418,1,0,10,64.48649300000397,-39,63,16.233521657250478,-96.52317880794702,98.24945295404814,48.02494802494803,-0.024420024420024333,3.673769287288758,0.28661058816606927,-1.8082966800715947,1.6131093574643247,1.3366515403875507,2.6430488975269597,-0.45610286953246304,-0.10891263593988053,-1.8085633489171709,1.607611865704152,1.3330293046726223,2.6399809359511885,-0.4586602555778067
24096.456044946,3597147943,1422,1421,1,0,9,65.05590700180619,-39,63,23.917137476459516,-96.44039735099338,98.07439824945294,48.02494802494803,-0.219780219780219,3.673769287288758,0.42810774933924056,-1.8067493658414302,1.6100105148748804,1.3366515403875507,2.6369129743754174,-0.45610286953246304,0.14266021327336462,-1.8085633489171709,1.607611865704152,1.3330293046726223,2.6399809359511885,-0.4586602555778067
24096.556076159,3597147943,1425,1424,1,0,10,65.26310999834095,-40,63,23.691148775894533,-96.44039735099338,98.07439824945294,48.02494802494803,-0.024420024420024333,3.673769287288758,0.42394606812826446,-1.8067493658414302,1.6100105148748804,1.3366515403875507,2.6430488975269597,-0.45610286953246304,0.3236699462438703,-1.8085633489171709,1.607611865704152,1.3330293046726223,2.6399809359511885,-0.46019423636569234
24096.656036598,3597147943,1428,1427,1,0,10,65.2489419990161,-40,63,20.30131826741996,-96.44039735099338,98.07439824945294,48.02494802494803,-0.024420024420024333,3.673769287288758,0.3615208499636306,-1.8067493658414302,1.6100105148748804,1.3366515403875507,2.6430488975269597,-0.45610286953246304,0.4003689856381523,-1.8085633489171709,1.607611865704152,1.3330293046726223,2.6399809359511885,-0.46019423636569234
24096.756119533,3597147943,1431,1430,1,0,10,65.29918000160251,-40,63,13.898305084745772,-96.44039735099338,98.07439824945294,48.02494802494803,-0.024420024420024333,3.673769287288758,0.24360654898598846,-1.8067493658414302,1.6100105148748804,1.3366515403875507,2.6430488975269597,-0.45610286953246304,0.37429131224409645,-1.8085633489171709,1.607611865704152,1.3330293046726223,2.6399809359511885,-0.46019423636569234
24096.856069535,3597147943,1434,1433,1,0,10,65.15431499792612,-40,63,6.06403013182674,-96.60596026490066,98.07439824945294,48.02494802494803,-0.024420024420024333,3.673769287288758,0.09933493367216624,-1.8098439943017595,1.6100105148748804,1.3366515403875507,2.6430488975269597,-0.45610286953246304,0.2945243112740431,-1.8085633489171709,1.607611865704152,1.3330293046726223,2.6399809359511885,-0.46019423636569234
24096.956157093,3597147943,1437,1436,1,0,10,65.33896200198797,-40,63,0.41431261770243566,-96.77152317880795,98.07439824945294,48.02494802494803,-0.024420024420024333,3.673769287288758,-0.0047070966022243685,-1.8129386227620885,1.6100105148748804,1.3366515403875507,2.6430488975269597,-0.45610286953246304,0.17640779060684875,-1.8085633489171709,1.607611865704152,1.3330293046726223,2.6399809359511885,-0.46019423636569234
24097.055999978,3597147943,1440,1439,1,0,12,64.87650199778727,-40,63,-0.941619585687377,-97.01986754966887,98.16192560175054,48.02494802494803,-0.024420024420024333,3.673769287288758,-0.02967718386807757,-1.8175805654525816,1.6115599361696027,1.3366515403875507,2.6430488975269597,-0.45610286953246304,0.06289321230331128,-1.8085633489171709,1.607611865704152,1.3330293046726223,2.6399809359511885,-0.46019423636569234
24097.156170269,3597147943,1443,1442,1,0,10,65.23765300153173,-40,63,-0.48964218455743946,-97.01986754966887,98.16192560175054,48.02494802494803,-0.024420024420024333,3.673769287288758,-0.021353821446126506,-1.8175805654525816,1.6115599361696027,1.3366515403875507,2.6430488975269597,-0.45610286953246304,-0.009203884727313847,-1.8085633489171709,1.607611865704152,1.3330293046726223,2.6399809359511885,-0.46019423636569234
24097.256167292,3597147943,1446,1445,1,0,9,64.86264100021799,-40,63,-1.0922787193973704,-97.01986754966887,98.16192560175054,48.02494802494803,-0.024420024420024333,3.673769287288758,-0.03245163800872851,-1.8175805654525816,1.6115599361696027,1.3366515403875507,2.6430488975269597,-0.45610286953246304,-0.01380582709097077,-1.8085633489171709,1.607611865704152,1.3330293046726223,2.6399809359511885,-0.46019423636569234
24097.356145876,3597147943,1449,1448,1,0,3,65.04224899981637,-40,63,-4.256120527306976,-96.6887417218543,97.98687089715537,48.02494802494803,0.024420024420024333,3.673769287288758,-0.09071517496238703,-1.8113913085319235,1.6084610935801589,1.3366515403875507,2.6445828783148455,-0.45610286953246304,-0.01380582709097077,-1.8085633489171709,1.607611865704152,1.3330293046726223,2.6399809359511885,-0.46019423636569234
24097.456194887,3597147943,1452,1451,1,0,9,65.0592729980417,-40,63,-14.048964218455737,-96.6887417218543,97.98687089715537,48.02494802494803,0.024420024420024333,3.673769287288758,-0.27105469410466376,-1.8113913085319235,1.6084610935801589,1.3366515403875507,2.6445828783148455,-0.45610286953246304,-0.06289321230331128,-1.8085633489171709,1.607611865704152,1.3330293046726223,2.6399809359511885,-0.46019423636569234
24097.555942163,3597147943,1455,1454,1,0,9,65.14003600022988,-40,63,-28.210922787193965,-96.44039735099338,97.98687089715537,48.02494802494803,0.024420024420024333,3.673769287288758,-0.5318533833258027,-1.8067493658414302,1.6084610935801589,1.3366515403875507,2.6445828783148455,-0.45610286953246304,-0.17947575218262002,-1.8085633489171709,1.607611865704152,1.3330293046726223,2.6399809359511885,-0.46019423636569234
24097.656012788,3597147943,1458,1457,1,0,10,65.3212050019647,-38,63,-43.80414312617702,-96.44039735099338,97.98687089715537,48.02494802494803,0.024420024420024333,3.673769287288758,-0.8190093868831202,-1.8067493658414302,1.6084610935801589,1.3366515403875507,2.6445828783148455,-0.45610286953246304,-0.39269908169872414,-1.8085633489171709,1.607611865704152,1.3330293046726223,2.6399809359511885,-0.46019423636569234
24097.756111199,3597147943,1461,1460,1,0,10,65.36864399822662,-38,63,-59.2467043314501,-96.44039735099338,97.98687089715537,48.02494802494803,0.024420024420024333,3.673769287288758,-1.1033909362997878,-1.8067493658414302,1.6084610935801589,1.3366515403875507,2.6445828783148455,-0.45610286953246304,-0.6565437772150544,-1.8085633489171709,1.607611865704152,1.3330293046726223,2.6399809359511885,-0.46019423636569234
24097.855994642,3597147943,1464,1463,1,0,9,65.14633400001912,-38,63,-72.05273069679849,-96.6887417218543,98.07439824945294,48.02494802494803,0.024420024420024333,3.673769287288758,-1.339219538255073,-1.8113913085319235,1.6100105148748804,1.3366515403875507,2.6445828783148455,-0.45610286953246304,-0.9326603190344698,-1.8085633489171709,1.607611865704152,1.3330293046726223,2.6399809359511885,-0.45712627478992107
24097.956049669,3597147943,1467,1465,1,0,46,98.2574410008965,-38,63,-82.37288135593221,-96.77152317880795,98.07439824945294,48.02494802494803,0.024420024420024333,3.673769287288758,-1.5292696468896265,-1.8129386227620885,1.6100105148748804,1.3366515403875507,2.6445828783148455,-0.45610286953246304,-1.0799224746714913,-1.8085633489171709,1.607611865704152,1.3330293046726223,2.6399809359511885,-0.45712627478992107
24098.055989936,3597147943,1470,1469,1,0,10,65.12490800014348,-38,63,-89.37853107344633,-96.8543046357616,98.07439824945294,48.02494802494803,0.024420024420024333,3.673769287288758,-1.6582817644298706,-1.8144859369922528,1.6100105148748804,1.3366515403875507,2.6445828783148455,-0.45610286953246304,-1.402058440127476,-1.8085633489171709,1.607611865704152,1.3330293046726223,2.6399809359511885,-0.45559229400203544
24098.156096951,3597147943,1473,1472,1,0,14,65.26872599715716,-38,63,-93.5969868173258,-96.6887417218543,98.07439824945294,48.02494802494803,0.024420024420024333,3.673769287288758,-1.7359664803680823,-1.8113913085319235,1.6100105148748804,1.3366515403875507,2.6445828783148455,-0.45610286953246304,-1.564660403643354,-1.8085633489171709,1.607611865704152,1.3330293046726223,2.6399809359511885,-0.45099035163837853
24098.25599837,3597147943,1476,1475,1,0,10,65.32230999800959,-38,63,-92.91902071563088,-96.8543046357616,98.07439824945294,48.02494802494803,0.024420024420024333,3.673769287288758,-1.7234814367351552,-1.8144859369922528,1.6100105148748804,1.3366515403875507,2.6445828783148455,-0.45610286953246304,-1.6751070203711202,-1.8085633489171709,1.607611865704152,1.3330293046726223,2.6399809359511885,-0.4540583132141498
24098.35609012,3597147943,1479,1478,1,0,10,65.41467099668807,-38,63,-91.71374764595103,-96.93708609271523,98.16192560175054,48.02494802494803,0.024420024420024333,3.673769287288758,-1.701285803609952,-1.816033251222417,1.6115599361696027,1.3366515403875507,2.6445828783148455,-0.45610286953246304,-1.7042526553409474,-1.8085633489171709,1.607611865704152,1.3330293046726223,2.6399809359511885,-0.45252433242626416
24098.456035309,3597147943,1482,1481,1,0,10,65.10621300185448,-38,63,-88.8512241054614,-97.01986754966887,98.16192560175054,48.02494802494803,0.024420024420024333,3.673769287288758,-1.6485711749375944,-1.8175805654525816,1.6115599361696027,1.3366515403875507,2.6445828783148455,-0.45610286953246304,-1.7027186745530618,-1.8085633489171709,1.607611865704152,1.3330293046726223,2.6399809359511885,-0.4540583132141498
24098.555973595,3597147943,1485,1484,1,0,10,64.99581599928206,-38,63,-83.87947269303201,-97.10264900662251,98.16192560175054,47.941787941787936,0.024420024420024333,3.673769287288758,-1.5570141882961306,-1.8191278796827461,1.6115599361696027,1.3351099056414713,2.6445828783148455,-0.45610286953246304,-1.6766410011590058,-1.8085633489171709,1.607611865704152,1.3330293046726223,2.6399809359511885,-0.4540583132141498
24098.65598672,3597147943,1488,1487,1,0,3,65.13717100096983,-38,63,-75.74387947269304,-97.10264900662251,98.16192560175054,47.775467775467774,0.024420024420024333,3.673769287288758,-1.4071936647010084,-1.8191278796827461,1.6115599361696027,1.3320266361493138,2.6445828783148455,-0.45610286953246304,-1.5999419617647237,-1.8085633489171709,1.607611865704152,1.3330293046726223,2.6399809359511885,-0.4540583132141498
24098.756052794,3597147943,1491,1490,1,0,9,65.34572300006403,-40,63,-63.46516007532957,-97.10264900662251,98.16192560175054,47.775467775467774,0.024420024420024333,3.673769287288758,-1.1810756522379995,-1.8191278796827461,1.6115599361696027,1.3320266361493138,2.6445828783148455,-0.45610286953246304,-1.4756895179459868,-1.8085633489171709,1.607611865704152,1.3330293046726223,2.6399809359511885,-0.4540583132141498
24098.855988872,3597147943,1494,1493,1,0,10,65.1224600005662,-40,63,-48.24858757062147,-97.10264900662251,98.16192560175054,47.775467775467774,-0.17094017094017033,3.673769287288758,-0.9008557840323078,-1.8191278796827461,1.6115599361696027,1.3320266361493138,2.6384469551633027,-0.45610286953246304,-1.2962137657633668,-1.8085633489171709,1.607611865704152,1.3330293046726223,2.6399809359511885,-0.4540583132141498
24098.956332515,3597147943,1497,1496,1,0,10,65.45908299813163,-40,63,-31.902071563088512,-97.10264900662251,98.16192560175054,47.941787941787936,-0.31746031746031633,3.673769287288758,-0.599827509771738,-1.8191278796827461,1.6115599361696027,1.3351099056414713,2.633845012799646,-0.45610286953246304,-1.0569127628532067,-1.8085633489171709,1.607611865704152,1.3330293046726223,2.6399809359511885,-0.45252433242626416
24099.056194711,3597147943,1500,1499,1,0,9,65.2377680016798,-40,63,-15.404896421845564,-97.10264900662251,98.16192560175054,47.941787941787936,-0.073260073260073,3.673769287288758,-0.2960247813705173,-1.8191278796827461,1.6115599361696027,1.3351099056414713,2.641514916739074,-0.45610286953246304,-0.7746602978822488,-1.8085633489171709,1.607611865704152,1.3330293046726223,2.6399809359511885,-0.4540583132141498
24099.156147918,3597147943,1503,1502,1,0,9,65.27176099916687,-40,63,0.5649717514124291,-97.10264900662251,98.16192560175054,48.02494802494803,0.024420024420024333,3.673769287288758,-0.0019326424615737775,-1.8191278796827461,1.6115599361696027,1.3366515403875507,2.6445828783148455,-0.45610286953246304,-0.48013598660820567,-1.8085633489171709,1.607611865704152,1.3330293046726223,2.6399809359511885,-0.45252433242626416
24099.256176892,3597147943,1506,1505,1,0,10,65.23641899912036,-40,63,15.932203389830505,-97.10264900662251,98.16192560175054,48.02494802494803,0.024420024420024333,3.673769287288758,0.28106167988476877,-1.8191278796827461,1.6115599361696027,1.3366515403875507,2.6445828783148455,-0.45610286953246304,-0.1825437137583913,-1.8085633489171709,1.607611865704152,1.3330293046726223,2.6399809359511885,-0.4540583132141498
24099.356166081,3597147943,1509,1508,1,0,9,65.2223379984207,-40,63,30.696798493408664,-97.10264900662251,98.16192560175054,48.02494802494803,0.024420024420024333,3.673769287288758,0.552958185668509,-1.8191278796827461,1.6115599361696027,1.3366515403875507,2.6445828783148455,-0.45610286953246304,0.08897088569736719,-1.8085633489171709,1.607611865704152,1.3330293046726223,2.6399809359511885,-0.4540583132141498
24099.456078495,3597147943,1512,1511,1,0,9,64.98680399818113,-40,63,44.85875706214691,-97.10264900662251,98.16192560175054,48.02494802494803,0.024420024420024333,3.673769287288758,0.8137568748896482,-1.8191278796827461,1.6115599361696027,1.3366515403875507,2.6445828783148455,-0.45610286953246304,0.37429131224409645,-1.8085633489171709,1.607611865704152,1.3330293046726223,2.6399809359511885,-0.4540583132141498
24099.556248811,3597147943,1515,1514,1,0,9,65.37935199958156,-40,63,55.103578154425605,-97.01986754966887,97.98687089715537,48.02494802494803,-0.366300366300365,3.673769287288758,1.0024197564538757,-1.8175805654525816,1.6084610935801589,1.3366515403875507,2.6323110320117604,-0.45610286953246304,0.6519418348513975,-1.8085633489171709,1.607611865704152,1.3330293046726223,2.6399809359511885,-0.45559229400203544
24099.656174199,3597147943,1518,1517,1,0,9,65.18010100262472,-40,63,52.46704331450093,-96.8543046357616,97.89934354485777,48.02494802494803,0.024420024420024333,3.673769287288758,0.9538668089924937,-1.8144859369922528,1.6069116722854369,1.3366515403875507,2.6445828783148455,-0.45610286953246304,0.880504972246358,-1.8085633489171709,1.607611865704152,1.3330293046726223,2.6399809359511885,-0.4586602555778067
24099.756066367,3597147943,1521,1520,1,0,10,65.23709999964922,-40,63,39.811676082862505,-96.93708609271523,97.89934354485777,48.02494802494803,0.024420024420024333,3.673769287288758,0.7208126611778589,-1.816033251222417,1.6069116722854369,1.3366515403875507,2.6445828783148455,-0.45610286953246304,0.9387962421860124,-1.8085633489171709,1.607611865704152,1.3330293046726223,2.6399809359511885,-0.46019423636569234
24099.856161023,3597147943,1524,1523,1,0,9,65.28566399720148,-39,63,20.979284369114865,-97.01986754966887,97.98687089715537,48.02494802494803,0.024420024420024333,3.673769287288758,0.3740058935965574,-1.8175805654525816,1.6084610935801589,1.3366515403875507,2.6445828783148455,-0.45610286953246304,0.8160777791551611,-1.8085633489171709,1.607611865704152,1.3330293046726223,2.6399809359511885,-0.46019423636569234
24099.956153327,3597147943,1527,1526,1,0,9,65.2654799996526,-39,63,0.2636534839924707,-97.01986754966887,98.07439824945294,48.02494802494803,-0.024420024420024333,3.673769287288758,-0.007481550742874252,-1.8175805654525816,1.6100105148748804,1.3366515403875507,2.6430488975269597,-0.45610286953246304,0.5675728915176872,-1.8085633489171709,1.607611865704152,1.3330293046726223,2.6369129743754174,-0.45559229400203544
24100.056107932,3597147943,1530,1529,1,0,10,65.04352200136054,-39,63,-17.740112994350284,-97.01986754966887,98.16192560175054,48.02494802494803,-0.31746031746031633,3.673769287288758,-0.3390288205505988,-1.8175805654525816,1.6115599361696027,1.3366515403875507,2.633845012799646,-0.45610286953246304,0.23623304133438874,-1.8085633489171709,1.607611865704152,1.3330293046726223,2.6399809359511885,-0.4586602555778067
24100.156184002,3597147943,1533,1532,1,0,10,65.34402000033879,-39,63,-29.642184557438796,-97.10264900662251,98.16192560175054,48.02494802494803,-0.219780219780219,3.673769287288758,-0.5582106976619816,-1.8191278796827461,1.6115599361696027,1.3366515403875507,2.6369129743754174,-0.45610286953246304,-0.10277671278833796,-1.8085633489171709,1.607611865704152,1.3330293046726223,2.6399809359511885,-0.4586602555778067
24100.256235172,3597147943,1536,1535,1,0,3,65.33450400092988,-39,63,-31.37476459510357,-97.10264900662251,98.16192560175054,48.02494802494803,-0.31746031746031633,3.673769287288758,-0.5901169202794612,-1.8191278796827461,1.6115599361696027,1.3366515403875507,2.633845012799646,-0.45610286953246304,-0.4049709280018093,-1.8085633489171709,1.607611865704152,1.3330293046726223,2.6399809359511885,-0.4586602555778067
24100.356162985,3597147943,1539,1538,1,0,9,64.88642399926903,-39,63,-26.101694915254242,-97.10264900662251,98.16192560175054,48.02494802494803,-0.219780219780219,3.673769287288758,-0.49301102535669683,-1.8191278796827461,1.6115599361696027,1.3366515403875507,2.6369129743754174,-0.45610286953246304,-0.5414952181236313,-1.8085633489171709,1.607611865704152,1.3330293046726223,2.6399809359511885,-0.45099035163837853
24100.456286639,3597147943,1542,1541,1,0,9,65.17204199917614,-39,63,-14.19962335216573,-97.10264900662251,98.16192560175054,48.02494802494803,-0.26862026862026767,3.673769287288758,-0.27382914824531435,-1.8191278796827461,1.6115599361696027,1.3366515403875507,2.6353789935875316,-0.45610286953246304,-0.5092816215780329,-1.8085633489171709,1.607611865704152,1.3330293046726223,2.6399809359511885,-0.45099035163837853
24100.556138093,3597147943,1545,1544,1,0,9,65.33458099875133,-39,63,2.674199623352152,-97.10264900662251,98.16192560175054,48.02494802494803,-0.024420024420024333,3.673769287288758,0.036909715507531665,-1.8191278796827461,1.6115599361696027,1.3366515403875507,2.6430488975269597,-0.45610286953246304,-0.36968936988043954,-1.8085633489171709,1.607611865704152,1.3330293046726223,2.6399809359511885,-0.45099035163837853
24100.656112086,3597147943,1548,1547,1,0,3,65.28868000168586,-39,63,21.807909604519764,-97.10264900662251,98.16192560175054,48.02494802494803,-0.024420024420024333,3.673769287288758,0.3892653913701344,-1.8191278796827461,1.6115599361696027,1.3366515403875507,2.6430488975269597,-0.45610286953246304,-0.14572817484913592,-1.8085633489171709,1.607611865704152,1.3330293046726223,2.6399809359511885,-0.45099035163837853
24100.756072263,3597147943,1551,1550,1,0,10,65.1617850016919,-39,63,39.510357815442575,-97.10264900662251,98.33698030634571,48.02494802494803,0.024420024420024333,3.673769287288758,0.7152637528965584,-1.8191278796827461,1.614658778759047,1.3366515403875507,2.6445828783148455,-0.45610286953246304,0.1595340019401067,-1.8085633489171709,1.607611865704152,1.3330293046726223,2.6399809359511885,-0.45099035163837853
24100.855988011,3597147943,1554,1553,1,0,9,65.32301400147844,-39,63,53.89830508474574,-97.01986754966887,98.07439824945294,48.02494802494803,-0.17094017094017033,3.673769287288758,0.9802241233286724,-1.8175805654525816,1.6100105148748804,1.3366515403875507,2.6384469551633027,-0.45610286953246304,0.49394181369917645,-1.8085633489171709,1.607611865704152,1.3330293046726223,2.6399809359511885,-0.45559229400203544
24100.956103576,3597147943,1557,1556,1,0,10,65.35535900184186,-39,63,54.952919020715626,-97.01986754966887,97.98687089715537,48.02494802494803,0.024420024420024333,3.673769287288758,0.9996453023132255,-1.8175805654525816,1.6084610935801589,1.3366515403875507,2.6445828783148455,-0.45610286953246304,0.8022719520641903,-1.8085633489171709,1.607611865704152,1.3330293046726223,2.6399809359511885,-0.4540583132141498
24101.056114141,3597147943,1560,1559,1,0,9,65.22574900009204,-38,63,43.954802259887,-97.01986754966887,97.89934354485777,48.02494802494803,0.024420024420024333,3.673769287288758,0.7971101500457454,-1.8175805654525816,1.6069116722854369,1.3366515403875507,2.6445828783148455,-0.45610286953246304,0.9142525495798421,-1.8085633489171709,1.607611865704152,1.3330293046726223,2.6399809359511885,-0.46019423636569234
24101.15635466,3597147943,1563,1562,1,0,9,65.55128800027887,-38,63,22.937853107344637,-97.01986754966887,97.89934354485777,48.02494802494803,0.024420024420024333,3.673769287288758,0.4100737974250126,-1.8175805654525816,1.6069116722854369,1.3366515403875507,2.6445828783148455,-0.45610286953246304,0.8774370106705868,-1.8085633489171709,1.607611865704152,1.3330293046726223,2.6399809359511885,-0.46019423636569234
24101.256191317,3597147943,1566,1565,1,0,9,64.96518299900345,-38,63,-1.920903954802256,-96.93708609271523,97.98687089715537,48.02494802494803,0.024420024420024333,3.673769287288758,-0.047711135782305514,-1.816033251222417,1.6084610935801589,1.3366515403875507,2.6445828783148455,-0.45610286953246304,0.6366020269725411,-1.8085633489171709,1.607611865704152,1.3330293046726223,2.6353789935875316,-0.46019423636569234
24101.356082903,3597147943,1569,1568,1,0,10,64.86228900030255,-38,63,-24.067796610169495,-96.52317880794702,98.16192560175054,48.02494802494803,-0.12210012210012167,3.673769287288758,-0.45555589445791655,-1.8082966800715947,1.6115599361696027,1.3366515403875507,2.6399809359511885,-0.45610286953246304,0.303728196001357,-1.8085633489171709,1.607611865704152,1.3330293046726223,2.6399809359511885,-0.46019423636569234
24101.456058139,3597147943,1572,1571,1,0,9,64.97334099913132,-38,63,-41.6195856873823,-96.52317880794702,98.16192560175054,48.02494802494803,0.024420024420024333,3.673769287288758,-0.7787798018436897,-1.8082966800715947,1.6115599361696027,1.3366515403875507,2.6445828783148455,-0.45610286953246304,-0.0521553467881118,-1.8085633489171709,1.607611865704152,1.3330293046726223,2.6399809359511885,-0.46019423636569234
24101.55622339,3597147943,1575,1574,1,0,9,65.33072499951231,-38,63,-49.152542372881356,-96.8543046357616,98.16192560175054,48.02494802494803,-0.31746031746031633,3.673769287288758,-0.9175025088762103,-1.8144859369922528,1.6115599361696027,1.3366515403875507,2.633845012799646,-0.45610286953246304,-0.41570879351700873,-1.8085633489171709,1.607611865704152,1.3330293046726223,2.6399809359511885,-0.46019423636569234
24101.656216165,3597147943,1578,1577,1,0,13,65.45840600301744,-38,63,-46.59133709981168,-97.01986754966887,98.16192560175054,48.02494802494803,-0.31746031746031633,3.673769287288758,-0.8703367884851532,-1.8175805654525816,1.6115599361696027,1.3366515403875507,2.633845012799646,-0.45610286953246304,-0.7516505860639642,-1.8085633489171709,1.607611865704152,1.3330293046726223,2.6399809359511885,-0.46019423636569234
24101.756072079,3597147943,1581,1580,1,0,10,65.12146100067184,-38,63,-36.94915254237288,-97.10264900662251,98.16192560175054,48.02494802494803,-0.31746031746031633,3.673769287288758,-0.6927717234835267,-1.8191278796827461,1.6115599361696027,1.3366515403875507,2.633845012799646,-0.45610286953246304,-0.8390874909734457,-1.8085633489171709,1.607611865704152,1.3330293046726223,2.6399809359511885,-0.45099035163837853
24101.856163639,3597147943,1584,1583,1,0,10,65.3317939977569,-38,63,-20.376647834274948,-97.10264900662251,98.16192560175054,48.02494802494803,-0.26862026862026767,3.673769287288758,-0.38758176801198113,-1.8191278796827461,1.6115599361696027,1.3366515403875507,2.6353789935875316,-0.45610286953246304,-0.7547185476397354,-1.8085633489171709,1.607611865704152,1.3330293046726223,2.6399809359511885,-0.4540583132141498
24101.956165743,3597147943,1587,1586,1,0,9,65.18566899831058,-38,63,0.7156308851224082,-97.01986754966887,98.16192560175054,48.02494802494803,-0.073260073260073,3.673769287288758,0.0008418116790764596,-1.8175805654525816,1.6115599361696027,1.3366515403875507,2.641514916739074,-0.45610286953246304,-0.5522330836388308,-1.8100973297050567,1.607611865704152,1.3330293046726223,2.6399809359511885,-0.45099035163837853
24102.056143124,3597147943,1590,1589,1,0,7,65.23174299945822,-38,63,20.90395480225989,-96.8543046357616,98.16192560175054,48.02494802494803,0.024420024420024333,3.673769287288758,0.37261866652623227,-1.8144859369922528,1.6115599361696027,1.3366515403875507,2.6445828783148455,-0.45610286953246304,-0.26231071472844464,-1.8100973297050567,1.607611865704152,1.3330293046726223,2.6399809359511885,-0.45099035163837853
24102.156107013,3597147943,1593,1592,1,0,10,65.24637599795824,-38,63,36.94915254237287,-96.52317880794702,98.07439824945294,48.02494802494803,-0.31746031746031633,3.673769287288758,0.6680980325055009,-1.8082966800715947,1.6100105148748804,1.3366515403875507,2.633845012799646,-0.45610286953246304,0.06289321230331128,-1.8100973297050567,1.607611865704152,1.3330293046726223,2.6399809359511885,-0.4540583132141498
24102.256166694,3597147943,1596,1595,1,0,3,65.33667699841317,-38,63,42.674199623352166,-96.52317880794702,98.07439824945294,48.02494802494803,0.024420024420024333,3.673769287288758,0.773527289850217,-1.8082966800715947,1.6100105148748804,1.3366515403875507,2.6445828783148455,-0.45610286953246304,0.41570879351700873,-1.8100973297050567,1.607611865704152,1.3330293046726223,2.6399809359511885,-0.4540583132141498
24102.356162195,3597147943,1599,1598,1,0,9,65.05388100049458,-38,63,42.07156308851222,-96.52317880794702,98.07439824945294,48.02494802494803,0.024420024420024333,3.673769287288758,0.7624294732876153,-1.8082966800715947,1.6100105148748804,1.3366515403875507,2.6445828783148455,-0.45610286953246304,0.6764855274575677,-1.8100973297050567,1.6060778849162662,1.3330293046726223,2.6399809359511885,-0.4586602555778067
24102.45617303,3597147943,1602,1601,1,0,9,65.29337100073462,-38,63,37.77777777777777,-96.6887417218543,98.07439824945294,48.02494802494803,0.024420024420024333,3.673769287288758,0.6833575302790786,-1.8113913085319235,1.6100105148748804,1.3366515403875507,2.6445828783148455,-0.45610286953246304,0.722504951094137,-1.8100973297050567,1.6060778849162662,1.3330293046726223,2.6399809359511885,-0.46019423636569234
24102.556168599,3597147943,1605,1604,1,0,9,65.22525900072651,-38,63,28.512241054613952,-96.6887417218543,97.98687089715537,48.02494802494803,0.024420024420024333,3.673769287288758,0.5127286006290784,-1.8113913085319235,1.6084610935801589,1.3366515403875507,2.6445828783148455,-0.45610286953246304,0.705631162427395,-1.8100973297050567,1.6060778849162662,1.3330293046726223,2.6399809359511885,-0.46019423636569234
24102.656162924,3597147943,1608,1607,1,0,10,65.22595400019782,-38,63,15.404896421845564,-97.01986754966887,97.98687089715537,48.02494802494803,0.024420024420024333,3.673769287288758,0.2713510903924922,-1.8175805654525816,1.6084610935801589,1.3366515403875507,2.6445828783148455,-0.45610286953246304,0.5905826033359719,-1.8085633489171709,1.6060778849162662,1.3330293046726223,2.6399809359511885,-0.46019423636569234
24102.756154912,3597147943,1611,1610,1,0,9,65.29558799957158,-38,63,3.728813559322049,-97.10264900662251,98.07439824945294,48.02494802494803,0.024420024420024333,3.673769287288758,0.056330894492085434,-1.8191278796827461,1.6100105148748804,1.3366515403875507,2.6445828783148455,-0.45610286953246304,0.4095728703654662,-1.8085633489171709,1.6060778849162662,1.3330293046726223,2.6399809359511885,-0.46019423636569234
24102.856232605,3597147943,1614,1613,1,0,9,65.37027299782494,-38,63,-6.817325800376651,-97.10264900662251,98.07439824945294,48.02494802494803,0.024420024420024333,3.673769287288758,-0.1378808953534439,-1.8191278796827461,1.6100105148748804,1.3366515403875507,2.6445828783148455,-0.45610286953246304,0.19634954084936207,-1.8085633489171709,1.6060778849162662,1.3330293046726223,2.6399809359511885,-0.46019423636569234
24102.956148924,3597147943,1617,1616,1,0,10,64.93731600130559,-38,63,-15.706214689265536,-97.10264900662251,98.07439824945294,48.02494802494803,-0.024420024420024333,3.673769287288758,-0.30157368965181847,-1.8191278796827461,1.6100105148748804,1.3366515403875507,2.6430488975269597,-0.45610286953246304,-0.01380582709097077,-1.8085633489171709,1.6060778849162662,1.3330293046726223,2.6399809359511885,-0.4586602555778067
24103.056172117,3597147943,1620,1619,1,0,9,65.08297599793877,-38,63,-22.63653483992468,-97.01986754966887,98.07439824945294,48.02494802494803,0.024420024420024333,3.673769287288758,-0.4291985801217375,-1.8175805654525816,1.6100105148748804,1.3366515403875507,2.6445828783148455,-0.45610286953246304,-0.19941750242513334,-1.8085633489171709,1.6060778849162662,1.3330293046726223,2.6399809359511885,-0.4540583132141498
24103.156160812,3597147943,1623,1622,1,0,10,65.30734700208995,-38,63,-27.60828625235405,-97.01986754966887,98.16192560175054,48.02494802494803,0.024420024420024333,3.673769287288758,-0.520755566763201,-1.8175805654525816,1.6115599361696027,1.3366515403875507,2.6445828783148455,-0.45610286953246304,-0.3436116964863836,-1.8085633489171709,1.6060778849162662,1.3330293046726223,2.6399809359511885,-0.45559229400203544
24103.256083295,3597147943,1626,1625,1,0,10,65.18443000095431,-41,63,-29.416195856873827,-97.01986754966887,98.16192560175054,48.02494802494803,0.024420024420024333,3.673769287288758,-0.5540490164510059,-1.8175805654525816,1.6115599361696027,1.3366515403875507,2.6445828783148455,-0.45610286953246304,-0.4586602555778067,-1.8085633489171709,1.6060778849162662,1.3330293046726223,2.6399809359511885,-0.45559229400203544
24103.356060453,3597147943,1629,1628,1,0,10,65.20197999998345,-41,63,-28.587570621468927,-97.10264900662251,98.16192560175054,48.02494802494803,0.024420024420024333,3.673769287288758,-0.5387895186774286,-1.8191278796827461,1.6115599361696027,1.3366515403875507,2.6445828783148455,-0.45610286953246304,-0.5307573526084318,-1.8085633489171709,1.6060778849162662,1.3330293046726223,2.6399809359511885,-0.45559229400203544
24103.456038076,3597147943,1632,1631,1,0,9,65.20297400129493,-41,63,-25.87570621468926,-97.10264900662251,98.16192560175054,48.02494802494803,0.024420024420024333,3.673769287288758,-0.4888493441457211,-1.8191278796827461,1.6115599361696027,1.3366515403875507,2.6445828783148455,-0.45610286953246304,-0.5338253141842031,-1.8085633489171709,1.6060778849162662,1.3330293046726223,2.6399809359511885,-0.45559229400203544
24103.556043504,3597147943,1635,1634,1,0,9,65.24170500051696,-41,63,-20.677966101694906,-97.10264900662251,98.16192560175054,48.02494802494803,0.024420024420024333,3.673769287288758,-0.39313067629328197,-1.8191278796827461,1.6115599361696027,1.3366515403875507,2.6445828783148455,-0.45610286953246304,-0.504679679214376,-1.8085633489171709,1.6060778849162662,1.3330293046726223,2.6399809359511885,-0.45559229400203544
24103.656013958,3597147943,1638,1637,1,0,9,65.26919499810901,-41,63,-14.35028248587571,-97.10264900662251,98.16192560175054,48.02494802494803,0.024420024420024333,3.673769287288758,-0.2766036023859646,-1.8191278796827461,1.6115599361696027,1.3366515403875507,2.6445828783148455,-0.45610286953246304,-0.4325825821837508,-1.8085633489171709,1.6060778849162662,1.3330293046726223,2.6399809359511885,-0.45559229400203544
24103.756051038,3597147943,1641,1640,1,0,9,65.28317899937974,-41,63,-8.097928436911488,-97.10264900662251,98.16192560175054,48.02494802494803,0.024420024420024333,3.673769287288758,-0.16146375554897233,-1.8191278796827461,1.6115599361696027,1.3366515403875507,2.6445828783148455,-0.45610286953246304,-0.3328738309711841,-1.8085633489171709,1.6060778849162662,1.3330293046726223,2.6399809359511885,-0.45712627478992107
24103.856023903,3597147943,1644,1643,1,0,10,65.2681700012181,-41,63,-2.900188323917135,-97.10264900662251,98.16192560175054,48.02494802494803,0.024420024420024333,3.673769287288758,-0.06574508769653313,-1.8191278796827461,1.6115599361696027,1.3366515403875507,2.6445828783148455,-0.45610286953246304,-0.22089323345553233,-1.8085633489171709,1.6060778849162662,1.3330293046726223,2.6399809359511885,-0.45559229400203544
24103.956165274,3597147943,1647,1646,1,0,6,65.50466600310756,-41,63,0.41431261770243566,-97.10264900662251,98.16192560175054,48.02494802494803,0.024420024420024333,3.673769287288758,-0.0047070966022243685,-1.8191278796827461,1.6115599361696027,1.3366515403875507,2.6445828783148455,-0.45610286953246304,-0.12118448224296566,-1.8085633489171709,1.6060778849162662,1.3330293046726223,2.6399809359511885,-0.45559229400203544
24104.056179832,3597147943,1650,1649,1,0,10,65.33008699989296,-41,63,1.7702448210922768,-97.10264900662251,98.16192560175054,48.02494802494803,0.024420024420024333,3.673769287288758,0.020262990663629528,-1.8191278796827461,1.6115599361696027,1.3366515403875507,2.6445828783148455,-0.45610286953246304,-0.05062136600022616,-1.8085633489171709,1.6060778849162662,1.3330293046726223,2.6399809359511885,-0.45559229400203544
24104.156176081,3597147943,1653,1652,1,0,10,65.30917799682356,-41,63,1.8455743879472806,-97.10264900662251,98.16192560175054,48.02494802494803,0.024420024420024333,3.673769287288758,0.021650217733955347,-1.8191278796827461,1.6115599361696027,1.3366515403875507,2.6445828783148455,-0.45610286953246304,-0.006135923151542565,-1.8085633489171709,1.6060778849162662,1.3330293046726223,2.6399809359511885,-0.45559229400203544
24104.256071396,3597147943,1656,1655,1,0,10,65.26399000358651,-41,63,2.1468926553672247,-97.10264900662251,98.16192560175054,48.02494802494803,0.024420024420024333,3.673769287288758,0.027199126015255825,-1.8191278796827461,1.6115599361696027,1.3366515403875507,2.6445828783148455,-0.45610286953246304,0.010737865515199488,-1.8085633489171709,1.6060778849162662,1.3330293046726223,2.6399809359511885,-0.45559229400203544
24104.356104748,3597147943,1659,1658,1,0,11,65.31955699756509,-38,63,2.4482109227871973,-97.10264900662251,98.16192560175054,48.02494802494803,0.024420024420024333,3.673769287288758,0.0327480342965563,-1.8191278796827461,1.6115599361696027,1.3366515403875507,2.6445828783148455,-0.45610286953246304,0.019941750242513337,-1.8085633489171709,1.6060778849162662,1.3330293046726223,2.6399809359511885,-0.45559229400203544
24104.456060471,3597147943,1662,1661,1,0,9,65.07282500024303,-38,63,2.4482109227871973,-97.10264900662251,98.16192560175054,48.02494802494803,0.024420024420024333,3.673769287288758,0.0327480342965563,-1.8191278796827461,1.6115599361696027,1.3366515403875507,2.6445828783148455,-0.45610286953246304,0.02454369260617026,-1.8085633489171709,1.6060778849162662,1.3330293046726223,2.6399809359511885,-0.45559229400203544
24104.556185939,3597147943,1665,1664,1,0,9,65.3351390028547,-38,63,1.6949152542372872,-97.10264900662251,98.16192560175054,48.02494802494803,0.024420024420024333,3.673769287288758,0.01887576359330441,-1.8191278796827461,1.6115599361696027,1.3366515403875507,2.6445828783148455,-0.45610286953246304,0.02454369260617026,-1.8085633489171709,1.6060778849162662,1.3330293046726223,2.6399809359511885,-0.45559229400203544
24104.655932401,3597147943,1668,1667,1,0,9,65.13894500312745,-38,63,1.6195856873822976,-97.10264900662251,98.07439824945294,47.69230769230771,0.024420024420024333,3.673769287288758,0.01748853652297929,-1.8191278796827461,1.6100105148748804,1.3304850014032352,2.6445828783148455,-0.45610286953246304,0.02454369260617026,-1.8085633489171709,1.6060778849162662,1.3330293046726223,2.6399809359511885,-0.45559229400203544
24104.756183678,3597147943,1671,1670,1,0,10,65.47931899694959,-38,63,1.6195856873822976,-97.10264900662251,98.07439824945294,47.60914760914761,0.024420024420024333,3.673769287288758,0.01748853652297929,-1.8191278796827461,1.6100105148748804,1.3289433666571564,2.6445828783148455,-0.45610286953246304,0.02454369260617026,-1.8085633489171709,1.6060778849162662,1.3330293046726223,2.6399809359511885,-0.45559229400203544
24104.856153012,3597147943,1674,1673,1,0,10,65.42580899986206,-38,63,1.6195856873822976,-97.01986754966887,98.07439824945294,47.19334719334719,0.024420024420024333,3.673769287288758,0.01748853652297929,-1.8175805654525816,1.6100105148748804,1.321235192926762,2.6445828783148455,-0.45610286953246304,0.02454369260617026,-1.8085633489171709,1.6060778849162662,1.3330293046726223,2.6399809359511885,-0.45559229400203544
24104.956163385,3597147943,1677,1676,1,0,9,65.48040000052424,-38,63,1.6195856873822976,-97.01986754966887,97.81181619256017,47.1101871101871,0.024420024420024333,3.673769287288758,0.01748853652297929,-1.8175805654525816,1.6053622509907146,1.3196935581806828,2.6445828783148455,-0.45610286953246304,0.02454369260617026,-1.8085633489171709,1.6060778849162662,1.3330293046726223,2.6399809359511885,-0.45559229400203544
24105.056110017,3597147943,1680,1679,1,0,9,65.08737399781239,-38,63,1.6949152542372872,-96.8543046357616,95.71115973741794,47.02702702702703,0.024420024420024333,3.673769287288758,0.01887576359330441,-1.8144859369922528,1.5681761399173837,1.3181519234346046,2.6445828783148455,-0.45610286953246304,0.02454369260617026,-1.8085633489171709,1.6060778849162662,1.3330293046726223,2.6399809359511885,-0.45559229400203544
24105.156082908,3597147943,1683,1682,1,0,10,65.24826299937558,-38,63,1.6949152542372872,-96.44039735099338,90.98468271334792,46.94386694386694,0.024420024420024333,3.673769287288758,0.01887576359330441,-1.8067493658414302,1.4845073900023884,1.3166102886885254,2.6445828783148455,-0.45610286953246304,0.02454369260617026,-1.8085633489171709,1.5876701154616386,1.3330293046726223,2.6399809359511885,-0.45559229400203544
24105.255985633,3597147943,1686,1685,1,0,10,65.28219200117746,-38,63,1.6949152542372872,-96.35761589403974,86.2582056892779,46.94386694386694,0.024420024420024333,3.673769287288758,0.01887576359330441,-1.805202051611266,1.4008386400873933,1.3166102886885254,2.6445828783148455,-0.45610286953246304,0.02454369260617026,-1.8085633489171709,1.5355147686735269,1.3330293046726223,2.6399809359511885,-0.45559229400203544
24105.356085239,3597147943,1689,1688,1,0,10,65.25364499975694,-38,63,1.6949152542372872,-96.2748344370861,81.88183807439825,46.94386694386694,0.024420024420024333,3.673769287288758,0.01887576359330441,-1.8036547373811018,1.323367575351287,1.3166102886885254,2.6445828783148455,-0.45610286953246304,0.02454369260617026,-1.8239031567960273,1.4848934026733007,1.3330293046726223,2.6399809359511885,-0.45712627478992107
24105.45603483,3597147943,1692,1691,1,0,6,65.05765799738583,-38,63,1.6949152542372872,-96.19205298013244,76.54266958424506,46.94386694386694,0.024420024420024333,3.673769287288758,0.01887576359330441,-1.802107423150937,1.2288528763732374,1.3166102886885254,2.6445828783148455,-0.45610286953246304,0.02454369260617026,-1.8070293681292853,1.423534171157875,1.3330293046726223,2.6399809359511885,-0.45712627478992107
24105.555975719,3597147943,1695,1694,1,0,10,65.17179799993755,-39,63,1.6949152542372872,-96.1092715231788,70.59080962800874,46.94386694386694,0.024420024420024333,3.673769287288758,0.01887576359330441,-1.8005601089207726,1.1234922283321325,1.3166102886885254,2.6445828783148455,-0.45610286953246304,0.02454369260617026,-1.8116313104929422,1.3391652278241648,1.3330293046726223,2.6399809359511885,-0.4586602555778067
24105.656190953,3597147943,1698,1697,1,0,10,65.19791800019448,-39,63,1.6949152542372872,-94.61920529801324,65.16411378555799,46.94386694386694,0.024420024420024333,3.673769287288758,0.01887576359330441,-1.7727084527778125,1.0274281080593612,1.3166102886885254,2.6445828783148455,-0.45610286953246304,0.02454369260617026,-1.8085633489171709,1.2425244381873692,1.3330293046726223,2.6399809359511885,-0.4586602555778067
24105.756155559,3597147943,1701,1700,1,0,9,65.15976399896317,-39,63,1.6949152542372872,-88.74172185430464,60.1750547045952,46.94386694386694,0.024420024420024333,3.673769287288758,0.01887576359330441,-1.662849142436137,0.9391110942601996,1.3166102886885254,2.6445828783148455,-0.45610286953246304,0.02454369260617026,-1.7993594641898571,1.141281706186917,1.3330293046726223,2.6399809359511885,-0.4586602555778067
24105.856026612,3597147943,1704,1703,1,0,9,65.13351299872738,-39,63,1.6949152542372872,-80.4635761589404,53.52297592997812,46.94386694386694,0.024420024420024333,3.673769287288758,0.01887576359330441,-1.5081177194196922,0.8213550758613178,1.3166102886885254,2.6445828783148455,-0.45610286953246304,0.02454369260617026,-1.7380002326744315,1.043106935762236,1.3330293046726223,2.6399809359511885,-0.4586602555778067
24105.956047105,3597147943,1707,1706,1,0,10,65.32120900010341,-39,63,1.6949152542372872,-71.6887417218543,45.20787746170677,46.94386694386694,0.024420024420024333,3.673769287288758,0.01887576359330441,-1.3441024110222601,0.6741600528627161,1.3166102886885254,2.6445828783148455,-0.45610286953246304,0.02454369260617026,-1.6229516735830083,0.9357282806102412,1.3330293046726223,2.6399809359511885,-0.4586602555778067
24106.056104848,3597147943,1710,1709,1,0,10,65.12105200090446,-39,63,1.6949152542372872,-63.41059602649007,36.28008752735229,46.94386694386694,0.024420024420024333,3.673769287288758,0.01887576359330441,-1.1893709880058154,0.516119080801059,1.3166102886885254,2.6445828783148455,-0.45610286953246304,0.02454369260617026,-1.4787574795217582,0.8130098175793898,1.3330293046726223,2.6399809359511885,-0.4586602555778067
24106.156034635,3597147943,1713,1712,1,0,10,65.0675399992906,-39,63,1.6949152542372872,-55.711920529801326,27.78993435448578,46.94386694386694,0.024420024420024333,3.673769287288758,0.01887576359330441,-1.0454707646005217,0.3658252152130128,1.3166102886885254,2.6445828783148455,-0.45610286953246304,0.02454369260617026,-1.3391652278241648,0.6764855274575677,1.3330293046726223,2.6399809359511885,-0.4586602555778067
24106.256116952,3597147943,1716,1715,1,0,9,65.10848000107217,-39,63,1.6949152542372872,-48.758278145695364,20.35010940919038,46.94386694386694,0.024420024420024333,3.673769287288758,0.01887576359330441,-0.9154963692667083,0.23412440516163216,1.3166102886885254,2.6445828783148455,-0.45610286953246304,0.02454369260617026,-1.191903072187143,0.516951525517461,1.3330293046726223,2.6399809359511885,-0.4586602555778067
24106.35619635,3597147943,1719,1718,1,0,10,65.27368499882868,-39,63,1.6949152542372872,-42.79801324503312,13.785557986870884,46.94386694386694,0.024420024420024333,3.673769287288758,0.01887576359330441,-0.8040897446948678,0.11791780805747262,1.3166102886885254,2.6445828783148455,-0.45610286953246304,0.02454369260617026,-1.0185632431560658,0.36815538909255385,1.3330293046726223,2.6399809359511885,-0.4586602555778067
24106.45599041,3597147943,1722,1721,1,0,9,65.14533199879224,-39,63,1.6949152542372872,-38.41059602649006,7.571115973741797,46.94386694386694,0.024420024420024333,3.673769287288758,0.01887576359330441,-0.722082090496152,0.00790889613220181,1.3166102886885254,2.6445828783148455,-0.45610286953246304,0.02454369260617026,-0.880504972246358,0.24390294527381695,1.3330293046726223,2.6399809359511885,-0.4586602555778067
24106.556209877,3597147943,1725,1724,1,0,9,65.46666700160131,-39,63,1.6949152542372872,-35.59602649006622,3.7199124726477066,46.94386694386694,0.024420024420024333,3.673769287288758,0.01887576359330441,-0.6694734066705609,-0.06026564083557215,1.3166102886885254,2.6445828783148455,-0.45610286953246304,0.02454369260617026,-0.7715923363064775,0.1303883669702795,1.3330293046726223,2.6399809359511885,-0.4586602555778067
24106.656165991,3597147943,1728,1727,1,0,10,65.22099699941464,-40,63,1.6949152542372872,-35.18211920529801,3.632385120350108,47.02702702702703,0.024420024420024333,3.673769287288758,0.01887576359330441,-0.6617368355197384,-0.061815062130294335,1.3181519234346046,2.6445828783148455,-0.45610286953246304,0.02454369260617026,-0.6948932969121955,0.044485442848683596,1.3330293046726223,2.6399809359511885,-0.4586602555778067
24106.7561729,3597147943,1731,1730,1,0,13,65.2877449974767,-40,63,1.6949152542372872,-36.175496688741724,5.995623632385133,47.19334719334719,0.024420024420024333,3.673769287288758,0.01887576359330441,-0.680304606281712,-0.019980687172796788,1.321235192926762,2.6445828783148455,-0.45610286953246304,0.02454369260617026,-0.6642136811544826,0.01380582709097077,1.3330293046726223,2.6399809359511885,-0.4586602555778067
24106.85623522,3597147943,1734,1733,1,0,9,65.4615109997394,-40,63,1.6949152542372872,-40.480132450331126,10.809628008752739,47.359667359667355,0.024420024420024333,3.673769287288758,0.01887576359330441,-0.7607649462502636,0.06523748403692049,1.3243184624189197,2.6445828783148455,-0.45610286953246304,0.02454369260617026,-0.6657476619423682,0.01687378866674205,1.3330293046726223,2.6399809359511885,-0.4586602555778067
24106.956169558,3597147943,1737,1736,1,0,9,65.4035389998171,-40,63,1.6949152542372872,-46.109271523178805,19.474835886214436,47.359667359667355,0.024420024420024333,3.673769287288758,0.01887576359330441,-0.8659823139014456,0.21863019221441102,1.3243184624189197,2.6445828783148455,-0.45610286953246304,0.02454369260617026,-0.6994952392758523,0.07056311624273949,1.3330293046726223,2.6399809359511885,-0.4586602555778067
24107.056217513,3597147943,1740,1739,1,0,9,65.33186500018928,-40,63,1.6949152542372872,-52.980132450331126,29.80306345733041,47.19334719334719,0.024420024420024333,3.673769287288758,0.01887576359330441,-0.9944093950050953,0.40146190499162165,1.321235192926762,2.6445828783148455,-0.45610286953246304,0.02454369260617026,-0.77772825945802,0.18714565612204823,1.3330293046726223,2.6399809359511885,-0.4586602555778067
24107.156163325,3597147943,1743,1742,1,0,10,65.19441199998255,-40,63,1.6949152542372872,-60.67880794701987,40.74398249452955,47.02702702702703,0.024420024420024333,3.673769287288758,0.01887576359330441,-1.1383096184103887,0.5951395668318875,1.3181519234346046,2.6445828783148455,-0.45610286953246304,0.02454369260617026,-0.8820389530342436,0.34514567727426926,1.3330293046726223,2.6399809359511885,-0.4586602555778067
24107.256043407,3597147943,1746,1745,1,0,9,65.07319000229472,-40,63,1.8455743879472806,-68.29470198675497,51.42231947483589,46.94386694386694,0.024420024420024333,3.673769287288758,0.021650217733955347,-1.2806625275855181,0.7841689647879869,1.3166102886885254,2.6445828783148455,-0.45610286953246304,0.02454369260617026,-1.012427320004523,0.5368932757599744,1.3330293046726223,2.6399809359511885,-0.46019423636569234
24107.3561658,3597147943,1749,1748,1,0,9,65.39254599920241,-40,63,2.3728813559322077,-75.16556291390728,61.66301969365426,46.94386694386694,0.024420024420024333,3.673769287288758,0.031360807226231184,-1.4090896086891669,0.965451256270476,1.3166102886885254,2.6445828783148455,-0.45610286953246304,0.02454369260617026,-1.086058397823034,0.6335340653967698,1.3330293046726223,2.6399809359511885,-0.46019423636569234
24107.456157128,3597147943,1752,1751,1,0,9,65.1429060017108,-40,63,2.297551789077218,-80.96026490066225,71.2035010940919,46.94386694386694,0.024420024420024333,3.673769287288758,0.029973580155906066,-1.5174016048006786,1.1343381773951877,1.3166102886885254,2.6445828783148455,-0.45610286953246304,0.02454369260617026,-1.2287186110963986,0.8145437983672754,1.3330293046726223,2.6399809359511885,-0.46019423636569234
24107.556029108,3597147943,1755,1754,1,0,10,65.18281100215972,-40,63,2.3728813559322077,-85.59602649006622,78.99343544857769,46.94386694386694,0.024420024420024333,3.673769287288758,0.031360807226231184,-1.6040512016898874,1.272236672625457,1.3166102886885254,2.6445828783148455,-0.45610286953246304,0.02454369260617026,-1.4373399982488457,1.0875923786109196,1.3330293046726223,2.6399809359511885,-0.46019423636569234
24107.656005216,3597147943,1758,1757,1,0,10,65.25150600282359,-40,63,2.4482109227871973,-89.32119205298014,85.47045951859957,47.02702702702703,0.024420024420024333,3.673769287288758,0.0327480342965563,-1.6736803420472879,1.3868938484348945,1.3181519234346046,2.6445828783148455,-0.45610286953246304,0.02454369260617026,-1.5447186534008406,1.2363885150358267,1.3330293046726223,2.6399809359511885,-0.46019423636569234
24107.756079541,3597147943,1761,1760,1,0,6,65.3318569966359,-37,63,2.4482109227871973,-92.21854304635761,90.54704595185996,47.60914760914761,0.024420024420024333,3.673769287288758,0.0327480342965563,-1.7278363401030432,1.4767602835287776,1.3289433666571564,2.6445828783148455,-0.45610286953246304,0.02454369260617026,-1.6168157504314657,1.363708920430335,1.3330293046726223,2.6399809359511885,-0.46019423636569234
24107.856013991,3597147943,1764,1763,1,0,14,65.28028500179062,-37,63,2.4482109227871973,-94.5364238410596,93.43544857768055,47.941787941787936,0.024420024420024333,3.673769287288758,0.0327480342965563,-1.7711611385476482,1.5278911862546083,1.3351099056414713,2.6445828783148455,-0.45610286953246304,0.02454369260617026,-1.6919808090378623,1.4588157292792447,1.3330293046726223,2.6399809359511885,-0.46019423636569234
24107.955980075,3597147943,1767,1766,1,0,1,65.0256820008508,-37,63,2.4482109227871973,-95.94370860927152,95.18599562363238,47.941787941787936,0.024420024420024333,3.673769287288758,0.0327480342965563,-1.7974654804604437,1.5588796121490505,1.3351099056414713,2.6445828783148455,-0.45610286953246304,0.02454369260617026,-1.7195924632198039,1.4910293258248433,1.3330293046726223,2.6399809359511885,-0.46019423636569234
24108.056134833,3597147943,1770,1769,1,0,10,65.23554400337161,-37,63,2.4482109227871973,-96.2748344370861,95.71115973741794,48.02494802494803,-0.31746031746031633,3.673769287288758,0.0327480342965563,-1.8036547373811018,1.5681761399173837,1.3366515403875507,2.633845012799646,-0.45610286953246304,0.02454369260617026,-1.7640779060684872,1.5508545765523831,1.3330293046726223,2.6399809359511885,-0.46019423636569234
24108.156100775,3597147943,1773,1772,1,0,9,65.21934800184681,-37,63,2.4482109227871973,-96.77152317880795,95.79868708971554,48.02494802494803,0.024420024420024333,3.673769287288758,0.0327480342965563,-1.8129386227620885,1.5697255612121057,1.3366515403875507,2.6445828783148455,-0.45610286953246304,0.02454369260617026,-1.7886215986746576,1.5585244804918115,1.3330293046726223,2.6399809359511885,-0.46019423636569234
24108.256194566,3597147943,1776,1775,1,0,9,65.34075799936545,-37,63,2.4482109227871973,-96.77152317880795,95.79868708971554,48.02494802494803,0.024420024420024333,3.673769287288758,0.0327480342965563,-1.8129386227620885,1.5697255612121057,1.3366515403875507,2.6445828783148455,-0.45610286953246304,0.02454369260617026,-1.8024274257656283,1.564660403643354,1.3330293046726223,2.6399809359511885,-0.46019423636569234
24108.356188108,3597147943,1779,1778,1,0,6,65.29637800122146,-37,63,2.4482109227871973,-96.60596026490066,95.79868708971554,48.02494802494803,0.024420024420024333,3.673769287288758,0.0327480342965563,-1.8098439943017595,1.5697255612121057,1.3366515403875507,2.6445828783148455,-0.45610286953246304,0.02454369260617026,-1.8054953873413997,1.564660403643354,1.3330293046726223,2.6399809359511885,-0.46019423636569234
24108.456171939,3597147943,1782,1781,1,0,9,65.03897000220604,-37,63,2.1468926553672247,-96.52317880794702,95.79868708971554,48.02494802494803,0.024420024420024333,3.673769287288758,0.027199126015255825,-1.8082966800715947,1.5697255612121057,1.3366515403875507,2.6445828783148455,-0.45610286953246304,0.02454369260617026,-1.8054953873413997,1.564660403643354,1.3330293046726223,2.6399809359511885,-0.46019423636569234
24108.556021349,3597147943,1785,1784,1,0,9,65.09138000183157,-37,63,1.8455743879472806,-96.52317880794702,95.79868708971554,48.02494802494803,0.024420024420024333,3.673769287288758,0.021650217733955347,-1.8082966800715947,1.5697255612121057,1.3366515403875507,2.6445828783148455,-0.45610286953246304,0.02454369260617026,-1.8054953873413997,1.564660403643354,1.3330293046726223,2.6399809359511885,-0.46019423636569234
24108.655989985,3597147943,1788,1787,1,0,10,65.2123740001116,-37,63,1.9209039548022702,-96.52317880794702,95.79868708971554,48.02494802494803,0.024420024420024333,3.673769287288758,0.023037444804280466,-1.8082966800715947,1.5697255612121057,1.3366515403875507,2.6445828783148455,-0.45610286953246304,0.02454369260617026,-1.8054953873413997,1.564660403643354,1.3330293046726223,2.6399809359511885,-0.46019423636569234
24108.755976541,3597147943,1791,1790,1,0,8,65.24189599804231,-37,63,1.9209039548022702,-96.52317880794702,95.79868708971554,48.02494802494803,0.024420024420024333,3.673769287288758,0.023037444804280466,-1.8082966800715947,1.5697255612121057,1.3366515403875507,2.6445828783148455,-0.45610286953246304,0.02454369260617026,-1.8054953873413997,1.564660403643354,1.3330293046726223,2.6399809359511885,-0.46019423636569234
24108.856030618,3597147943,1794,1793,1,0,9,65.34209600067697,-39,63,1.9209039548022702,-96.52317880794702,95.79868708971554,48.02494802494803,0.024420024420024333,3.673769287288758,0.023037444804280466,-1.8082966800715947,1.5697255612121057,1.3366515403875507,2.6445828783148455,-0.45610286953246304,0.02454369260617026,-1.8054953873413997,1.564660403643354,1.3330293046726223,2.6399809359511885,-0.46019423636569234
24108.956201933,3597147943,1797,1796,1,0,10,65.46404199980316,-39,63,1.9209039548022702,-96.52317880794702,95.79868708971554,48.02494802494803,0.024420024420024333,3.673769287288758,0.023037444804280466,-1.8082966800715947,1.5697255612121057,1.3366515403875507,2.6445828783148455,-0.45610286953246304,0.02454369260617026,-1.8054953873413997,1.564660403643354,1.3330293046726223,2.6399809359511885,-0.46019423636569234
24109.056111091,3597147943,1800,1799,1,0,10,65.00590400173678,-39,63,1.9962335216572598,-96.52317880794702,95.79868708971554,48.02494802494803,0.024420024420024333,3.673769287288758,0.024424671874605584,-1.8082966800715947,1.5697255612121057,1.3366515403875507,2.6445828783148455,-0.45610286953246304,0.02454369260617026,-1.8054953873413997,1.564660403643354,1.3330293046726223,2.6399809359511885,-0.46019423636569234
24109.156090029,3597147943,1803,1802,1,0,9,65.07707700075116,-39,63,1.9962335216572598,-96.52317880794702,95.79868708971554,48.02494802494803,0.024420024420024333,3.673769287288758,0.024424671874605584,-1.8082966800715947,1.5697255612121057,1.3366515403875507,2.6445828783148455,-0.45610286953246304,0.02454369260617026,-1.8054953873413997,1.564660403643354,1.3330293046726223,2.6399809359511885,-0.46019423636569234
24109.256191702,3597147943,1806,1805,1,0,10,65.51030199989327,-39,63,1.9962335216572598,-96.52317880794702,95.79868708971554,48.02494802494803,0.024420024420024333,3.673769287288758,0.024424671874605584,-1.8082966800715947,1.5697255612121057,1.3366515403875507,2.6445828783148455,-0.45610286953246304,0.02454369260617026,-1.8054953873413997,1.564660403643354,1.3330293046726223,2.6399809359511885,-0.46019423636569234
24109.356157843,3597147943,1809,1808,1,0,14,65.3709530015476,-39,63,1.9962335216572598,-96.52317880794702,95.79868708971554,48.02494802494803,0.024420024420024333,3.673769287288758,0.024424671874605584,-1.8082966800715947,1.5697255612121057,1.3366515403875507,2.6445828783148455,-0.45610286953246304,0.02454369260617026,-1.8054953873413997,1.564660403643354,1.3330293046726223,2.6399809359511885,-0.46019423636569234
24109.45606445,3597147943,1812,1811,1,0,9,65.37363299867138,-39,63,1.9962335216572598,-96.52317880794702,95.71115973741794,48.02494802494803,0.024420024420024333,3.673769287288758,0.024424671874605584,-1.8082966800715947,1.5681761399173837,1.3366515403875507,2.6445828783148455,-0.45610286953246304,0.02454369260617026,-1.8054953873413997,1.564660403643354,1.3330293046726223,2.6399809359511885,-0.46019423636569234
24109.556164291,3597147943,1815,1814,1,0,10,65.47429000056582,-39,63,1.9962335216572598,-96.52317880794702,95.71115973741794,48.02494802494803,0.024420024420024333,3.673769287288758,0.024424671874605584,-1.8082966800715947,1.5681761399173837,1.3366515403875507,2.6445828783148455,-0.45610286953246304,0.02454369260617026,-1.8054953873413997,1.564660403643354,1.3330293046726223,2.6399809359511885,-0.46019423636569234
24109.656034138,3597147943,1818,1817,1,0,12,65.32747200253652,-39,63,1.9962335216572598,-96.52317880794702,95.71115973741794,48.02494802494803,0.024420024420024333,3.673769287288758,0.024424671874605584,-1.8082966800715947,1.5681761399173837,1.3366515403875507,2.6445828783148455,-0.45610286953246304,0.02454369260617026,-1.8054953873413997,1.564660403643354,1.3330293046726223,2.6399809359511885,-0.46019423636569234
24109.75599361,3597147943,1821,1820,1,0,10,65.2675840028678,-39,63,1.9962335216572598,-96.52317880794702,95.71115973741794,48.02494802494803,0.024420024420024333,3.673769287288758,0.024424671874605584,-1.8082966800715947,1.5681761399173837,1.3366515403875507,2.6445828783148455,-0.45610286953246304,0.02454369260617026,-1.8054953873413997,1.564660403643354,1.3330293046726223,2.6399809359511885,-0.46019423636569234
24109.855980592,3597147943,1824,1823,1,0,14,65.22872799905599,-39,63,1.9962335216572598,-96.52317880794702,95.71115973741794,48.02494802494803,0.024420024420024333,3.673769287288758,0.024424671874605584,-1.8082966800715947,1.5681761399173837,1.3366515403875507,2.6445828783148455,-0.45610286953246304,0.02454369260617026,-1.8054953873413997,1.564660403643354,1.3330293046726223,2.6399809359511885,-0.46019423636569234
24109.956160983,3597147943,1827,1826,1,0,10,65.20511800044915,-39,63,2.071563088512235,-96.52317880794702,95.71115973741794,48.02494802494803,0.024420024420024333,3.673769287288758,0.025811898944930706,-1.8082966800715947,1.5681761399173837,1.3366515403875507,2.6445828783148455,-0.45610286953246304,0.02454369260617026,-1.8054953873413997,1.564660403643354,1.3330293046726223,2.6399809359511885,-0.46019423636569234
24110.056180963,3597147943,1830,1828,1,0,41,98.49624200069229,-42,63,2.071563088512235,-96.52317880794702,95.71115973741794,48.02494802494803,0.024420024420024333,3.673769287288758,0.025811898944930706,-1.8082966800715947,1.5681761399173837,1.3366515403875507,2.6445828783148455,-0.45610286953246304,0.02454369260617026,-1.8054953873413997,1.564660403643354,1.3330293046726223,2.6399809359511885,-0.46019423636569234
24110.156122599,3597147943,1833,1832,1,0,10,65.41008599742781,-42,63,2.071563088512235,-96.52317880794702,95.71115973741794,48.02494802494803,0.024420024420024333,3.673769287288758,0.025811898944930706,-1.8082966800715947,1.5681761399173837,1.3366515403875507,2.6445828783148455,-0.45610286953246304,0.02454369260617026,-1.8054953873413997,1.564660403643354,1.3330293046726223,2.6399809359511885,-0.46019423636569234
24110.256164534,3597147943,1836,1835,1,0,10,65.53328799782321,-42,63,2.071563088512235,-96.52317880794702,95.71115973741794,48.02494802494803,0.024420024420024333,3.673769287288758,0.025811898944930706,-1.8082966800715947,1.5681761399173837,1.3366515403875507,2.6445828783148455,-0.45610286953246304,0.02454369260617026,-1.8054953873413997,1.564660403643354,1.3330293046726223,2.6399809359511885,-0.46019423636569234
24110.356172066,3597147943,1839,1838,1,0,10,65.37155399928452,-42,63,2.071563088512235,-96.52317880794702,95.71115973741794,48.02494802494803,0.024420024420024333,3.673769287288758,0.025811898944930706,-1.8082966800715947,1.5681761399173837,1.3366515403875507,2.6445828783148455,-0.45610286953246304,0.02454369260617026,-1.8054953873413997,1.564660403643354,1.3330293046726223,2.6399809359511885,-0.46019423636569234
24110.456053072,3597147943,1842,1841,1,0,11,65.25206600053934,-42,63,2.071563088512235,-96.52317880794702,95.71115973741794,48.02494802494803,0.024420024420024333,3.673769287288758,0.025811898944930706,-1.8082966800715947,1.5681761399173837,1.3366515403875507,2.6445828783148455,-0.45610286953246304,0.02454369260617026,-1.8054953873413997,1.564660403643354,1.3330293046726223,2.6399809359511885,-0.46019423636569234
24110.55600541,3597147943,1845,1844,1,0,9,65.17865400019218,-42,63,2.071563088512235,-96.52317880794702,95.71115973741794,48.02494802494803,0.024420024420024333,3.673769287288758,0.025811898944930706,-1.8082966800715947,1.5681761399173837,1.3366515403875507,2.6445828783148455,-0.45610286953246304,0.02454369260617026,-1.8054953873413997,1.564660403643354,1.3330293046726223,2.6399809359511885,-0.46019423636569234
24110.656059791,3597147943,1848,1847,1,0,10,65.34128100247472,-42,63,2.071563088512235,-96.52317880794702,95.71115973741794,48.02494802494803,0.024420024420024333,3.673769287288758,0.025811898944930706,-1.8082966800715947,1.5681761399173837,1.3366515403875507,2.6445828783148455,-0.45610286953246304,0.02454369260617026,-1.8054953873413997,1.564660403643354,1.3330293046726223,2.6399809359511885,-0.46019423636569234
24110.756030007,3597147943,1851,1850,1,0,9,65.26924699937808,-42,63,2.071563088512235,-96.52317880794702,95.71115973741794,48.02494802494803,0.024420024420024333,3.673769287288758,0.025811898944930706,-1.8082966800715947,1.5681761399173837,1.3366515403875507,2.6445828783148455,-0.45610286953246304,0.02454369260617026,-1.8054953873413997,1.564660403643354,1.3330293046726223,2.6399809359511885,-0.46019423636569234
24110.856063985,3597147943,1854,1853,1,0,9,65.27693499810994,-42,63,2.071563088512235,-96.52317880794702,95.71115973741794,48.02494802494803,0.024420024420024333,3.673769287288758,0.025811898944930706,-1.8082966800715947,1.5681761399173837,1.3366515403875507,2.6445828783148455,-0.45610286953246304,0.02454369260617026,-1.8054953873413997,1.564660403643354,1.3330293046726223,2.6399809359511885,-0.46019423636569234
24110.956228231,3597147943,1857,1856,1,0,10,65.50950599921634,-42,63,2.071563088512235,-96.52317880794702,95.71115973741794,48.02494802494803,0.024420024420024333,3.673769287288758,0.025811898944930706,-1.8082966800715947,1.5681761399173837,1.3366515403875507,2.6445828783148455,-0.45610286953246304,0.02454369260617026,-1.8054953873413997,1.564660403643354,1.3330293046726223,2.6399809359511885,-0.46019423636569234
24111.056075594,3597147943,1860,1859,1,0,12,65.26506099908147,-42,63,2.071563088512235,-96.52317880794702,95.71115973741794,48.02494802494803,0.024420024420024333,3.673769287288758,0.025811898944930706,-1.8082966800715947,1.5681761399173837,1.3366515403875507,2.6445828783148455,-0.45610286953246304,0.02454369260617026,-1.8054953873413997,1.564660403643354,1.3330293046726223,2.6399809359511885,-0.46019423636569234
24111.156214774,3597147943,1863,1862,1,0,10,65.41679200017825,-39,63,2.071563088512235,-96.52317880794702,95.71115973741794,48.02494802494803,0.024420024420024333,3.673769287288758,0.025811898944930706,-1.8082966800715947,1.5681761399173837,1.3366515403875507,2.6445828783148455,-0.45610286953246304,0.02454369260617026,-1.8054953873413997,1.564660403643354,1.3330293046726223,2.6399809359511885,-0.46019423636569234
24111.256151349,3597147943,1866,1865,1,0,10,65.39473900193116,-39,63,2.071563088512235,-96.52317880794702,95.71115973741794,48.02494802494803,0.024420024420024333,3.673769287288758,0.025811898944930706,-1.8082966800715947,1.5681761399173837,1.3366515403875507,2.6445828783148455,-0.45610286953246304,0.02454369260617026,-1.8054953873413997,1.564660403643354,1.3330293046726223,2.6399809359511885,-0.46019423636569234
24111.356033647,3597147943,1869,1868,1,0,9,65.36966699786717,-39,63,2.071563088512235,-96.52317880794702,95.71115973741794,48.02494802494803,0.024420024420024333,3.673769287288758,0.025811898944930706,-1.8082966800715947,1.5681761399173837,1.3366515403875507,2.6445828783148455,-0.45610286953246304,0.02454369260617026,-1.8054953873413997,1.564660403643354,1.3330293046726223,2.6399809359511885,-0.46019423636569234
24111.456145695,3597147943,1872,1871,1,0,9,65.46044399874518,-39,63,2.071563088512235,-96.52317880794702,95.71115973741794,48.02494802494803,0.024420024420024333,3.673769287288758,0.025811898944930706,-1.8082966800715947,1.5681761399173837,1.3366515403875507,2.6445828783148455,-0.45610286953246304,0.02454369260617026,-1.8054953873413997,1.564660403643354,1.3330293046726223,2.6399809359511885,-0.46019423636569234
24111.556064214,3597147943,1875,1874,1,0,9,65.22691200007102,-39,63,2.071563088512235,-96.52317880794702,95.71115973741794,48.02494802494803,0.024420024420024333,3.673769287288758,0.025811898944930706,-1.8082966800715947,1.5681761399173837,1.3366515403875507,2.6445828783148455,-0.45610286953246304,0.02454369260617026,-1.8054953873413997,1.564660403643354,1.3330293046726223,2.6399809359511885,-0.46019423636569234
24111.656030574,3597147943,1878,1877,1,0,3,65.19504899915773,-39,63,2.071563088512235,-96.52317880794702,95.71115973741794,48.02494802494803,0.024420024420024333,3.673769287288758,0.025811898944930706,-1.8082966800715947,1.5681761399173837,1.3366515403875507,2.6445828783148455,-0.45610286953246304,0.02454369260617026,-1.8054953873413997,1.564660403643354,1.3330293046726223,2.6399809359511885,-0.46019423636569234
24111.756029222,3597147943,1881,1880,1,0,9,65.18939699890325,-39,63,2.071563088512235,-96.52317880794702,95.71115973741794,48.02494802494803,0.024420024420024333,3.673769287288758,0.025811898944930706,-1.8082966800715947,1.5681761399173837,1.3366515403875507,2.6445828783148455,-0.45610286953246304,0.02454369260617026,-1.8054953873413997,1.564660403643354,1.3330293046726223,2.6399809359511885,-0.46019423636569234
24111.856024407,3597147943,1884,1883,1,0,10,65.19054599993979,-39,63,2.071563088512235,-96.52317880794702,95.71115973741794,48.02494802494803,0.024420024420024333,3.673769287288758,0.025811898944930706,-1.8082966800715947,1.5681761399173837,1.3366515403875507,2.6445828783148455,-0.45610286953246304,0.02454369260617026,-1.8054953873413997,1.564660403643354,1.3330293046726223,2.6399809359511885,-0.46019423636569234
24111.9560997,3597147943,1887,1886,1,0,9,65.34916600139695,-39,63,2.071563088512235,-96.52317880794702,95.71115973741794,48.02494802494803,0.024420024420024333,3.673769287288758,0.025811898944930706,-1.8082966800715947,1.5681761399173837,1.3366515403875507,2.6445828783148455,-0.45610286953246304,0.02454369260617026,-1.8054953873413997,1.564660403643354,1.3330293046726223,2.6399809359511885,-0.46019423636569234
24112.056099693,3597147943,1890,1889,1,0,9,65.41212200318114,-39,63,2.071563088512235,-96.52317880794702,95.71115973741794,48.02494802494803,0.024420024420024333,3.673769287288758,0.025811898944930706,-1.8082966800715947,1.5681761399173837,1.3366515403875507,2.6445828783148455,-0.45610286953246304,0.02454369260617026,-1.8054953873413997,1.564660403643354,1.3330293046726223,2.6399809359511885,-0.46019423636569234
24112.156091955,3597147943,1893,1892,1,0,9,65.40502400093828,-39,63,2.071563088512235,-96.52317880794702,95.71115973741794,48.02494802494803,0.024420024420024333,3.673769287288758,0.025811898944930706,-1.8082966800715947,1.5681761399173837,1.3366515403875507,2.6445828783148455,-0.45610286953246304,0.02454369260617026,-1.8054953873413997,1.564660403643354,1.3330293046726223,2.6399809359511885,-0.46019423636569234
24112.256110767,3597147943,1896,1895,1,0,10,65.3387179991114,-40,63,2.071563088512235,-96.52317880794702,95.71115973741794,48.02494802494803,0.024420024420024333,3.673769287288758,0.025811898944930706,-1.8082966800715947,1.5681761399173837,1.3366515403875507,2.6445828783148455,-0.45610286953246304,0.02454369260617026,-1.8054953873413997,1.564660403643354,1.3330293046726223,2.6399809359511885,-0.46019423636569234
24112.356096448,3597147943,1899,1898,1,0,10,65.41500599996652,-40,63,2.071563088512235,-96.52317880794702,95.71115973741794,48.02494802494803,0.024420024420024333,3.673769287288758,0.025811898944930706,-1.8082966800715947,1.5681761399173837,1.3366515403875507,2.6445828783148455,-0.45610286953246304,0.02454369260617026,-1.8054953873413997,1.564660403643354,1.3330293046726223,2.6399809359511885,-0.46019423636569234
24112.456098758,3597147943,1902,1901,1,0,9,65.33576699803234,-40,63,2.071563088512235,-96.52317880794702,95.71115973741794,48.02494802494803,0.024420024420024333,3.673769287288758,0.025811898944930706,-1.8082966800715947,1.5681761399173837,1.3366515403875507,2.6445828783148455,-0.45610286953246304,0.02454369260617026,-1.8054953873413997,1.564660403643354,1.3330293046726223,2.6399809359511885,-0.46019423636569234
24112.556096035,3597147943,1905,1904,1,0,10,65.42974400144885,-40,63,2.071563088512235,-96.52317880794702,95.71115973741794,48.02494802494803,0.024420024420024333,3.673769287288758,0.025811898944930706,-1.8082966800715947,1.5681761399173837,1.3366515403875507,2.6445828783148455,-0.45610286953246304,0.02454369260617026,-1.8054953873413997,1.564660403643354,1.3330293046726223,2.6399809359511885,-0.46019423636569234
24112.656127998,3597147943,1908,1907,1,0,13,65.42459499905817,-40,63,2.071563088512235,-96.52317880794702,95.71115973741794,48.02494802494803,0.024420024420024333,3.673769287288758,0.025811898944930706,-1.8082966800715947,1.5681761399173837,1.3366515403875507,2.6445828783148455,-0.45610286953246304,0.02454369260617026,-1.8054953873413997,1.564660403643354,1.3330293046726223,2.6399809359511885,-0.46019423636569234
24112.756011557,3597147943,1911,1909,1,0,42,98.43443999852752,-40,63,2.071563088512235,-96.52317880794702,95.71115973741794,48.02494802494803,0.024420024420024333,3.673769287288758,0.025811898944930706,-1.8082966800715947,1.5681761399173837,1.3366515403875507,2.6445828783148455,-0.45610286953246304,0.02454369260617026,-1.8054953873413997,1.564660403643354,1.3330293046726223,2.6399809359511885,-0.46019423636569234
24112.85608012,3597147943,1914,1913,1,0,10,65.27135699798237,-40,63,2.071563088512235,-96.52317880794702,95.71115973741794,48.02494802494803,0.024420024420024333,3.673769287288758,0.025811898944930706,-1.8082966800715947,1.5681761399173837,1.3366515403875507,2.6445828783148455,-0.45610286953246304,0.02454369260617026,-1.8054953873413997,1.564660403643354,1.3330293046726223,2.6399809359511885,-0.46019423636569234
24112.956182896,3597147943,1917,1916,1,0,10,65.26431100064656,-40,63,2.071563088512235,-96.52317880794702,95.71115973741794,48.02494802494803,0.024420024420024333,3.673769287288758,0.025811898944930706,-1.8082966800715947,1.5681761399173837,1.3366515403875507,2.6445828783148455,-0.45610286953246304,0.02454369260617026,-1.8054953873413997,1.564660403643354,1.3330293046726223,2.6399809359511885,-0.46019423636569234
24113.056214341,3597147943,1920,1919,1,0,8,65.39956000051461,-40,63,2.071563088512235,-96.52317880794702,95.71115973741794,48.02494802494803,0.024420024420024333,3.673769287288758,0.025811898944930706,-1.8082966800715947,1.5681761399173837,1.3366515403875507,2.6445828783148455,-0.45610286953246304,0.02454369260617026,-1.8054953873413997,1.564660403643354,1.3330293046726223,2.6399809359511885,-0.46019423636569234
24113.156342384,3597147943,1923,1922,1,0,9,65.53146800069953,-40,63,2.071563088512235,-96.52317880794702,95.71115973741794,48.02494802494803,0.024420024420024333,3.673769287288758,0.025811898944930706,-1.8082966800715947,1.5681761399173837,1.3366515403875507,2.6445828783148455,-0.45610286953246304,0.02454369260617026,-1.8054953873413997,1.564660403643354,1.3330293046726223,2.6399809359511885,-0.46019423636569234
24113.256126013,3597147943,1926,1925,1,0,10,65.11260499974014,-40,63,2.071563088512235,-96.52317880794702,95.71115973741794,48.02494802494803,0.024420024420024333,3.673769287288758,0.025811898944930706,-1.8082966800715947,1.5681761399173837,1.3366515403875507,2.6445828783148455,-0.45610286953246304,0.02454369260617026,-1.8054953873413997,1.564660403643354,1.3330293046726223,2.6399809359511885,-0.46019423636569234
24113.35632243,3597147943,1929,1928,1,0,10,65.6268300008378,-39,63,2.071563088512235,-96.52317880794702,95.71115973741794,48.02494802494803,0.024420024420024333,3.673769287288758,0.025811898944930706,-1.8082966800715947,1.5681761399173837,1.3366515403875507,2.6445828783148455,-0.45610286953246304,0.02454369260617026,-1.8054953873413997,1.564660403643354,1.3330293046726223,2.6399809359511885,-0.46019423636569234
24113.45620438,3597147943,1932,1931,1,0,10,65.34494999868912,-39,63,2.071563088512235,-96.52317880794702,95.71115973741794,48.02494802494803,0.024420024420024333,3.673769287288758,0.025811898944930706,-1.8082966800715947,1.5681761399173837,1.3366515403875507,2.6445828783148455,-0.45610286953246304,0.02454369260617026,-1.8054953873413997,1.564660403643354,1.3330293046726223,2.6399809359511885,-0.46019423636569234
24113.556029047,3597147943,1935,1934,1,0,10,65.16741599989473,-39,63,2.071563088512235,-96.52317880794702,95.71115973741794,48.02494802494803,0.024420024420024333,3.673769287288758,0.025811898944930706,-1.8082966800715947,1.5681761399173837,1.3366515403875507,2.6445828783148455,-0.45610286953246304,0.02454369260617026,-1.8054953873413997,1.564660403643354,1.3330293046726223,2.6399809359511885,-0.46019423636569234
24113.656155691,3597147943,1938,1937,1,0,9,65.41594300142606,-39,63,2.071563088512235,-96.44039735099338,95.71115973741794,48.02494802494803,0.024420024420024333,3.673769287288758,0.025811898944930706,-1.8067493658414302,1.5681761399173837,1.3366515403875507,2.6445828783148455,-0.45610286953246304,0.02454369260617026,-1.8054953873413997,1.564660403643354,1.3330293046726223,2.6399809359511885,-0.46019423636569234
24113.756087401,3597147943,1941,1940,1,0,10,65.18948500161059,-39,63,2.071563088512235,-96.44039735099338,95.71115973741794,48.02494802494803,0.024420024420024333,3.673769287288758,0.025811898944930706,-1.8067493658414302,1.5681761399173837,1.3366515403875507,2.6445828783148455,-0.45610286953246304,0.02454369260617026,-1.8054953873413997,1.564660403643354,1.3330293046726223,2.6399809359511885,-0.46019423636569234
24113.856149308,3597147943,1944,1943,1,0,6,65.26864300030866,-39,63,2.071563088512235,-96.44039735099338,95.71115973741794,48.02494802494803,0.024420024420024333,3.673769287288758,0.025811898944930706,-1.8067493658414302,1.5681761399173837,1.3366515403875507,2.6445828783148455,-0.45610286953246304,0.02454369260617026,-1.8054953873413997,1.564660403643354,1.3330293046726223,2.6399809359511885,-0.46019423636569234
24113.956112218,3597147943,1947,1946,1,0,3,65.26441599999089,-39,63,2.071563088512235,-96.44039735099338,95.71115973741794,48.02494802494803,0.024420024420024333,3.673769287288758,0.025811898944930706,-1.8067493658414302,1.5681761399173837,1.3366515403875507,2.6445828783148455,-0.45610286953246304,0.02454369260617026,-1.8054953873413997,1.564660403643354,1.3330293046726223,2.6399809359511885,-0.46019423636569234
24114.056152915,3597147943,1950,1949,1,0,8,65.24720800007344,-39,63,2.071563088512235,-96.44039735099338,95.71115973741794,48.02494802494803,0.024420024420024333,3.673769287288758,0.025811898944930706,-1.8067493658414302,1.5681761399173837,1.3366515403875507,2.6445828783148455,-0.45610286953246304,0.02454369260617026,-1.8054953873413997,1.564660403643354,1.3330293046726223,2.6399809359511885,-0.46019423636569234
24114.156102134,3597147943,1953,1952,1,0,9,64.97447000219836,-39,63,2.071563088512235,-96.44039735099338,95.71115973741794,48.02494802494803,0.024420024420024333,3.673769287288758,0.025811898944930706,-1.8067493658414302,1.5681761399173837,1.3366515403875507,2.6445828783148455,-0.45610286953246304,0.02454369260617026,-1.8054953873413997,1.564660403643354,1.3330293046726223,2.6399809359511885,-0.46019423636569234
24114.256196192,3597147943,1956,1955,1,0,5,65.24508200163837,-39,63,2.071563088512235,-96.44039735099338,95.71115973741794,48.02494802494803,0.024420024420024333,3.673769287288758,0.025811898944930706,-1.8067493658414302,1.5681761399173837,1.3366515403875507,2.6445828783148455,-0.45610286953246304,0.02454369260617026,-1.8054953873413997,1.564660403643354,1.3330293046726223,2.6399809359511885,-0.46019423636569234
24114.356127602,3597147943,1959,1958,1,0,10,65.3647289982473,-39,63,2.071563088512235,-96.44039735099338,95.71115973741794,48.02494802494803,0.024420024420024333,3.673769287288758,0.025811898944930706,-1.8067493658414302,1.5681761399173837,1.3366515403875507,2.6445828783148455,-0.45610286953246304,0.02454369260617026,-1.8054953873413997,1.564660403643354,1.3330293046726223,2.6399809359511885,-0.46019423636569234
24114.45595903,3597147943,1962,1961,1,0,11,65.2375329991628,-39,63,2.071563088512235,-96.44039735099338,95.71115973741794,48.02494802494803,0.024420024420024333,3.673769287288758,0.025811898944930706,-1.8067493658414302,1.5681761399173837,1.3366515403875507,2.6445828783148455,-0.45610286953246304,0.02454369260617026,-1.8054953873413997,1.564660403643354,1.3330293046726223,2.6399809359511885,-0.46019423636569234
24114.556053763,3597147943,1965,1964,1,0,9,65.22580200180528,-38,63,2.071563088512235,-96.44039735099338,95.71115973741794,48.02494802494803,0.024420024420024333,3.673769287288758,0.025811898944930706,-1.8067493658414302,1.5681761399173837,1.3366515403875507,2.6445828783148455,-0.45610286953246304,0.02454369260617026,-1.8054953873413997,1.564660403643354,1.3330293046726223,2.6399809359511885,-0.46019423636569234
24114.656066463,3597147943,1968,1967,1,0,10,65.23611000011442,-38,63,2.071563088512235,-96.44039735099338,95.71115973741794,48.02494802494803,0.024420024420024333,3.673769287288758,0.025811898944930706,-1.8067493658414302,1.5681761399173837,1.3366515403875507,2.6445828783148455,-0.45610286953246304,0.02454369260617026,-1.8054953873413997,1.564660403643354,1.3330293046726223,2.6399809359511885,-0.46019423636569234
24114.756084932,3597147943,1971,1970,1,0,10,65.19366599968635,-38,63,2.071563088512235,-96.44039735099338,95.71115973741794,48.02494802494803,0.024420024420024333,3.673769287288758,0.025811898944930706,-1.8067493658414302,1.5681761399173837,1.3366515403875507,2.6445828783148455,-0.45610286953246304,0.02454369260617026,-1.8054953873413997,1.564660403643354,1.3330293046726223,2.6399809359511885,-0.46019423636569234
24114.856031746,3597147943,1974,1973,1,0,10,65.26802799999132,-38,63,2.071563088512235,-96.44039735099338,95.71115973741794,48.02494802494803,0.024420024420024333,3.673769287288758,0.025811898944930706,-1.8067493658414302,1.5681761399173837,1.3366515403875507,2.6445828783148455,-0.45610286953246304,0.02454369260617026,-1.8054953873413997,1.564660403643354,1.3330293046726223,2.6399809359511885,-0.46019423636569234
24114.95616789,3597147943,1977,1976,1,0,10,65.46187699859729,-38,63,2.071563088512235,-96.44039735099338,95.71115973741794,48.02494802494803,0.024420024420024333,3.673769287288758,0.025811898944930706,-1.8067493658414302,1.5681761399173837,1.3366515403875507,2.6445828783148455,-0.45610286953246304,0.02454369260617026,-1.8054953873413997,1.564660403643354,1.3330293046726223,2.6399809359511885,-0.46019423636569234
24115.056251741,3597147943,1980,1979,1,0,10,65.46081499982392,-38,63,2.071563088512235,-96.44039735099338,95.71115973741794,48.02494802494803,0.024420024420024333,3.673769287288758,0.025811898944930706,-1.8067493658414302,1.5681761399173837,1.3366515403875507,2.6445828783148455,-0.45610286953246304,0.02454369260617026,-1.8054953873413997,1.564660403643354,1.3330293046726223,2.6399809359511885,-0.46019423636569234
24115.156157343,3597147943,1983,1982,1,0,10,65.41945400022087,-38,63,2.071563088512235,-96.44039735099338,95.71115973741794,48.02494802494803,0.024420024420024333,3.673769287288758,0.025811898944930706,-1.8067493658414302,1.5681761399173837,1.3366515403875507,2.6445828783148455,-0.45610286953246304,0.02454369260617026,-1.8054953873413997,1.564660403643354,1.3330293046726223,2.6399809359511885,-0.46019423636569234
24115.255988111,3597147943,1986,1985,1,0,10,64.99983299727319,-38,63,2.071563088512235,-96.44039735099338,95.71115973741794,48.02494802494803,0.024420024420024333,3.673769287288758,0.025811898944930706,-1.8067493658414302,1.5681761399173837,1.3366515403875507,2.6445828783148455,-0.45610286953246304,0.02454369260617026,-1.8054953873413997,1.564660403643354,1.3330293046726223,2.6399809359511885,-0.46019423636569234
24115.356136764,3597147943,1989,1988,1,0,10,65.2837029992952,-38,63,2.071563088512235,-96.44039735099338,95.71115973741794,48.02494802494803,0.024420024420024333,3.673769287288758,0.025811898944930706,-1.8067493658414302,1.5681761399173837,1.3366515403875507,2.6445828783148455,-0.45610286953246304,0.02454369260617026,-1.8054953873413997,1.564660403643354,1.3330293046726223,2.6399809359511885,-0.46019423636569234
24115.455986382,3597147943,1992,1991,1,0,4,65.2665670022543,-38,63,2.071563088512235,-96.44039735099338,95.71115973741794,48.02494802494803,0.024420024420024333,3.673769287288758,0.025811898944930706,-1.8067493658414302,1.5681761399173837,1.3366515403875507,2.6445828783148455,-0.45610286953246304,0.02454369260617026,-1.8054953873413997,1.564660403643354,1.3330293046726223,2.6399809359511885,-0.46019423636569234
24115.556021566,3597147943,1995,1994,1,0,10,65.26047399893287,-38,63,2.071563088512235,-96.44039735099338,95.71115973741794,48.02494802494803,0.024420024420024333,3.673769287288758,0.025811898944930706,-1.8067493658414302,1.5681761399173837,1.3366515403875507,2.6445828783148455,-0.45610286953246304,0.02454369260617026,-1.8054953873413997,1.564660403643354,1.3330293046726223,2.6399809359511885,-0.46019423636569234
24115.656072814,3597147943,1998,1997,1,0,9,65.34461000046576,-38,63,2.071563088512235,-96.44039735099338,95.71115973741794,48.02494802494803,0.024420024420024333,3.673769287288758,0.025811898944930706,-1.8067493658414302,1.5681761399173837,1.3366515403875507,2.6445828783148455,-0.45610286953246304,0.02454369260617026,-1.8054953873413997,1.564660403643354,1.3330293046726223,2.6399809359511885,-0.46019423636569234
24115.756078004,3597147943,2001,2000,1,0,10,65.32297399826348,-38,63,2.071563088512235,-96.44039735099338,95.71115973741794,48.02494802494803,0.024420024420024333,3.673769287288758,0.025811898944930706,-1.8067493658414302,1.5681761399173837,1.3366515403875507,2.6445828783148455,-0.45610286953246304,0.02454369260617026,-1.8054953873413997,1.564660403643354,1.3330293046726223,2.6399809359511885,-0.46019423636569234
24115.856158181,3597147943,2004,2003,1,0,9,65.42587100193487,-38,63,2.071563088512235,-96.44039735099338,95.71115973741794,48.02494802494803,0.024420024420024333,3.673769287288758,0.025811898944930706,-1.8067493658414302,1.5681761399173837,1.3366515403875507,2.6445828783148455,-0.45610286953246304,0.02454369260617026,-1.8054953873413997,1.564660403643354,1.3330293046726223,2.6399809359511885,-0.46019423636569234
24115.956169049,3597147943,2007,2006,1,0,9,65.14841399985016,-38,63,2.071563088512235,-96.44039735099338,95.71115973741794,48.02494802494803,0.024420024420024333,3.673769287288758,0.025811898944930706,-1.8067493658414302,1.5681761399173837,1.3366515403875507,2.6445828783148455,-0.45610286953246304,0.02454369260617026,-1.8054953873413997,1.564660403643354,1.3330293046726223,2.6399809359511885,-0.46019423636569234
24116.0560895,3597147943,2010,2009,1,0,10,65.00718900133506,-38,63,2.071563088512235,-96.44039735099338,95.71115973741794,48.02494802494803,0.024420024420024333,3.673769287288758,0.025811898944930706,-1.8067493658414302,1.5681761399173837,1.3366515403875507,2.6445828783148455,-0.45610286953246304,0.02454369260617026,-1.8054953873413997,1.564660403643354,1.3330293046726223,2.6399809359511885,-0.46019423636569234
24116.156121694,3597147943,2013,2012,1,0,10,65.22600400057854,-38,63,2.071563088512235,-96.44039735099338,95.71115973741794,48.02494802494803,0.024420024420024333,3.673769287288758,0.025811898944930706,-1.8067493658414302,1.5681761399173837,1.3366515403875507,2.6445828783148455,-0.45610286953246304,0.02454369260617026,-1.8054953873413997,1.564660403643354,1.3330293046726223,2.6399809359511885,-0.46019423636569234
24116.256124111,3597147943,2016,2015,1,0,10,65.37879400275415,-38,63,2.071563088512235,-96.44039735099338,95.71115973741794,48.02494802494803,0.024420024420024333,3.673769287288758,0.025811898944930706,-1.8067493658414302,1.5681761399173837,1.3366515403875507,2.6445828783148455,-0.45610286953246304,0.02454369260617026,-1.8054953873413997,1.564660403643354,1.3330293046726223,2.6399809359511885,-0.46019423636569234
24116.355966867,3597147943,2019,2018,1,0,6,65.0682159975986,-38,63,2.071563088512235,-96.44039735099338,95.71115973741794,48.02494802494803,0.024420024420024333,3.673769287288758,0.025811898944930706,-1.8067493658414302,1.5681761399173837,1.3366515403875507,2.6445828783148455,-0.45610286953246304,0.02454369260617026,-1.8054953873413997,1.564660403643354,1.3330293046726223,2.6399809359511885,-0.46019423636569234
24116.456107315,3597147943,2022,2021,1,0,10,65.33253700035857,-38,63,2.071563088512235,-96.44039735099338,95.71115973741794,48.02494802494803,0.024420024420024333,3.673769287288758,0.025811898944930706,-1.8067493658414302,1.5681761399173837,1.3366515403875507,2.6445828783148455,-0.45610286953246304,0.02454369260617026,-1.8054953873413997,1.564660403643354,1.3330293046726223,2.6399809359511885,-0.46019423636569234
24116.556055507,3597147943,2025,2024,1,0,10,65.23360199935269,-38,63,2.071563088512235,-96.44039735099338,95.71115973741794,48.02494802494803,0.024420024420024333,3.673769287288758,0.025811898944930706,-1.8067493658414302,1.5681761399173837,1.3366515403875507,2.6445828783148455,-0.45610286953246304,0.02454369260617026,-1.8054953873413997,1.564660403643354,1.3330293046726223,2.6399809359511885,-0.46019423636569234
24116.656062484,3597147943,2028,2027,1,0,9,65.22257799952058,-38,63,2.071563088512235,-96.44039735099338,95.71115973741794,48.02494802494803,0.024420024420024333,3.673769287288758,0.025811898944930706,-1.8067493658414302,1.5681761399173837,1.3366515403875507,2.6445828783148455,-0.45610286953246304,0.02454369260617026,-1.8054953873413997,1.564660403643354,1.3330293046726223,2.6399809359511885,-0.46019423636569234
24116.756081232,3597147943,2031,2030,1,0,9,65.2883570000995,-38,63,2.071563088512235,-96.44039735099338,95.71115973741794,48.02494802494803,0.024420024420024333,3.673769287288758,0.025811898944930706,-1.8067493658414302,1.5681761399173837,1.3366515403875507,2.6445828783148455,-0.45610286953246304,0.02454369260617026,-1.8054953873413997,1.564660403643354,1.3330293046726223,2.6399809359511885,-0.46019423636569234
24116.856288464,3597147943,2034,2033,1,0,8,65.48986099733156,-38,63,2.071563088512235,-96.44039735099338,95.71115973741794,48.02494802494803,0.024420024420024333,3.673769287288758,0.025811898944930706,-1.8067493658414302,1.5681761399173837,1.3366515403875507,2.6445828783148455,-0.45610286953246304,0.02454369260617026,-1.8054953873413997,1.564660403643354,1.3330293046726223,2.6399809359511885,-0.46019423636569234
24116.956289591,3597147943,2037,2036,1,0,9,65.13571400137153,-38,63,2.071563088512235,-96.44039735099338,95.71115973741794,48.02494802494803,0.024420024420024333,3.673769287288758,0.025811898944930706,-1.8067493658414302,1.5681761399173837,1.3366515403875507,2.6445828783148455,-0.45610286953246304,0.02454369260617026,-1.8054953873413997,1.564660403643354,1.3330293046726223,2.6399809359511885,-0.46019423636569234
24117.056181628,3597147943,2040,2039,1,0,9,65.23633200049517,-38,63,2.071563088512235,-96.44039735099338,95.71115973741794,48.02494802494803,0.024420024420024333,3.673769287288758,0.025811898944930706,-1.8067493658414302,1.5681761399173837,1.3366515403875507,2.6445828783148455,-0.45610286953246304,0.02454369260617026,-1.8054953873413997,1.564660403643354,1.3330293046726223,2.6399809359511885,-0.46019423636569234
24117.156126169,3597147943,2043,2042,1,0,9,65.35431899828836,-38,63,2.071563088512235,-96.44039735099338,95.71115973741794,48.02494802494803,0.024420024420024333,3.673769287288758,0.025811898944930706,-1.8067493658414302,1.5681761399173837,1.3366515403875507,2.6445828783148455,-0.45610286953246304,0.02454369260617026,-1.8054953873413997,1.564660403643354,1.3330293046726223,2.6399809359511885,-0.46019423636569234
24117.256186505,3597147943,2046,2045,1,0,13,65.34197699875222,-38,63,2.071563088512235,-96.44039735099338,95.71115973741794,48.02494802494803,0.024420024420024333,3.673769287288758,0.025811898944930706,-1.8067493658414302,1.5681761399173837,1.3366515403875507,2.6445828783148455,-0.45610286953246304,0.02454369260617026,-1.8054953873413997,1.564660403643354,1.3330293046726223,2.6399809359511885,-0.46019423636569234
24117.356297919,3597147943,2049,2048,1,0,10,65.17617300050915,-38,63,2.071563088512235,-96.44039735099338,95.71115973741794,48.02494802494803,0.024420024420024333,3.673769287288758,0.025811898944930706,-1.8067493658414302,1.5681761399173837,1.3366515403875507,2.6445828783148455,-0.45610286953246304,0.02454369260617026,-1.8054953873413997,1.564660403643354,1.3330293046726223,2.6399809359511885,-0.46019423636569234
24117.456164131,3597147943,2052,2051,1,0,10,64.95677800194244,-38,63,2.071563088512235,-96.44039735099338,95.71115973741794,48.02494802494803,0.024420024420024333,3.673769287288758,0.025811898944930706,-1.8067493658414302,1.5681761399173837,1.3366515403875507,2.6445828783148455,-0.45610286953246304,0.02454369260617026,-1.8054953873413997,1.564660403643354,1.3330293046726223,2.6399809359511885,-0.46019423636569234
24117.556067018,3597147943,2055,2054,1,0,9,65.30173600185663,-38,63,2.071563088512235,-96.44039735099338,95.71115973741794,48.02494802494803,0.024420024420024333,3.673769287288758,0.025811898944930706,-1.8067493658414302,1.5681761399173837,1.3366515403875507,2.6445828783148455,-0.45610286953246304,0.02454369260617026,-1.8054953873413997,1.564660403643354,1.3330293046726223,2.6399809359511885,-0.46019423636569234
24117.656065889,3597147943,2058,2057,1,0,10,65.34449199898518,-38,63,2.071563088512235,-96.44039735099338,95.71115973741794,48.02494802494803,0.024420024420024333,3.673769287288758,0.025811898944930706,-1.8067493658414302,1.5681761399173837,1.3366515403875507,2.6445828783148455,-0.45610286953246304,0.02454369260617026,-1.8054953873413997,1.564660403643354,1.3330293046726223,2.6399809359511885,-0.46019423636569234
24117.756066858,3597147943,2061,2060,1,0,10,65.35235299816122,-38,63,2.071563088512235,-96.44039735099338,95.71115973741794,48.02494802494803,0.024420024420024333,3.673769287288758,0.025811898944930706,-1.8067493658414302,1.5681761399173837,1.3366515403875507,2.6445828783148455,-0.45610286953246304,0.02454369260617026,-1.8054953873413997,1.564660403643354,1.3330293046726223,2.6399809359511885,-0.46019423636569234
24117.85619098,3597147943,2064,2063,1,0,9,65.24882499797968,-38,63,2.071563088512235,-96.44039735099338,95.71115973741794,48.02494802494803,0.024420024420024333,3.673769287288758,0.025811898944930706,-1.8067493658414302,1.5681761399173837,1.3366515403875507,2.6445828783148455,-0.45610286953246304,0.02454369260617026,-1.8054953873413997,1.564660403643354,1.3330293046726223,2.6399809359511885,-0.46019423636569234
24117.956185421,3597147943,2067,2066,1,0,1,65.25884399889037,-40,63,2.071563088512235,-96.44039735099338,95.71115973741794,48.02494802494803,0.024420024420024333,3.673769287288758,0.025811898944930706,-1.8067493658414302,1.5681761399173837,1.3366515403875507,2.6445828783148455,-0.45610286953246304,0.02454369260617026,-1.8054953873413997,1.564660403643354,1.3330293046726223,2.6399809359511885,-0.46019423636569234
24118.056262425,3597147943,2070,2069,1,0,10,65.08633599878522,-40,63,2.071563088512235,-96.44039735099338,95.71115973741794,48.02494802494803,0.024420024420024333,3.673769287288758,0.025811898944930706,-1.8067493658414302,1.5681761399173837,1.3366515403875507,2.6445828783148455,-0.45610286953246304,0.02454369260617026,-1.8054953873413997,1.564660403643354,1.3330293046726223,2.6399809359511885,-0.46019423636569234
24118.156041757,3597147943,2073,2072,1,0,9,65.38539399844012,-40,63,2.071563088512235,-96.44039735099338,95.71115973741794,48.02494802494803,0.024420024420024333,3.673769287288758,0.025811898944930706,-1.8067493658414302,1.5681761399173837,1.3366515403875507,2.6445828783148455,-0.45610286953246304,0.02454369260617026,-1.8054953873413997,1.564660403643354,1.3330293046726223,2.6399809359511885,-0.46019423636569234
24118.25610944,3597147943,2076,2075,1,0,9,65.34501200076193,-40,63,2.071563088512235,-96.44039735099338,95.71115973741794,48.02494802494803,0.024420024420024333,3.673769287288758,0.025811898944930706,-1.8067493658414302,1.5681761399173837,1.3366515403875507,2.6445828783148455,-0.45610286953246304,0.02454369260617026,-1.8054953873413997,1.564660403643354,1.3330293046726223,2.6399809359511885,-0.46019423636569234
24118.356007504,3597147943,2079,2078,1,0,10,65.31660199834732,-40,63,2.071563088512235,-96.44039735099338,95.71115973741794,48.02494802494803,0.024420024420024333,3.673769287288758,0.025811898944930706,-1.8067493658414302,1.5681761399173837,1.3366515403875507,2.6445828783148455,-0.45610286953246304,0.02454369260617026,-1.8054953873413997,1.564660403643354,1.3330293046726223,2.6399809359511885,-0.46019423636569234
24118.456159544,3597147943,2082,2081,1,0,9,65.25355500343721,-40,63,2.071563088512235,-96.44039735099338,95.71115973741794,48.02494802494803,0.024420024420024333,3.673769287288758,0.025811898944930706,-1.8067493658414302,1.5681761399173837,1.3366515403875507,2.6445828783148455,-0.45610286953246304,0.02454369260617026,-1.8054953873413997,1.564660403643354,1.3330293046726223,2.6399809359511885,-0.46019423636569234
24118.556042338,3597147943,2085,2084,1,0,14,65.11619500088273,-40,63,2.071563088512235,-96.44039735099338,95.71115973741794,48.02494802494803,0.024420024420024333,3.673769287288758,0.025811898944930706,-1.8067493658414302,1.5681761399173837,1.3366515403875507,2.6445828783148455,-0.45610286953246304,0.02454369260617026,-1.8054953873413997,1.564660403643354,1.3330293046726223,2.6399809359511885,-0.46019423636569234
24118.656052263,3597147943,2088,2087,1,0,10,65.32584700107691,-40,63,2.071563088512235,-96.44039735099338,95.71115973741794,48.02494802494803,0.024420024420024333,3.673769287288758,0.025811898944930706,-1.8067493658414302,1.5681761399173837,1.3366515403875507,2.6445828783148455,-0.45610286953246304,0.02454369260617026,-1.8054953873413997,1.564660403643354,1.3330293046726223,2.6399809359511885,-0.46019423636569234
24118.756068587,3597147943,2091,2090,1,0,9,65.34008300150163,-40,63,2.071563088512235,-96.44039735099338,95.71115973741794,48.02494802494803,0.024420024420024333,3.673769287288758,0.025811898944930706,-1.8067493658414302,1.5681761399173837,1.3366515403875507,2.6445828783148455,-0.45610286953246304,0.02454369260617026,-1.8054953873413997,1.564660403643354,1.3330293046726223,2.6399809359511885,-0.46019423636569234
24118.856059648,3597147943,2094,2093,1,0,10,65.21613400036586,-40,63,2.071563088512235,-96.44039735099338,95.71115973741794,48.02494802494803,0.024420024420024333,3.673769287288758,0.025811898944930706,-1.8067493658414302,1.5681761399173837,1.3366515403875507,2.6445828783148455,-0.45610286953246304,0.02454369260617026,-1.8054953873413997,1.564660403643354,1.3330293046726223,2.6399809359511885,-0.46019423636569234
24118.956081497,3597147943,2097,2096,1,0,10,65.29057000079774,-40,63,2.071563088512235,-96.44039735099338,95.71115973741794,48.02494802494803,0.024420024420024333,3.673769287288758,0.025811898944930706,-1.8067493658414302,1.5681761399173837,1.3366515403875507,2.6445828783148455,-0.45610286953246304,0.02454369260617026,-1.8054953873413997,1.564660403643354,1.3330293046726223,2.6399809359511885,-0.46019423636569234
24119.05625701,3597147943,2100,2099,1,0,12,65.5497000007017,-40,63,2.071563088512235,-96.44039735099338,95.71115973741794,48.02494802494803,0.024420024420024333,3.673769287288758,0.025811898944930706,-1.8067493658414302,1.5681761399173837,1.3366515403875507,2.6445828783148455,-0.45610286953246304,0.02454369260617026,-1.8054953873413997,1.564660403643354,1.3330293046726223,2.6399809359511885,-0.46019423636569234
24119.15608061,3597147943,2103,2102,1,0,9,65.26223499895423,-40,63,2.071563088512235,-96.44039735099338,95.71115973741794,48.02494802494803,0.024420024420024333,3.673769287288758,0.025811898944930706,-1.8067493658414302,1.5681761399173837,1.3366515403875507,2.6445828783148455,-0.45610286953246304,0.02454369260617026,-1.8054953873413997,1.564660403643354,1.3330293046726223,2.6399809359511885,-0.46019423636569234
24119.256058468,3597147943,2106,2105,1,0,13,65.16921799993725,-40,63,2.071563088512235,-96.44039735099338,95.71115973741794,48.02494802494803,0.024420024420024333,3.673769287288758,0.025811898944930706,-1.8067493658414302,1.5681761399173837,1.3366515403875507,2.6445828783148455,-0.45610286953246304,0.02454369260617026,-1.8054953873413997,1.564660403643354,1.3330293046726223,2.6399809359511885,-0.46019423636569234
24119.356139247,3597147943,2109,2108,1,0,9,65.34704899968347,-40,63,2.071563088512235,-96.44039735099338,95.71115973741794,48.02494802494803,0.024420024420024333,3.673769287288758,0.025811898944930706,-1.8067493658414302,1.5681761399173837,1.3366515403875507,2.6445828783148455,-0.45610286953246304,0.02454369260617026,-1.8054953873413997,1.564660403643354,1.3330293046726223,2.6399809359511885,-0.46019423636569234
24119.456121331,3597147943,2112,2111,1,0,5,65.40055699952063,-40,63,2.071563088512235,-96.44039735099338,95.71115973741794,48.02494802494803,0.024420024420024333,3.673769287288758,0.025811898944930706,-1.8067493658414302,1.5681761399173837,1.3366515403875507,2.6445828783148455,-0.45610286953246304,0.02454369260617026,-1.8054953873413997,1.564660403643354,1.3330293046726223,2.6399809359511885,-0.46019423636569234
24119.556091185,3597147943,2115,2114,1,0,10,65.0650850002421,-40,63,2.071563088512235,-96.44039735099338,95.71115973741794,48.02494802494803,0.024420024420024333,3.673769287288758,0.025811898944930706,-1.8067493658414302,1.5681761399173837,1.3366515403875507,2.6445828783148455,-0.45610286953246304,0.02454369260617026,-1.8054953873413997,1.564660403643354,1.3330293046726223,2.6399809359511885,-0.46019423636569234
24119.656238815,3597147943,2118,2117,1,0,9,65.21476700072526,-40,63,2.071563088512235,-96.44039735099338,95.71115973741794,48.02494802494803,0.024420024420024333,3.673769287288758,0.025811898944930706,-1.8067493658414302,1.5681761399173837,1.3366515403875507,2.6445828783148455,-0.45610286953246304,0.02454369260617026,-1.8054953873413997,1.564660403643354,1.3330293046726223,2.6399809359511885,-0.46019423636569234
24119.756197232,3597147943,2121,2120,1,0,10,65.41766999725951,-40,63,2.071563088512235,-96.44039735099338,95.71115973741794,48.02494802494803,0.024420024420024333,3.673769287288758,0.025811898944930706,-1.8067493658414302,1.5681761399173837,1.3366515403875507,2.6445828783148455,-0.45610286953246304,0.02454369260617026,-1.8054953873413997,1.564660403643354,1.3330293046726223,2.6399809359511885,-0.46019423636569234
24119.85618433,3597147943,2124,2123,1,0,10,65.39899400013383,-40,63,2.071563088512235,-96.44039735099338,95.71115973741794,48.02494802494803,0.024420024420024333,3.673769287288758,0.025811898944930706,-1.8067493658414302,1.5681761399173837,1.3366515403875507,2.6445828783148455,-0.45610286953246304,0.02454369260617026,-1.8054953873413997,1.564660403643354,1.3330293046726223,2.6399809359511885,-0.46019423636569234
24119.956244842,3597147943,2127,2126,1,0,10,65.32534399957513,-40,63,2.071563088512235,-96.44039735099338,95.71115973741794,48.02494802494803,0.024420024420024333,3.673769287288758,0.025811898944930706,-1.8067493658414302,1.5681761399173837,1.3366515403875507,2.6445828783148455,-0.45610286953246304,0.02454369260617026,-1.8054953873413997,1.564660403643354,1.3330293046726223,2.6399809359511885,-0.46019423636569234
24120.056095558,3597147943,2130,2129,1,0,9,65.29768199834507,-40,63,2.071563088512235,-96.44039735099338,95.71115973741794,48.02494802494803,0.024420024420024333,3.673769287288758,0.025811898944930706,-1.8067493658414302,1.5681761399173837,1.3366515403875507,2.6445828783148455,-0.45610286953246304,0.02454369260617026,-1.8054953873413997,1.564660403643354,1.3330293046726223,2.6399809359511885,-0.46019423636569234
24120.156111043,3597147943,2133,2132,1,0,9,65.27353499768651,-38,63,2.071563088512235,-96.44039735099338,95.71115973741794,48.02494802494803,0.024420024420024333,3.673769287288758,0.025811898944930706,-1.8067493658414302,1.5681761399173837,1.3366515403875507,2.6445828783148455,-0.45610286953246304,0.02454369260617026,-1.8054953873413997,1.564660403643354,1.3330293046726223,2.6399809359511885,-0.46019423636569234
24120.256125726,3597147943,2136,2135,1,0,9,65.49489299868583,-38,63,2.071563088512235,-96.44039735099338,95.71115973741794,48.02494802494803,0.024420024420024333,3.673769287288758,0.025811898944930706,-1.8067493658414302,1.5681761399173837,1.3366515403875507,2.6445828783148455,-0.45610286953246304,0.02454369260617026,-1.8054953873413997,1.564660403643354,1.3330293046726223,2.6399809359511885,-0.46019423636569234
24120.356036308,3597147943,2139,2138,1,0,10,65.39030600106344,-38,63,2.071563088512235,-96.44039735099338,95.71115973741794,48.02494802494803,0.024420024420024333,3.673769287288758,0.025811898944930706,-1.8067493658414302,1.5681761399173837,1.3366515403875507,2.6445828783148455,-0.45610286953246304,0.02454369260617026,-1.8054953873413997,1.564660403643354,1.3330293046726223,2.6399809359511885,-0.46019423636569234
24120.456395503,3597147943,2142,2141,1,0,9,65.58766400121385,-38,63,2.071563088512235,-96.44039735099338,95.71115973741794,48.02494802494803,0.024420024420024333,3.673769287288758,0.025811898944930706,-1.8067493658414302,1.5681761399173837,1.3366515403875507,2.6445828783148455,-0.45610286953246304,0.02454369260617026,-1.8054953873413997,1.564660403643354,1.3330293046726223,2.6399809359511885,-0.46019423636569234
24120.556039539,3597147943,2145,2144,1,0,13,65.16694099991582,-38,63,2.071563088512235,-96.44039735099338,95.71115973741794,48.02494802494803,0.024420024420024333,3.673769287288758,0.025811898944930706,-1.8067493658414302,1.5681761399173837,1.3366515403875507,2.6445828783148455,-0.45610286953246304,0.02454369260617026,-1.8054953873413997,1.564660403643354,1.3330293046726223,2.6399809359511885,-0.46019423636569234
24120.655965179,3597147943,2148,2147,1,0,10,65.14192699978594,-38,63,2.071563088512235,-96.44039735099338,95.71115973741794,48.02494802494803,0.024420024420024333,3.673769287288758,0.025811898944930706,-1.8067493658414302,1.5681761399173837,1.3366515403875507,2.6445828783148455,-0.45610286953246304,0.02454369260617026,-1.8054953873413997,1.564660403643354,1.3330293046726223,2.6399809359511885,-0.46019423636569234
24120.756061053,3597147943,2151,2150,1,0,10,65.2151540016348,-38,63,2.071563088512235,-96.44039735099338,95.71115973741794,48.02494802494803,0.024420024420024333,3.673769287288758,0.025811898944930706,-1.8067493658414302,1.5681761399173837,1.3366515403875507,2.6445828783148455,-0.45610286953246304,0.02454369260617026,-1.8054953873413997,1.564660403643354,1.3330293046726223,2.6399809359511885,-0.46019423636569234
24120.856198164,3597147943,2154,2153,1,0,9,64.83420299991849,-38,63,2.071563088512235,-96.44039735099338,95.71115973741794,48.02494802494803,0.024420024420024333,3.673769287288758,0.025811898944930706,-1.8067493658414302,1.5681761399173837,1.3366515403875507,2.6445828783148455,-0.45610286953246304,0.02454369260617026,-1.8054953873413997,1.564660403643354,1.3330293046726223,2.6399809359511885,-0.46019423636569234
24120.956107481,3597147943,2157,2156,1,0,10,64.95780799741624,-38,63,2.071563088512235,-96.44039735099338,95.71115973741794,48.02494802494803,0.024420024420024333,3.673769287288758,0.025811898944930706,-1.8067493658414302,1.5681761399173837,1.3366515403875507,2.6445828783148455,-0.45610286953246304,0.02454369260617026,-1.8054953873413997,1.564660403643354,1.3330293046726223,2.6399809359511885,-0.46019423636569234
24121.055984328,3597147943,2160,2159,1,0,9,65.12868999925558,-38,63,2.071563088512235,-96.44039735099338,95.71115973741794,48.02494802494803,0.024420024420024333,3.673769287288758,0.025811898944930706,-1.8067493658414302,1.5681761399173837,1.3366515403875507,2.6445828783148455,-0.45610286953246304,0.02454369260617026,-1.8054953873413997,1.564660403643354,1.3330293046726223,2.6399809359511885,-0.46019423636569234
24121.155971534,3597147943,2163,2162,1,0,9,65.09396000183187,-38,63,2.071563088512235,-96.44039735099338,95.71115973741794,48.02494802494803,0.024420024420024333,3.673769287288758,0.025811898944930706,-1.8067493658414302,1.5681761399173837,1.3366515403875507,2.6445828783148455,-0.45610286953246304,0.02454369260617026,-1.8054953873413997,1.564660403643354,1.3330293046726223,2.6399809359511885,-0.46019423636569234
24121.255992721,3597147943,2166,2165,1,0,10,65.20943500072462,-41,63,2.071563088512235,-96.44039735099338,95.71115973741794,48.02494802494803,0.024420024420024333,3.673769287288758,0.025811898944930706,-1.8067493658414302,1.5681761399173837,1.3366515403875507,2.6445828783148455,-0.45610286953246304,0.02454369260617026,-1.8054953873413997,1.564660403643354,1.3330293046726223,2.6399809359511885,-0.46019423636569234
24121.356008412,3597147943,2169,2168,1,0,10,65.15845600006287,-41,63,2.071563088512235,-96.44039735099338,95.71115973741794,48.02494802494803,0.024420024420024333,3.673769287288758,0.025811898944930706,-1.8067493658414302,1.5681761399173837,1.3366515403875507,2.6445828783148455,-0.45610286953246304,0.02454369260617026,-1.8054953873413997,1.564660403643354,1.3330293046726223,2.6399809359511885,-0.46019423636569234
24121.456042117,3597147943,2172,2171,1,0,10,65.21621799765853,-41,63,2.071563088512235,-96.44039735099338,95.71115973741794,48.02494802494803,0.024420024420024333,3.673769287288758,0.025811898944930706,-1.8067493658414302,1.5681761399173837,1.3366515403875507,2.6445828783148455,-0.45610286953246304,0.02454369260617026,-1.8054953873413997,1.564660403643354,1.3330293046726223,2.6399809359511885,-0.46019423636569234
24121.556034182,3597147943,2175,2174,1,0,8,65.07618000250659,-41,63,2.071563088512235,-96.44039735099338,95.71115973741794,48.02494802494803,0.024420024420024333,3.673769287288758,0.025811898944930706,-1.8067493658414302,1.5681761399173837,1.3366515403875507,2.6445828783148455,-0.45610286953246304,0.02454369260617026,-1.8054953873413997,1.564660403643354,1.3330293046726223,2.6399809359511885,-0.46019423636569234
24121.656034841,3597147943,2178,2177,1,0,9,65.25756100018043,-41,63,2.071563088512235,-96.44039735099338,95.71115973741794,48.02494802494803,0.024420024420024333,3.673769287288758,0.025811898944930706,-1.8067493658414302,1.5681761399173837,1.3366515403875507,2.6445828783148455,-0.45610286953246304,0.02454369260617026,-1.8054953873413997,1.564660403643354,1.3330293046726223,2.6399809359511885,-0.46019423636569234
24121.756140156,3597147943,2181,2180,1,0,9,65.35891099701985,-41,63,2.071563088512235,-96.44039735099338,95.71115973741794,48.02494802494803,0.024420024420024333,3.673769287288758,0.025811898944930706,-1.8067493658414302,1.5681761399173837,1.3366515403875507,2.6445828783148455,-0.45610286953246304,0.02454369260617026,-1.8054953873413997,1.564660403643354,1.3330293046726223,2.6399809359511885,-0.46019423636569234
24121.856019638,3597147943,2184,2183,1,0,10,65.22633900021901,-41,63,2.071563088512235,-96.44039735099338,95.71115973741794,48.02494802494803,0.024420024420024333,3.673769287288758,0.025811898944930706,-1.8067493658414302,1.5681761399173837,1.3366515403875507,2.6445828783148455,-0.45610286953246304,0.02454369260617026,-1.8054953873413997,1.564660403643354,1.3330293046726223,2.6399809359511885,-0.46019423636569234
24121.956132434,3597147943,2187,2186,1,0,10,65.39530200097943,-41,63,2.071563088512235,-96.44039735099338,95.71115973741794,48.02494802494803,0.024420024420024333,3.673769287288758,0.025811898944930706,-1.8067493658414302,1.5681761399173837,1.3366515403875507,2.6445828783148455,-0.45610286953246304,0.02454369260617026,-1.8054953873413997,1.564660403643354,1.3330293046726223,2.6399809359511885,-0.46019423636569234
24122.056014468,3597147943,2190,2189,1,0,9,65.25245700322557,-41,63,2.071563088512235,-96.44039735099338,95.71115973741794,48.02494802494803,0.024420024420024333,3.673769287288758,0.025811898944930706,-1.8067493658414302,1.5681761399173837,1.3366515403875507,2.6445828783148455,-0.45610286953246304,0.02454369260617026,-1.8054953873413997,1.564660403643354,1.3330293046726223,2.6399809359511885,-0.46019423636569234
24122.156051723,3597147943,2193,2192,1,0,9,65.19710899738129,-41,63,2.071563088512235,-96.44039735099338,95.71115973741794,48.02494802494803,0.024420024420024333,3.673769287288758,0.025811898944930706,-1.8067493658414302,1.5681761399173837,1.3366515403875507,2.6445828783148455,-0.45610286953246304,0.02454369260617026,-1.8054953873413997,1.564660403643354,1.3330293046726223,2.6399809359511885,-0.46019423636569234
24122.256129809,3597147943,2196,2195,1,0,10,65.23039799867547,-41,63,2.071563088512235,-96.44039735099338,95.71115973741794,48.02494802494803,0.024420024420024333,3.673769287288758,0.025811898944930706,-1.8067493658414302,1.5681761399173837,1.3366515403875507,2.6445828783148455,-0.45610286953246304,0.02454369260617026,-1.8054953873413997,1.564660403643354,1.3330293046726223,2.6399809359511885,-0.46019423636569234
24122.356166183,3597147943,2199,2198,1,0,10,65.20969899793272,-41,63,2.071563088512235,-96.44039735099338,95.71115973741794,48.02494802494803,0.024420024420024333,3.673769287288758,0.025811898944930706,-1.8067493658414302,1.5681761399173837,1.3366515403875507,2.6445828783148455,-0.45610286953246304,0.02454369260617026,-1.8054953873413997,1.564660403643354,1.3330293046726223,2.6399809359511885,-0.46019423636569234
24122.455952827,3597147943,2202,2201,1,0,14,65.08678599857376,-48,63,2.071563088512235,-96.44039735099338,95.71115973741794,48.02494802494803,0.024420024420024333,3.673769287288758,0.025811898944930706,-1.8067493658414302,1.5681761399173837,1.3366515403875507,2.6445828783148455,-0.45610286953246304,0.02454369260617026,-1.8054953873413997,1.564660403643354,1.3330293046726223,2.6399809359511885,-0.46019423636569234
24122.555982121,3597147943,2205,2204,1,0,9,65.29435800257488,-48,63,2.071563088512235,-96.44039735099338,95.71115973741794,48.02494802494803,0.024420024420024333,3.673769287288758,0.025811898944930706,-1.8067493658414302,1.5681761399173837,1.3366515403875507,2.6445828783148455,-0.45610286953246304,0.02454369260617026,-1.8054953873413997,1.564660403643354,1.3330293046726223,2.6399809359511885,-0.46019423636569234
24122.655991413,3597147943,2208,2207,1,0,10,65.23652899704757,-48,63,2.071563088512235,-96.44039735099338,95.71115973741794,48.02494802494803,0.024420024420024333,3.673769287288758,0.025811898944930706,-1.8067493658414302,1.5681761399173837,1.3366515403875507,2.6445828783148455,-0.45610286953246304,0.02454369260617026,-1.8054953873413997,1.564660403643354,1.3330293046726223,2.6399809359511885,-0.46019423636569234
24122.756130006,3597147943,2211,2210,1,0,10,65.32592100120382,-48,63,2.071563088512235,-96.44039735099338,95.71115973741794,48.02494802494803,0.024420024420024333,3.673769287288758,0.025811898944930706,-1.8067493658414302,1.5681761399173837,1.3366515403875507,2.6445828783148455,-0.45610286953246304,0.02454369260617026,-1.8054953873413997,1.564660403643354,1.3330293046726223,2.6399809359511885,-0.46019423636569234
24122.856171251,3597147943,2214,2213,1,0,3,65.22824999774457,-48,63,2.071563088512235,-96.44039735099338,95.71115973741794,48.02494802494803,0.024420024420024333,3.673769287288758,0.025811898944930706,-1.8067493658414302,1.5681761399173837,1.3366515403875507,2.6445828783148455,-0.45610286953246304,0.02454369260617026,-1.8054953873413997,1.564660403643354,1.3330293046726223,2.6399809359511885,-0.46019423636569234
24122.956168783,3597147943,2217,2216,1,0,8,65.28061200151569,-48,63,2.071563088512235,-96.44039735099338,95.71115973741794,48.02494802494803,0.024420024420024333,3.673769287288758,0.025811898944930706,-1.8067493658414302,1.5681761399173837,1.3366515403875507,2.6445828783148455,-0.45610286953246304,0.02454369260617026,-1.8054953873413997,1.564660403643354,1.3330293046726223,2.6399809359511885,-0.46019423636569234
24123.056131297,3597147943,2220,2219,1,0,9,64.9682679977559,-48,63,2.071563088512235,-96.44039735099338,95.71115973741794,48.02494802494803,0.024420024420024333,3.673769287288758,0.025811898944930706,-1.8067493658414302,1.5681761399173837,1.3366515403875507,2.6445828783148455,-0.45610286953246304,0.02454369260617026,-1.8054953873413997,1.564660403643354,1.3330293046726223,2.6399809359511885,-0.46019423636569234
24123.156160123,3597147943,2223,2222,1,0,13,65.18784999934724,-48,63,2.071563088512235,-96.44039735099338,95.71115973741794,48.02494802494803,0.024420024420024333,3.673769287288758,0.025811898944930706,-1.8067493658414302,1.5681761399173837,1.3366515403875507,2.6445828783148455,-0.45610286953246304,0.02454369260617026,-1.8054953873413997,1.564660403643354,1.3330293046726223,2.6399809359511885,-0.46019423636569234
24123.256236221,3597147943,2226,2225,1,0,9,65.16536799972528,-48,63,2.071563088512235,-96.44039735099338,95.71115973741794,48.02494802494803,0.024420024420024333,3.673769287288758,0.025811898944930706,-1.8067493658414302,1.5681761399173837,1.3366515403875507,2.6445828783148455,-0.45610286953246304,0.02454369260617026,-1.8054953873413997,1.564660403643354,1.3330293046726223,2.6399809359511885,-0.46019423636569234
24123.356174533,3597147943,2229,2228,1,0,5,65.36089200017159,-48,63,2.071563088512235,-96.44039735099338,95.71115973741794,48.02494802494803,0.024420024420024333,3.673769287288758,0.025811898944930706,-1.8067493658414302,1.5681761399173837,1.3366515403875507,2.6445828783148455,-0.45610286953246304,0.02454369260617026,-1.8054953873413997,1.564660403643354,1.3330293046726223,2.6399809359511885,-0.46019423636569234
24123.456014197,3597147943,2232,2231,1,0,10,65.28189000164275,-48,63,2.071563088512235,-96.44039735099338,95.71115973741794,48.02494802494803,0.024420024420024333,3.673769287288758,0.025811898944930706,-1.8067493658414302,1.5681761399173837,1.3366515403875507,2.6445828783148455,-0.45610286953246304,0.02454369260617026,-1.8054953873413997,1.564660403643354,1.3330293046726223,2.6399809359511885,-0.46019423636569234
24123.555965095,3597147943,2235,2234,1,0,13,65.15845399917453,-38,63,2.071563088512235,-96.44039735099338,95.71115973741794,48.02494802494803,0.024420024420024333,3.673769287288758,0.025811898944930706,-1.8067493658414302,1.5681761399173837,1.3366515403875507,2.6445828783148455,-0.45610286953246304,0.02454369260617026,-1.8054953873413997,1.564660403643354,1.3330293046726223,2.6399809359511885,-0.46019423636569234
24123.656137665,3597147943,2238,2237,1,0,13,65.36522299938952,-38,63,2.071563088512235,-96.44039735099338,95.71115973741794,48.02494802494803,0.024420024420024333,3.673769287288758,0.025811898944930706,-1.8067493658414302,1.5681761399173837,1.3366515403875507,2.6445828783148455,-0.45610286953246304,0.02454369260617026,-1.8054953873413997,1.564660403643354,1.3330293046726223,2.6399809359511885,-0.46019423636569234
24123.756076697,3597147943,2241,2240,1,0,6,65.25876700106892,-38,63,2.071563088512235,-96.44039735099338,95.71115973741794,48.02494802494803,0.024420024420024333,3.673769287288758,0.025811898944930706,-1.8067493658414302,1.5681761399173837,1.3366515403875507,2.6445828783148455,-0.45610286953246304,0.02454369260617026,-1.8054953873413997,1.564660403643354,1.3330293046726223,2.6399809359511885,-0.46019423636569234
24123.856074006,3597147943,2244,2243,1,0,10,65.26372200096375,-38,63,2.071563088512235,-96.44039735099338,95.71115973741794,48.02494802494803,0.024420024420024333,3.673769287288758,0.025811898944930706,-1.8067493658414302,1.5681761399173837,1.3366515403875507,2.6445828783148455,-0.45610286953246304,0.02454369260617026,-1.8054953873413997,1.564660403643354,1.3330293046726223,2.6399809359511885,-0.46019423636569234
24123.956182152,3597147943,2247,2246,1,0,10,65.32118699760758,-38,63,2.071563088512235,-96.44039735099338,95.71115973741794,48.02494802494803,0.024420024420024333,3.673769287288758,0.025811898944930706,-1.8067493658414302,1.5681761399173837,1.3366515403875507,2.6445828783148455,-0.45610286953246304,0.02454369260617026,-1.8054953873413997,1.564660403643354,1.3330293046726223,2.6399809359511885,-0.46019423636569234
24124.056118358,3597147943,2250,2249,1,0,3,65.18593500004499,-38,63,2.071563088512235,-96.44039735099338,95.71115973741794,48.02494802494803,0.024420024420024333,3.673769287288758,0.025811898944930706,-1.8067493658414302,1.5681761399173837,1.3366515403875507,2.6445828783148455,-0.45610286953246304,0.02454369260617026,-1.8054953873413997,1.564660403643354,1.3330293046726223,2.6399809359511885,-0.46019423636569234
24124.156136503,3597147943,2253,2252,1,0,9,65.26235300043481,-38,63,2.071563088512235,-96.44039735099338,95.71115973741794,48.02494802494803,0.024420024420024333,3.673769287288758,0.025811898944930706,-1.8067493658414302,1.5681761399173837,1.3366515403875507,2.6445828783148455,-0.45610286953246304,0.02454369260617026,-1.8054953873413997,1.564660403643354,1.3330293046726223,2.6399809359511885,-0.46019423636569234
24124.256176819,3597147943,2256,2255,1,0,9,65.23548599943751,-38,63,2.071563088512235,-96.44039735099338,95.71115973741794,48.02494802494803,0.024420024420024333,3.673769287288758,0.025811898944930706,-1.8067493658414302,1.5681761399173837,1.3366515403875507,2.6445828783148455,-0.45610286953246304,0.02454369260617026,-1.8054953873413997,1.564660403643354,1.3330293046726223,2.6399809359511885,-0.46019423636569234
24124.356269542,3597147943,2259,2258,1,0,9,65.54844099809998,-38,63,2.071563088512235,-96.44039735099338,95.71115973741794,48.02494802494803,0.024420024420024333,3.673769287288758,0.025811898944930706,-1.8067493658414302,1.5681761399173837,1.3366515403875507,2.6445828783148455,-0.45610286953246304,0.02454369260617026,-1.8054953873413997,1.564660403643354,1.3330293046726223,2.6399809359511885,-0.46019423636569234
24124.456064885,3597147943,2262,2261,1,0,10,65.22353099717293,-38,63,2.071563088512235,-96.44039735099338,95.71115973741794,48.02494802494803,0.024420024420024333,3.673769287288758,0.025811898944930706,-1.8067493658414302,1.5681761399173837,1.3366515403875507,2.6445828783148455,-0.45610286953246304,0.02454369260617026,-1.8054953873413997,1.564660403643354,1.3330293046726223,2.6399809359511885,-0.46019423636569234
24124.556067152,3597147943,2265,2264,1,0,13,65.23977599863429,-38,63,2.071563088512235,-96.44039735099338,95.71115973741794,48.02494802494803,0.024420024420024333,3.673769287288758,0.025811898944930706,-1.8067493658414302,1.5681761399173837,1.3366515403875507,2.6445828783148455,-0.45610286953246304,0.02454369260617026,-1.8054953873413997,1.564660403643354,1.3330293046726223,2.6399809359511885,-0.46019423636569234
24124.655983126,3597147943,2268,2267,1,0,10,65.24210699717514,-41,63,2.071563088512235,-96.44039735099338,95.71115973741794,48.02494802494803,0.024420024420024333,3.673769287288758,0.025811898944930706,-1.8067493658414302,1.5681761399173837,1.3366515403875507,2.6445828783148455,-0.45610286953246304,0.02454369260617026,-1.8054953873413997,1.564660403643354,1.3330293046726223,2.6399809359511885,-0.46019423636569234
24124.756053724,3597147943,2271,2270,1,0,10,65.19171100080712,-41,63,2.071563088512235,-96.44039735099338,95.71115973741794,48.02494802494803,0.024420024420024333,3.673769287288758,0.025811898944930706,-1.8067493658414302,1.5681761399173837,1.3366515403875507,2.6445828783148455,-0.45610286953246304,0.02454369260617026,-1.8054953873413997,1.564660403643354,1.3330293046726223,2.6399809359511885,-0.46019423636569234
24124.856035735,3597147943,2274,2272,1,0,44,98.24756899979548,-41,63,2.071563088512235,-96.44039735099338,95.71115973741794,48.02494802494803,0.024420024420024333,3.673769287288758,0.025811898944930706,-1.8067493658414302,1.5681761399173837,1.3366515403875507,2.6445828783148455,-0.45610286953246304,0.02454369260617026,-1.8054953873413997,1.564660403643354,1.3330293046726223,2.6399809359511885,-0.46019423636569234
24124.956150435,3597147943,2277,2276,1,0,9,65.27835700035212,-41,63,2.071563088512235,-96.44039735099338,95.71115973741794,48.02494802494803,0.024420024420024333,3.673769287288758,0.025811898944930706,-1.8067493658414302,1.5681761399173837,1.3366515403875507,2.6445828783148455,-0.45610286953246304,0.02454369260617026,-1.8054953873413997,1.564660403643354,1.3330293046726223,2.6399809359511885,-0.46019423636569234
24125.056077555,3597147943,2280,2279,1,0,6,65.11272300122073,-41,63,2.071563088512235,-96.44039735099338,95.71115973741794,48.02494802494803,0.024420024420024333,3.673769287288758,0.025811898944930706,-1.8067493658414302,1.5681761399173837,1.3366515403875507,2.6445828783148455,-0.45610286953246304,0.02454369260617026,-1.8054953873413997,1.564660403643354,1.3330293046726223,2.6399809359511885,-0.46019423636569234
24125.156191208,3597147943,2283,2282,1,0,10,65.47076500282856,-41,63,2.071563088512235,-96.44039735099338,95.71115973741794,48.02494802494803,0.024420024420024333,3.673769287288758,0.025811898944930706,-1.8067493658414302,1.5681761399173837,1.3366515403875507,2.6445828783148455,-0.45610286953246304,0.02454369260617026,-1.8054953873413997,1.564660403643354,1.3330293046726223,2.6399809359511885,-0.46019423636569234
24125.256289886,3597147943,2286,2285,1,0,10,65.12585000018589,-41,63,2.071563088512235,-96.44039735099338,95.71115973741794,48.02494802494803,0.024420024420024333,3.673769287288758,0.025811898944930706,-1.8067493658414302,1.5681761399173837,1.3366515403875507,2.6445828783148455,-0.45610286953246304,0.02454369260617026,-1.8054953873413997,1.564660403643354,1.3330293046726223,2.6399809359511885,-0.46019423636569234
24125.356209907,3597147943,2289,2288,1,0,10,65.15297100122552,-41,63,2.071563088512235,-96.44039735099338,95.71115973741794,48.02494802494803,0.024420024420024333,3.673769287288758,0.025811898944930706,-1.8067493658414302,1.5681761399173837,1.3366515403875507,2.6445828783148455,-0.45610286953246304,0.02454369260617026,-1.8054953873413997,1.564660403643354,1.3330293046726223,2.6399809359511885,-0.46019423636569234
24125.456094527,3597147943,2292,2291,1,0,10,65.32187899938435,-41,63,2.071563088512235,-96.44039735099338,95.71115973741794,48.02494802494803,0.024420024420024333,3.673769287288758,0.025811898944930706,-1.8067493658414302,1.5681761399173837,1.3366515403875507,2.6445828783148455,-0.45610286953246304,0.02454369260617026,-1.8054953873413997,1.564660403643354,1.3330293046726223,2.6399809359511885,-0.46019423636569234
24125.556091873,3597147943,2295,2294,1,0,10,65.29303899878869,-41,63,2.071563088512235,-96.44039735099338,95.71115973741794,48.02494802494803,0.024420024420024333,3.673769287288758,0.025811898944930706,-1.8067493658414302,1.5681761399173837,1.3366515403875507,2.6445828783148455,-0.45610286953246304,0.02454369260617026,-1.8054953873413997,1.564660403643354,1.3330293046726223,2.6399809359511885,-0.46019423636569234
24125.65619721,3597147943,2298,2297,1,0,10,65.4173399998399,-41,63,2.071563088512235,-96.44039735099338,95.71115973741794,48.02494802494803,0.024420024420024333,3.673769287288758,0.025811898944930706,-1.8067493658414302,1.5681761399173837,1.3366515403875507,2.6445828783148455,-0.45610286953246304,0.02454369260617026,-1.8054953873413997,1.564660403643354,1.3330293046726223,2.6399809359511885,-0.46019423636569234
24125.756104082,3597147943,2301,2300,1,0,10,65.17630500093219,-40,63,2.071563088512235,-96.44039735099338,95.71115973741794,48.02494802494803,0.024420024420024333,3.673769287288758,0.025811898944930706,-1.8067493658414302,1.5681761399173837,1.3366515403875507,2.6445828783148455,-0.45610286953246304,0.02454369260617026,-1.8054953873413997,1.564660403643354,1.3330293046726223,2.6399809359511885,-0.46019423636569234
24125.856143879,3597147943,2304,2303,1,0,8,65.21608700131765,-40,63,2.071563088512235,-96.44039735099338,95.71115973741794,48.02494802494803,0.024420024420024333,3.673769287288758,0.025811898944930706,-1.8067493658414302,1.5681761399173837,1.3366515403875507,2.6445828783148455,-0.45610286953246304,0.02454369260617026,-1.8054953873413997,1.564660403643354,1.3330293046726223,2.6399809359511885,-0.46019423636569234
24125.95610663,3597147943,2307,2306,1,0,14,65.25336999766296,-40,63,2.071563088512235,-96.44039735099338,95.71115973741794,48.02494802494803,0.024420024420024333,3.673769287288758,0.025811898944930706,-1.8067493658414302,1.5681761399173837,1.3366515403875507,2.6445828783148455,-0.45610286953246304,0.02454369260617026,-1.8054953873413997,1.564660403643354,1.3330293046726223,2.6399809359511885,-0.46019423636569234
24126.056041552,3597147943,2310,2309,1,0,10,65.27981700128294,-40,63,2.1468926553672247,-96.44039735099338,95.71115973741794,48.02494802494803,0.024420024420024333,3.673769287288758,0.027199126015255825,-1.8067493658414302,1.5681761399173837,1.3366515403875507,2.6445828783148455,-0.45610286953246304,0.02454369260617026,-1.8054953873413997,1.564660403643354,1.3330293046726223,2.6399809359511885,-0.46019423636569234
24126.156149329,3597147943,2313,2312,1,0,10,65.3477429987106,-40,63,2.1468926553672247,-96.44039735099338,95.71115973741794,48.02494802494803,0.024420024420024333,3.673769287288758,0.027199126015255825,-1.8067493658414302,1.5681761399173837,1.3366515403875507,2.6445828783148455,-0.45610286953246304,0.02454369260617026,-1.8054953873413997,1.564660403643354,1.3330293046726223,2.6399809359511885,-0.46019423636569234
24126.256180755,3597147943,2316,2315,1,0,10,65.3605269981199,-40,63,2.1468926553672247,-96.44039735099338,95.71115973741794,48.02494802494803,0.024420024420024333,3.673769287288758,0.027199126015255825,-1.8067493658414302,1.5681761399173837,1.3366515403875507,2.6445828783148455,-0.45610286953246304,0.02454369260617026,-1.8054953873413997,1.564660403643354,1.3330293046726223,2.6399809359511885,-0.46019423636569234
24126.356145375,3597147943,2319,2318,1,0,9,65.36487300036242,-40,63,2.1468926553672247,-96.44039735099338,95.71115973741794,48.02494802494803,0.024420024420024333,3.673769287288758,0.027199126015255825,-1.8067493658414302,1.5681761399173837,1.3366515403875507,2.6445828783148455,-0.45610286953246304,0.02454369260617026,-1.8054953873413997,1.564660403643354,1.3330293046726223,2.6399809359511885,-0.46019423636569234
24126.456157391,3597147943,2322,2321,1,0,9,65.29615399995237,-40,63,2.1468926553672247,-96.44039735099338,95.71115973741794,48.02494802494803,0.024420024420024333,3.673769287288758,0.027199126015255825,-1.8067493658414302,1.5681761399173837,1.3366515403875507,2.6445828783148455,-0.45610286953246304,0.02454369260617026,-1.8054953873413997,1.564660403643354,1.3330293046726223,2.6399809359511885,-0.46019423636569234
24126.556160233,3597147943,2325,2324,1,0,10,65.32065299688838,-40,63,2.1468926553672247,-96.44039735099338,95.71115973741794,48.02494802494803,0.024420024420024333,3.673769287288758,0.027199126015255825,-1.8067493658414302,1.5681761399173837,1.3366515403875507,2.6445828783148455,-0.45610286953246304,0.02454369260617026,-1.8054953873413997,1.564660403643354,1.3330293046726223,2.6399809359511885,-0.46019423636569234
24126.656057509,3597147943,2328,2327,1,0,10,65.07189599869889,-40,63,2.1468926553672247,-96.44039735099338,95.71115973741794,48.02494802494803,0.024420024420024333,3.673769287288758,0.027199126015255825,-1.8067493658414302,1.5681761399173837,1.3366515403875507,2.6445828783148455,-0.45610286953246304,0.02454369260617026,-1.8054953873413997,1.564660403643354,1.3330293046726223,2.6399809359511885,-0.46019423636569234
24126.756098308,3597147943,2331,2330,1,0,10,65.29960799889523,-40,63,2.1468926553672247,-96.44039735099338,95.71115973741794,48.02494802494803,0.024420024420024333,3.673769287288758,0.027199126015255825,-1.8067493658414302,1.5681761399173837,1.3366515403875507,2.6445828783148455,-0.45610286953246304,0.02454369260617026,-1.8054953873413997,1.564660403643354,1.3330293046726223,2.6399809359511885,-0.46019423636569234
24126.856057388,3597147943,2334,2333,1,0,10,65.21372299903305,-40,63,2.1468926553672247,-96.44039735099338,95.71115973741794,48.02494802494803,0.024420024420024333,3.673769287288758,0.027199126015255825,-1.8067493658414302,1.5681761399173837,1.3366515403875507,2.6445828783148455,-0.45610286953246304,0.02454369260617026,-1.8054953873413997,1.564660403643354,1.3330293046726223,2.6399809359511885,-0.46019423636569234
24126.956220544,3597147943,2337,2336,1,0,3,65.31909000113956,-46,63,2.1468926553672247,-96.44039735099338,95.71115973741794,48.02494802494803,0.024420024420024333,3.673769287288758,0.027199126015255825,-1.8067493658414302,1.5681761399173837,1.3366515403875507,2.6445828783148455,-0.45610286953246304,0.02454369260617026,-1.8054953873413997,1.564660403643354,1.3330293046726223,2.6399809359511885,-0.46019423636569234
24127.05613988,3597147943,2340,2339,1,0,14,65.31171000096947,-46,63,2.1468926553672247,-96.44039735099338,95.71115973741794,48.02494802494803,0.024420024420024333,3.673769287288758,0.027199126015255825,-1.8067493658414302,1.5681761399173837,1.3366515403875507,2.6445828783148455,-0.45610286953246304,0.02454369260617026,-1.8054953873413997,1.564660403643354,1.3330293046726223,2.6399809359511885,-0.46019423636569234
24127.156140817,3597147943,2343,2342,1,0,10,65.27979699967545,-46,63,2.1468926553672247,-96.44039735099338,95.71115973741794,48.02494802494803,0.024420024420024333,3.673769287288758,0.027199126015255825,-1.8067493658414302,1.5681761399173837,1.3366515403875507,2.6445828783148455,-0.45610286953246304,0.02454369260617026,-1.8054953873413997,1.564660403643354,1.3330293046726223,2.6399809359511885,-0.46019423636569234
24127.256168274,3597147943,2346,2345,1,0,12,65.245285997662,-46,63,2.1468926553672247,-96.44039735099338,95.71115973741794,48.02494802494803,0.024420024420024333,3.673769287288758,0.027199126015255825,-1.8067493658414302,1.5681761399173837,1.3366515403875507,2.6445828783148455,-0.45610286953246304,0.02454369260617026,-1.8054953873413997,1.564660403643354,1.3330293046726223,2.6399809359511885,-0.46019423636569234
24127.3561969,3597147943,2349,2348,1,0,10,65.28376099959132,-46,63,2.1468926553672247,-96.44039735099338,95.71115973741794,48.02494802494803,0.024420024420024333,3.673769287288758,0.027199126015255825,-1.8067493658414302,1.5681761399173837,1.3366515403875507,2.6445828783148455,-0.45610286953246304,0.02454369260617026,-1.8054953873413997,1.564660403643354,1.3330293046726223,2.6399809359511885,-0.46019423636569234
24127.456128327,3597147943,2352,2351,1,0,10,64.98570700205164,-46,63,2.1468926553672247,-96.44039735099338,95.71115973741794,48.02494802494803,0.024420024420024333,3.673769287288758,0.027199126015255825,-1.8067493658414302,1.5681761399173837,1.3366515403875507,2.6445828783148455,-0.45610286953246304,0.02454369260617026,-1.8054953873413997,1.564660403643354,1.3330293046726223,2.6399809359511885,-0.46019423636569234
24127.556139854,3597147943,2355,2353,1,0,45,98.51558399896021,-46,63,2.1468926553672247,-96.44039735099338,95.71115973741794,48.02494802494803,0.024420024420024333,3.673769287288758,0.027199126015255825,-1.8067493658414302,1.5681761399173837,1.3366515403875507,2.6445828783148455,-0.45610286953246304,0.02454369260617026,-1.8054953873413997,1.564660403643354,1.3330293046726223,2.6399809359511885,-0.46019423636569234
24127.656122235,3597147943,2358,2357,1,0,10,65.33809900065535,-46,63,2.1468926553672247,-96.44039735099338,95.71115973741794,48.02494802494803,0.024420024420024333,3.673769287288758,0.027199126015255825,-1.8067493658414302,1.5681761399173837,1.3366515403875507,2.6445828783148455,-0.45610286953246304,0.02454369260617026,-1.8054953873413997,1.564660403643354,1.3330293046726223,2.6399809359511885,-0.46019423636569234
24127.756149838,3597147943,2361,2360,1,0,13,65.34637900040252,-46,63,2.1468926553672247,-96.44039735099338,95.71115973741794,48.02494802494803,0.024420024420024333,3.673769287288758,0.027199126015255825,-1.8067493658414302,1.5681761399173837,1.3366515403875507,2.6445828783148455,-0.45610286953246304,0.02454369260617026,-1.8054953873413997,1.564660403643354,1.3330293046726223,2.6399809359511885,-0.46019423636569234
24127.856015846,3597147943,2364,2363,1,0,12,65.28632700064918,-46,63,2.1468926553672247,-96.44039735099338,95.71115973741794,48.02494802494803,0.024420024420024333,3.673769287288758,0.027199126015255825,-1.8067493658414302,1.5681761399173837,1.3366515403875507,2.6445828783148455,-0.45610286953246304,0.02454369260617026,-1.8054953873413997,1.564660403643354,1.3330293046726223,2.6399809359511885,-0.46019423636569234
24127.956144776,3597147943,2367,2366,1,0,9,65.38676399941323,-46,63,2.2222222222222143,-96.44039735099338,95.71115973741794,48.02494802494803,0.024420024420024333,3.673769287288758,0.028586353085580943,-1.8067493658414302,1.5681761399173837,1.3366515403875507,2.6445828783148455,-0.45610286953246304,0.02454369260617026,-1.8054953873413997,1.564660403643354,1.3330293046726223,2.6399809359511885,-0.46019423636569234
24128.055980429,3597147943,2370,2369,1,0,9,65.25174499984132,-39,63,2.2222222222222143,-96.44039735099338,95.71115973741794,48.02494802494803,0.024420024420024333,3.673769287288758,0.028586353085580943,-1.8067493658414302,1.5681761399173837,1.3366515403875507,2.6445828783148455,-0.45610286953246304,0.02454369260617026,-1.8054953873413997,1.564660403643354,1.3330293046726223,2.6399809359511885,-0.46019423636569234
24128.156109625,3597147943,2373,2372,1,0,10,65.29644600232132,-39,63,2.2222222222222143,-96.44039735099338,95.71115973741794,48.02494802494803,0.024420024420024333,3.673769287288758,0.028586353085580943,-1.8067493658414302,1.5681761399173837,1.3366515403875507,2.6445828783148455,-0.45610286953246304,0.02454369260617026,-1.8054953873413997,1.564660403643354,1.3330293046726223,2.6399809359511885,-0.46019423636569234
24128.256200805,3597147943,2376,2375,1,0,10,65.29578700065031,-39,63,2.2222222222222143,-96.44039735099338,95.71115973741794,48.02494802494803,0.024420024420024333,3.673769287288758,0.028586353085580943,-1.8067493658414302,1.5681761399173837,1.3366515403875507,2.6445828783148455,-0.45610286953246304,0.02454369260617026,-1.8054953873413997,1.564660403643354,1.3330293046726223,2.6399809359511885,-0.46019423636569234
24128.356212715,3597147943,2379,2378,1,0,9,65.31963599991286,-39,63,2.2222222222222143,-96.44039735099338,95.71115973741794,48.02494802494803,0.024420024420024333,3.673769287288758,0.028586353085580943,-1.8067493658414302,1.5681761399173837,1.3366515403875507,2.6445828783148455,-0.45610286953246304,0.02454369260617026,-1.8054953873413997,1.564660403643354,1.3330293046726223,2.6399809359511885,-0.46019423636569234
24128.456182802,3597147943,2382,2381,1,0,10,65.26601600126014,-39,63,2.2222222222222143,-96.44039735099338,95.71115973741794,48.02494802494803,0.024420024420024333,3.673769287288758,0.028586353085580943,-1.8067493658414302,1.5681761399173837,1.3366515403875507,2.6445828783148455,-0.45610286953246304,0.02454369260617026,-1.8054953873413997,1.564660403643354,1.3330293046726223,2.6399809359511885,-0.46019423636569234
24128.556022852,3597147943,2385,2384,1,0,10,65.20053100030054,-39,63,2.2222222222222143,-96.44039735099338,95.71115973741794,48.02494802494803,0.024420024420024333,3.673769287288758,0.028586353085580943,-1.8067493658414302,1.5681761399173837,1.3366515403875507,2.6445828783148455,-0.45610286953246304,0.02454369260617026,-1.8054953873413997,1.564660403643354,1.3330293046726223,2.6399809359511885,-0.46019423636569234
24128.65604903,3597147943,2388,2387,1,0,9,65.31024000287289,-39,63,2.2222222222222143,-96.44039735099338,95.71115973741794,48.02494802494803,0.024420024420024333,3.673769287288758,0.028586353085580943,-1.8067493658414302,1.5681761399173837,1.3366515403875507,2.6445828783148455,-0.45610286953246304,0.02454369260617026,-1.8054953873413997,1.564660403643354,1.3330293046726223,2.6399809359511885,-0.46019423636569234
24128.756156223,3597147943,2391,2390,1,0,10,65.338560998498,-39,63,2.2222222222222143,-96.44039735099338,95.71115973741794,48.02494802494803,0.024420024420024333,3.673769287288758,0.028586353085580943,-1.8067493658414302,1.5681761399173837,1.3366515403875507,2.6445828783148455,-0.45610286953246304,0.02454369260617026,-1.8054953873413997,1.564660403643354,1.3330293046726223,2.6399809359511885,-0.46019423636569234
24128.856120345,3597147943,2394,2393,1,0,12,65.26844199834159,-39,63,2.2222222222222143,-96.44039735099338,95.71115973741794,48.02494802494803,0.024420024420024333,3.673769287288758,0.028586353085580943,-1.8067493658414302,1.5681761399173837,1.3366515403875507,2.6445828783148455,-0.45610286953246304,0.02454369260617026,-1.8054953873413997,1.564660403643354,1.3330293046726223,2.6399809359511885,-0.46019423636569234
24128.95626911,3597147943,2397,2396,1,0,10,65.39372800034471,-39,63,2.2222222222222143,-96.44039735099338,95.71115973741794,48.02494802494803,0.024420024420024333,3.673769287288758,0.028586353085580943,-1.8067493658414302,1.5681761399173837,1.3366515403875507,2.6445828783148455,-0.45610286953246304,0.02454369260617026,-1.8054953873413997,1.564660403643354,1.3330293046726223,2.6399809359511885,-0.46019423636569234
24129.056135155,3597147943,2400,2399,1,0,10,65.39299100040807,-39,63,2.297551789077218,-96.44039735099338,95.71115973741794,48.02494802494803,0.024420024420024333,3.673769287288758,0.029973580155906066,-1.8067493658414302,1.5681761399173837,1.3366515403875507,2.6445828783148455,-0.45610286953246304,0.02454369260617026,-1.8054953873413997,1.564660403643354,1.3330293046726223,2.6399809359511885,-0.46019423636569234
24129.156135321,3597147943,2403,2402,1,0,9,65.33375700018951,-39,63,2.297551789077218,-96.44039735099338,95.71115973741794,48.02494802494803,0.024420024420024333,3.673769287288758,0.029973580155906066,-1.8067493658414302,1.5681761399173837,1.3366515403875507,2.6445828783148455,-0.45610286953246304,0.02454369260617026,-1.8054953873413997,1.564660403643354,1.3330293046726223,2.6399809359511885,-0.46019423636569234
24129.256157703,3597147943,2406,2405,1,0,6,65.38214300235268,-39,63,2.297551789077218,-96.44039735099338,95.71115973741794,48.02494802494803,0.024420024420024333,3.673769287288758,0.029973580155906066,-1.8067493658414302,1.5681761399173837,1.3366515403875507,2.6445828783148455,-0.45610286953246304,0.02454369260617026,-1.8054953873413997,1.564660403643354,1.3330293046726223,2.6399809359511885,-0.46019423636569234
24129.35612172,3597147943,2409,2408,1,0,10,65.35040299786488,-39,63,2.297551789077218,-96.44039735099338,95.71115973741794,48.02494802494803,0.024420024420024333,3.673769287288758,0.029973580155906066,-1.8067493658414302,1.5681761399173837,1.3366515403875507,2.6445828783148455,-0.45610286953246304,0.02454369260617026,-1.8054953873413997,1.564660403643354,1.3330293046726223,2.6399809359511885,-0.46019423636569234
24129.455986419,3597147943,2412,2411,1,0,10,65.26017099895398,-39,63,2.297551789077218,-96.44039735099338,95.71115973741794,48.02494802494803,0.024420024420024333,3.673769287288758,0.029973580155906066,-1.8067493658414302,1.5681761399173837,1.3366515403875507,2.6445828783148455,-0.45610286953246304,0.02454369260617026,-1.8054953873413997,1.564660403643354,1.3330293046726223,2.6399809359511885,-0.46019423636569234
24129.556157131,3597147943,2415,2414,1,0,9,65.3830739975092,-39,63,2.297551789077218,-96.44039735099338,95.71115973741794,48.02494802494803,0.024420024420024333,3.673769287288758,0.029973580155906066,-1.8067493658414302,1.5681761399173837,1.3366515403875507,2.6445828783148455,-0.45610286953246304,0.02454369260617026,-1.8054953873413997,1.564660403643354,1.3330293046726223,2.6399809359511885,-0.46019423636569234
24129.656028279,3597147943,2418,2417,1,0,6,65.1990129990736,-39,63,2.297551789077218,-96.44039735099338,95.71115973741794,48.02494802494803,0.024420024420024333,3.673769287288758,0.029973580155906066,-1.8067493658414302,1.5681761399173837,1.3366515403875507,2.6445828783148455,-0.45610286953246304,0.02454369260617026,-1.8054953873413997,1.564660403643354,1.3330293046726223,2.6399809359511885,-0.46019423636569234
24129.75610355,3597147943,2421,2420,1,0,9,65.27659799758112,-39,63,2.297551789077218,-96.44039735099338,95.71115973741794,48.02494802494803,0.024420024420024333,3.673769287288758,0.029973580155906066,-1.8067493658414302,1.5681761399173837,1.3366515403875507,2.6445828783148455,-0.45610286953246304,0.02454369260617026,-1.8054953873413997,1.564660403643354,1.3330293046726223,2.6399809359511885,-0.46019423636569234
24129.856118875,3597147943,2424,2423,1,0,9,65.4049840013613,-39,63,2.297551789077218,-96.44039735099338,95.71115973741794,48.02494802494803,0.024420024420024333,3.673769287288758,0.029973580155906066,-1.8067493658414302,1.5681761399173837,1.3366515403875507,2.6445828783148455,-0.45610286953246304,0.02454369260617026,-1.8054953873413997,1.564660403643354,1.3330293046726223,2.6399809359511885,-0.46019423636569234
24129.956123371,3597147943,2427,2426,1,0,10,65.26312400092138,-39,63,2.297551789077218,-96.44039735099338,95.71115973741794,48.02494802494803,0.024420024420024333,3.673769287288758,0.029973580155906066,-1.8067493658414302,1.5681761399173837,1.3366515403875507,2.6445828783148455,-0.45610286953246304,0.02454369260617026,-1.8054953873413997,1.564660403643354,1.3330293046726223,2.6399809359511885,-0.46019423636569234
24130.056139082,3597147943,2430,2429,1,0,9,65.40204100019764,-39,63,2.297551789077218,-96.44039735099338,95.71115973741794,48.02494802494803,0.024420024420024333,3.673769287288758,0.029973580155906066,-1.8067493658414302,1.5681761399173837,1.3366515403875507,2.6445828783148455,-0.45610286953246304,0.02454369260617026,-1.8054953873413997,1.564660403643354,1.3330293046726223,2.6399809359511885,-0.46019423636569234
24130.156182212,3597147943,2433,2432,1,0,10,65.32249800147838,-39,63,2.297551789077218,-96.44039735099338,95.71115973741794,48.02494802494803,0.024420024420024333,3.673769287288758,0.029973580155906066,-1.8067493658414302,1.5681761399173837,1.3366515403875507,2.6445828783148455,-0.45610286953246304,0.02454369260617026,-1.8054953873413997,1.564660403643354,1.3330293046726223,2.6399809359511885,-0.46019423636569234
24130.256216588,3597147943,2436,2434,1,0,47,98.36732799885795,-38,63,2.297551789077218,-96.44039735099338,95.71115973741794,48.02494802494803,0.024420024420024333,3.673769287288758,0.029973580155906066,-1.8067493658414302,1.5681761399173837,1.3366515403875507,2.6445828783148455,-0.45610286953246304,0.02454369260617026,-1.8054953873413997,1.564660403643354,1.3330293046726223,2.6399809359511885,-0.46019423636569234
24130.355967276,3597147943,2439,2438,1,0,8,65.02216800072347,-38,63,2.297551789077218,-96.44039735099338,95.71115973741794,48.02494802494803,0.024420024420024333,3.673769287288758,0.029973580155906066,-1.8067493658414302,1.5681761399173837,1.3366515403875507,2.6445828783148455,-0.45610286953246304,0.02454369260617026,-1.8054953873413997,1.564660403643354,1.3330293046726223,2.6399809359511885,-0.46019423636569234
24130.456147931,3597147943,2442,2441,1,0,10,65.3796369988413,-38,63,2.297551789077218,-96.44039735099338,95.71115973741794,48.02494802494803,0.024420024420024333,3.673769287288758,0.029973580155906066,-1.8067493658414302,1.5681761399173837,1.3366515403875507,2.6445828783148455,-0.45610286953246304,0.02454369260617026,-1.8054953873413997,1.564660403643354,1.3330293046726223,2.6399809359511885,-0.46019423636569234
24130.556156335,3597147943,2445,2444,1,0,8,65.30610700065154,-38,63,2.297551789077218,-96.44039735099338,95.71115973741794,48.02494802494803,0.024420024420024333,3.673769287288758,0.029973580155906066,-1.8067493658414302,1.5681761399173837,1.3366515403875507,2.6445828783148455,-0.45610286953246304,0.02454369260617026,-1.8054953873413997,1.564660403643354,1.3330293046726223,2.6399809359511885,-0.46019423636569234
24130.656140321,3597147943,2448,2447,1,0,9,65.44167800166178,-38,63,2.297551789077218,-96.44039735099338,95.71115973741794,48.02494802494803,0.024420024420024333,3.673769287288758,0.029973580155906066,-1.8067493658414302,1.5681761399173837,1.3366515403875507,2.6445828783148455,-0.45610286953246304,0.02454369260617026,-1.8054953873413997,1.564660403643354,1.3330293046726223,2.6399809359511885,-0.46019423636569234
24130.756173259,3597147943,2451,2450,1,0,10,65.47095600035391,-38,63,2.297551789077218,-96.44039735099338,95.71115973741794,48.02494802494803,0.024420024420024333,3.673769287288758,0.029973580155906066,-1.8067493658414302,1.5681761399173837,1.3366515403875507,2.6445828783148455,-0.45610286953246304,0.02454369260617026,-1.8054953873413997,1.564660403643354,1.3330293046726223,2.6399809359511885,-0.46019423636569234
24130.85609447,3597147943,2454,2453,1,0,10,65.33220300116227,-38,63,2.297551789077218,-96.44039735099338,95.71115973741794,48.02494802494803,0.024420024420024333,3.673769287288758,0.029973580155906066,-1.8067493658414302,1.5681761399173837,1.3366515403875507,2.6445828783148455,-0.45610286953246304,0.02454369260617026,-1.8054953873413997,1.564660403643354,1.3330293046726223,2.6399809359511885,-0.46019423636569234
24130.956142067,3597147943,2457,2456,1,0,10,65.33919799767318,-38,63,2.297551789077218,-96.44039735099338,95.71115973741794,48.02494802494803,0.024420024420024333,3.673769287288758,0.029973580155906066,-1.8067493658414302,1.5681761399173837,1.3366515403875507,2.6445828783148455,-0.45610286953246304,0.02454369260617026,-1.8054953873413997,1.564660403643354,1.3330293046726223,2.6399809359511885,-0.46019423636569234
24131.056116285,3597147943,2460,2459,1,0,10,65.36200800110237,-38,63,2.297551789077218,-96.44039735099338,95.71115973741794,48.02494802494803,0.024420024420024333,3.673769287288758,0.029973580155906066,-1.8067493658414302,1.5681761399173837,1.3366515403875507,2.6445828783148455,-0.45610286953246304,0.02454369260617026,-1.8054953873413997,1.564660403643354,1.3330293046726223,2.6399809359511885,-0.46019423636569234
24131.156085081,3597147943,2463,2462,1,0,14,65.24849199922755,-38,63,2.297551789077218,-96.44039735099338,95.71115973741794,48.02494802494803,0.024420024420024333,3.673769287288758,0.029973580155906066,-1.8067493658414302,1.5681761399173837,1.3366515403875507,2.6445828783148455,-0.45610286953246304,0.02454369260617026,-1.8054953873413997,1.564660403643354,1.3330293046726223,2.6399809359511885,-0.46019423636569234
24131.25609786,3597147943,2466,2465,1,0,10,65.30208799813408,-38,63,2.297551789077218,-96.44039735099338,95.71115973741794,48.02494802494803,0.024420024420024333,3.673769287288758,0.029973580155906066,-1.8067493658414302,1.5681761399173837,1.3366515403875507,2.6445828783148455,-0.45610286953246304,0.02454369260617026,-1.8054953873413997,1.564660403643354,1.3330293046726223,2.6399809359511885,-0.46019423636569234
24131.356252035,3597147943,2469,2468,1,0,9,65.4033270002401,-38,63,2.297551789077218,-96.44039735099338,95.71115973741794,48.02494802494803,0.024420024420024333,3.673769287288758,0.029973580155906066,-1.8067493658414302,1.5681761399173837,1.3366515403875507,2.6445828783148455,-0.45610286953246304,0.02454369260617026,-1.8054953873413997,1.564660403643354,1.3330293046726223,2.6399809359511885,-0.46019423636569234
24131.456118594,3597147943,2472,2471,1,0,10,65.28047200117726,-37,63,2.297551789077218,-96.44039735099338,95.71115973741794,48.02494802494803,0.024420024420024333,3.673769287288758,0.029973580155906066,-1.8067493658414302,1.5681761399173837,1.3366515403875507,2.6445828783148455,-0.45610286953246304,0.02454369260617026,-1.8054953873413997,1.564660403643354,1.3330293046726223,2.6399809359511885,-0.46019423636569234
24131.556100566,3597147943,2475,2474,1,0,10,65.25774200054002,-37,63,2.297551789077218,-96.44039735099338,95.71115973741794,48.02494802494803,0.024420024420024333,3.673769287288758,0.029973580155906066,-1.8067493658414302,1.5681761399173837,1.3366515403875507,2.6445828783148455,-0.45610286953246304,0.02454369260617026,-1.8054953873413997,1.564660403643354,1.3330293046726223,2.6399809359511885,-0.46019423636569234
24131.656020455,3597147943,2478,2477,1,0,14,65.20717500097817,-37,63,2.297551789077218,-96.44039735099338,95.71115973741794,48.02494802494803,0.024420024420024333,3.673769287288758,0.029973580155906066,-1.8067493658414302,1.5681761399173837,1.3366515403875507,2.6445828783148455,-0.45610286953246304,0.02454369260617026,-1.8054953873413997,1.564660403643354,1.3330293046726223,2.6399809359511885,-0.46019423636569234
24131.75606779,3597147943,2481,2480,1,0,12,65.22150800083182,-37,63,2.297551789077218,-96.44039735099338,95.71115973741794,48.02494802494803,0.024420024420024333,3.673769287288758,0.029973580155906066,-1.8067493658414302,1.5681761399173837,1.3366515403875507,2.6445828783148455,-0.45610286953246304,0.02454369260617026,-1.8054953873413997,1.564660403643354,1.3330293046726223,2.6399809359511885,-0.46019423636569234
24131.856152373,3597147943,2484,2483,1,0,10,65.33126599970274,-37,63,2.297551789077218,-96.44039735099338,95.71115973741794,48.02494802494803,0.024420024420024333,3.673769287288758,0.029973580155906066,-1.8067493658414302,1.5681761399173837,1.3366515403875507,2.6445828783148455,-0.45610286953246304,0.02454369260617026,-1.8054953873413997,1.564660403643354,1.3330293046726223,2.6399809359511885,-0.46019423636569234
24131.956291808,3597147943,2487,2486,1,0,10,65.16372300029616,-37,63,2.297551789077218,-96.44039735099338,95.71115973741794,48.02494802494803,0.024420024420024333,3.673769287288758,0.029973580155906066,-1.8067493658414302,1.5681761399173837,1.3366515403875507,2.6445828783148455,-0.45610286953246304,0.02454369260617026,-1.8054953873413997,1.564660403643354,1.3330293046726223,2.6399809359511885,-0.46019423636569234
24132.056176238,3597147943,2490,2489,1,0,10,65.18567800230812,-37,63,2.297551789077218,-96.44039735099338,95.71115973741794,48.02494802494803,0.024420024420024333,3.673769287288758,0.029973580155906066,-1.8067493658414302,1.5681761399173837,1.3366515403875507,2.6445828783148455,-0.45610286953246304,0.02454369260617026,-1.8054953873413997,1.564660403643354,1.3330293046726223,2.6399809359511885,-0.46019423636569234
24132.156209869,3597147943,2493,2492,1,0,10,65.32062200130895,-37,63,2.297551789077218,-96.44039735099338,95.71115973741794,48.02494802494803,0.024420024420024333,3.673769287288758,0.029973580155906066,-1.8067493658414302,1.5681761399173837,1.3366515403875507,2.6445828783148455,-0.45610286953246304,0.02454369260617026,-1.8054953873413997,1.564660403643354,1.3330293046726223,2.6399809359511885,-0.46019423636569234
24132.256409435,3597147943,2496,2495,1,0,10,65.50584999786224,-37,63,2.297551789077218,-96.44039735099338,95.71115973741794,48.02494802494803,0.024420024420024333,3.673769287288758,0.029973580155906066,-1.8067493658414302,1.5681761399173837,1.3366515403875507,2.6445828783148455,-0.45610286953246304,0.02454369260617026,-1.8054953873413997,1.564660403643354,1.3330293046726223,2.6399809359511885,-0.46019423636569234
24132.356184229,3597147943,2499,2498,1,0,10,65.26276099975803,-37,63,2.297551789077218,-96.44039735099338,95.71115973741794,48.02494802494803,0.024420024420024333,3.673769287288758,0.029973580155906066,-1.8067493658414302,1.5681761399173837,1.3366515403875507,2.6445828783148455,-0.45610286953246304,0.02454369260617026,-1.8054953873413997,1.564660403643354,1.3330293046726223,2.6399809359511885,-0.46019423636569234
24132.456109851,3597147943,2502,2501,1,0,10,65.27795500005595,-37,63,2.297551789077218,-96.44039735099338,95.71115973741794,48.02494802494803,0.024420024420024333,3.673769287288758,0.029973580155906066,-1.8067493658414302,1.5681761399173837,1.3366515403875507,2.6445828783148455,-0.45610286953246304,0.02454369260617026,-1.8054953873413997,1.564660403643354,1.3330293046726223,2.6399809359511885,-0.46019423636569234
24132.556206395,3597147943,2505,2504,1,0,9,65.37285000013071,-37,63,2.297551789077218,-96.44039735099338,95.71115973741794,48.02494802494803,0.024420024420024333,3.673769287288758,0.029973580155906066,-1.8067493658414302,1.5681761399173837,1.3366515403875507,2.6445828783148455,-0.45610286953246304,0.02454369260617026,-1.8054953873413997,1.564660403643354,1.3330293046726223,2.6399809359511885,-0.46019423636569234
24132.656188177,3597147943,2508,2507,1,0,10,65.34459799877368,-37,63,2.297551789077218,-96.44039735099338,95.71115973741794,48.02494802494803,0.024420024420024333,3.673769287288758,0.029973580155906066,-1.8067493658414302,1.5681761399173837,1.3366515403875507,2.6445828783148455,-0.45610286953246304,0.02454369260617026,-1.8054953873413997,1.564660403643354,1.3330293046726223,2.6399809359511885,-0.46019423636569234
24132.75618085,3597147943,2511,2510,1,0,10,65.43391800005338,-37,63,2.297551789077218,-96.44039735099338,95.71115973741794,48.02494802494803,0.024420024420024333,3.673769287288758,0.029973580155906066,-1.8067493658414302,1.5681761399173837,1.3366515403875507,2.6445828783148455,-0.45610286953246304,0.02454369260617026,-1.8054953873413997,1.564660403643354,1.3330293046726223,2.6399809359511885,-0.46019423636569234
24132.856170368,3597147943,2514,2513,1,0,10,65.43931900159805,-37,63,2.297551789077218,-96.44039735099338,95.71115973741794,48.02494802494803,0.024420024420024333,3.673769287288758,0.029973580155906066,-1.8067493658414302,1.5681761399173837,1.3366515403875507,2.6445828783148455,-0.45610286953246304,0.02454369260617026,-1.8054953873413997,1.564660403643354,1.3330293046726223,2.6399809359511885,-0.46019423636569234
24132.956219793,3597147943,2517,2516,1,0,10,65.49424399781856,-37,63,2.297551789077218,-96.44039735099338,95.71115973741794,48.02494802494803,0.024420024420024333,3.673769287288758,0.029973580155906066,-1.8067493658414302,1.5681761399173837,1.3366515403875507,2.6445828783148455,-0.45610286953246304,0.02454369260617026,-1.8054953873413997,1.564660403643354,1.3330293046726223,2.6399809359511885,-0.46019423636569234
24133.056103728,3597147943,2520,2519,1,0,10,65.27878200358828,-37,63,2.297551789077218,-96.44039735099338,95.71115973741794,48.02494802494803,0.024420024420024333,3.673769287288758,0.029973580155906066,-1.8067493658414302,1.5681761399173837,1.3366515403875507,2.6445828783148455,-0.45610286953246304,0.02454369260617026,-1.8054953873413997,1.564660403643354,1.3330293046726223,2.6399809359511885,-0.46019423636569234
24133.156216827,3597147943,2523,2522,1,0,10,65.3842120009358,-37,63,2.297551789077218,-96.44039735099338,95.71115973741794,48.02494802494803,0.024420024420024333,3.673769287288758,0.029973580155906066,-1.8067493658414302,1.5681761399173837,1.3366515403875507,2.6445828783148455,-0.45610286953246304,0.02454369260617026,-1.8054953873413997,1.564660403643354,1.3330293046726223,2.6399809359511885,-0.46019423636569234
24133.256222029,3597147943,2526,2525,1,0,10,65.40988200140418,-37,63,2.297551789077218,-96.44039735099338,95.71115973741794,48.02494802494803,0.024420024420024333,3.673769287288758,0.029973580155906066,-1.8067493658414302,1.5681761399173837,1.3366515403875507,2.6445828783148455,-0.45610286953246304,0.02454369260617026,-1.8054953873413997,1.564660403643354,1.3330293046726223,2.6399809359511885,-0.46019423636569234
24133.356176628,3597147943,2529,2528,1,0,10,65.39941400114913,-37,63,2.297551789077218,-96.44039735099338,95.71115973741794,48.02494802494803,0.024420024420024333,3.673769287288758,0.029973580155906066,-1.8067493658414302,1.5681761399173837,1.3366515403875507,2.6445828783148455,-0.45610286953246304,0.02454369260617026,-1.8054953873413997,1.564660403643354,1.3330293046726223,2.6399809359511885,-0.46019423636569234
24133.456117849,3597147943,2532,2531,1,0,10,65.29049899836536,-37,63,2.297551789077218,-96.44039735099338,95.71115973741794,48.02494802494803,0.024420024420024333,3.673769287288758,0.029973580155906066,-1.8067493658414302,1.5681761399173837,1.3366515403875507,2.6445828783148455,-0.45610286953246304,0.02454369260617026,-1.8054953873413997,1.564660403643354,1.3330293046726223,2.6399809359511885,-0.46019423636569234
24133.55612507,3597147943,2535,2534,1,0,10,65.2913730009459,-37,63,2.297551789077218,-96.44039735099338,95.71115973741794,48.02494802494803,0.024420024420024333,3.673769287288758,0.029973580155906066,-1.8067493658414302,1.5681761399173837,1.3366515403875507,2.6445828783148455,-0.45610286953246304,0.02454369260617026,-1.8054953873413997,1.564660403643354,1.3330293046726223,2.6399809359511885,-0.46019423636569234
24133.65614793,3597147943,2538,2537,1,0,9,65.28027799868141,-41,63,2.297551789077218,-96.44039735099338,95.71115973741794,48.02494802494803,0.024420024420024333,3.673769287288758,0.029973580155906066,-1.8067493658414302,1.5681761399173837,1.3366515403875507,2.6445828783148455,-0.45610286953246304,0.02454369260617026,-1.8054953873413997,1.564660403643354,1.3330293046726223,2.6399809359511885,-0.46019423636569234
24133.756129354,3597147943,2541,2540,1,0,10,65.31341200025054,-41,63,2.297551789077218,-96.44039735099338,95.71115973741794,48.02494802494803,0.024420024420024333,3.673769287288758,0.029973580155906066,-1.8067493658414302,1.5681761399173837,1.3366515403875507,2.6445828783148455,-0.45610286953246304,0.02454369260617026,-1.8054953873413997,1.564660403643354,1.3330293046726223,2.6399809359511885,-0.46019423636569234
24133.856177319,3597147943,2544,2543,1,0,9,65.29097699967679,-41,63,2.297551789077218,-96.44039735099338,95.71115973741794,48.02494802494803,0.024420024420024333,3.673769287288758,0.029973580155906066,-1.8067493658414302,1.5681761399173837,1.3366515403875507,2.6445828783148455,-0.45610286953246304,0.02454369260617026,-1.8054953873413997,1.564660403643354,1.3330293046726223,2.6399809359511885,-0.46019423636569234
24133.95604448,3597147943,2547,2546,1,0,10,65.13879599879147,-41,63,2.297551789077218,-96.44039735099338,95.71115973741794,48.02494802494803,0.024420024420024333,3.673769287288758,0.029973580155906066,-1.8067493658414302,1.5681761399173837,1.3366515403875507,2.6445828783148455,-0.45610286953246304,0.02454369260617026,-1.8054953873413997,1.564660403643354,1.3330293046726223,2.6399809359511885,-0.46019423636569234
24134.056097509,3597147943,2550,2549,1,0,10,65.24295400231495,-41,63,2.297551789077218,-96.44039735099338,95.71115973741794,48.02494802494803,0.024420024420024333,3.673769287288758,0.029973580155906066,-1.8067493658414302,1.5681761399173837,1.3366515403875507,2.6445828783148455,-0.45610286953246304,0.02454369260617026,-1.8054953873413997,1.564660403643354,1.3330293046726223,2.6399809359511885,-0.46019423636569234
24134.156154086,3597147943,2553,2552,1,0,12,65.40009400123381,-41,63,2.297551789077218,-96.44039735099338,95.71115973741794,48.02494802494803,0.024420024420024333,3.673769287288758,0.029973580155906066,-1.8067493658414302,1.5681761399173837,1.3366515403875507,2.6445828783148455,-0.45610286953246304,0.02454369260617026,-1.8054953873413997,1.564660403643354,1.3330293046726223,2.6399809359511885,-0.46019423636569234
24134.256083916,3597147943,2556,2555,1,0,10,65.30915699840989,-41,63,2.297551789077218,-96.44039735099338,95.71115973741794,48.02494802494803,0.024420024420024333,3.673769287288758,0.029973580155906066,-1.8067493658414302,1.5681761399173837,1.3366515403875507,2.6445828783148455,-0.45610286953246304,0.02454369260617026,-1.8054953873413997,1.564660403643354,1.3330293046726223,2.6399809359511885,-0.46019423636569234
24134.356091962,3597147943,2559,2558,1,0,6,65.30826599919237,-41,63,2.297551789077218,-96.44039735099338,95.71115973741794,48.02494802494803,0.024420024420024333,3.673769287288758,0.029973580155906066,-1.8067493658414302,1.5681761399173837,1.3366515403875507,2.6445828783148455,-0.45610286953246304,0.02454369260617026,-1.8054953873413997,1.564660403643354,1.3330293046726223,2.6399809359511885,-0.46019423636569234
24134.456071063,3597147943,2562,2561,1,0,10,65.30560799728846,-41,63,2.297551789077218,-96.44039735099338,95.71115973741794,48.02494802494803,0.024420024420024333,3.673769287288758,0.029973580155906066,-1.8067493658414302,1.5681761399173837,1.3366515403875507,2.6445828783148455,-0.45610286953246304,0.02454369260617026,-1.8054953873413997,1.564660403643354,1.3330293046726223,2.6399809359511885,-0.46019423636569234
24134.556170136,3597147943,2565,2564,1,0,13,65.40089200279908,-41,63,2.297551789077218,-96.44039735099338,95.71115973741794,48.02494802494803,0.024420024420024333,3.673769287288758,0.029973580155906066,-1.8067493658414302,1.5681761399173837,1.3366515403875507,2.6445828783148455,-0.45610286953246304,0.02454369260617026,-1.8054953873413997,1.564660403643354,1.3330293046726223,2.6399809359511885,-0.46019423636569234
24134.656076128,3597147943,2568,2567,1,0,10,65.31502299912972,-41,63,2.297551789077218,-96.44039735099338,95.71115973741794,48.02494802494803,0.024420024420024333,3.673769287288758,0.029973580155906066,-1.8067493658414302,1.5681761399173837,1.3366515403875507,2.6445828783148455,-0.45610286953246304,0.02454369260617026,-1.8054953873413997,1.564660403643354,1.3330293046726223,2.6399809359511885,-0.46019423636569234
24134.75617216,3597147943,2571,2570,1,0,10,65.3169360011816,-40,63,2.297551789077218,-96.44039735099338,95.71115973741794,48.02494802494803,0.024420024420024333,3.673769287288758,0.029973580155906066,-1.8067493658414302,1.5681761399173837,1.3366515403875507,2.6445828783148455,-0.45610286953246304,0.02454369260617026,-1.8054953873413997,1.564660403643354,1.3330293046726223,2.6399809359511885,-0.46019423636569234
24134.856078223,3597147943,2574,2573,1,0,10,65.05384499905631,-40,63,2.297551789077218,-96.44039735099338,95.71115973741794,48.02494802494803,0.024420024420024333,3.673769287288758,0.029973580155906066,-1.8067493658414302,1.5681761399173837,1.3366515403875507,2.6445828783148455,-0.45610286953246304,0.02454369260617026,-1.8054953873413997,1.564660403643354,1.3330293046726223,2.6399809359511885,-0.46019423636569234
24134.95618411,3597147943,2577,2576,1,0,13,65.24666699988302,-40,63,2.297551789077218,-96.44039735099338,95.71115973741794,48.02494802494803,0.024420024420024333,3.673769287288758,0.029973580155906066,-1.8067493658414302,1.5681761399173837,1.3366515403875507,2.6445828783148455,-0.45610286953246304,0.02454369260617026,-1.8054953873413997,1.564660403643354,1.3330293046726223,2.6399809359511885,-0.46019423636569234
24135.055992817,3597147943,2580,2579,1,0,13,65.19890099662007,-40,63,2.297551789077218,-96.44039735099338,95.71115973741794,48.02494802494803,0.024420024420024333,3.673769287288758,0.029973580155906066,-1.8067493658414302,1.5681761399173837,1.3366515403875507,2.6445828783148455,-0.45610286953246304,0.02454369260617026,-1.8054953873413997,1.564660403643354,1.3330293046726223,2.6399809359511885,-0.46019423636569234
24135.156076652,3597147943,2583,2582,1,0,10,65.18724199850112,-40,63,2.297551789077218,-96.44039735099338,95.71115973741794,48.02494802494803,0.024420024420024333,3.673769287288758,0.029973580155906066,-1.8067493658414302,1.5681761399173837,1.3366515403875507,2.6445828783148455,-0.45610286953246304,0.02454369260617026,-1.8054953873413997,1.564660403643354,1.3330293046726223,2.6399809359511885,-0.46019423636569234
24135.256186501,3597147943,2586,2585,1,0,10,65.42261399954441,-40,63,2.297551789077218,-96.44039735099338,95.71115973741794,48.02494802494803,0.024420024420024333,3.673769287288758,0.029973580155906066,-1.8067493658414302,1.5681761399173837,1.3366515403875507,2.6445828783148455,-0.45610286953246304,0.02454369260617026,-1.8054953873413997,1.564660403643354,1.3330293046726223,2.6399809359511885,-0.46019423636569234
24135.35618368,3597147943,2589,2588,1,0,14,65.42198900206131,-40,63,2.297551789077218,-96.44039735099338,95.71115973741794,48.02494802494803,0.024420024420024333,3.673769287288758,0.029973580155906066,-1.8067493658414302,1.5681761399173837,1.3366515403875507,2.6445828783148455,-0.45610286953246304,0.02454369260617026,-1.8054953873413997,1.564660403643354,1.3330293046726223,2.6399809359511885,-0.46019423636569234
24135.456088474,3597147943,2592,2591,1,0,14,65.31439299942576,-40,63,2.297551789077218,-96.44039735099338,95.71115973741794,48.02494802494803,0.024420024420024333,3.673769287288758,0.029973580155906066,-1.8067493658414302,1.5681761399173837,1.3366515403875507,2.6445828783148455,-0.45610286953246304,0.02454369260617026,-1.8054953873413997,1.564660403643354,1.3330293046726223,2.6399809359511885,-0.46019423636569234
24135.556025595,3597147943,2595,2594,1,0,10,65.1290700006939,-40,63,2.297551789077218,-96.44039735099338,95.71115973741794,48.02494802494803,0.024420024420024333,3.673769287288758,0.029973580155906066,-1.8067493658414302,1.5681761399173837,1.3366515403875507,2.6445828783148455,-0.45610286953246304,0.02454369260617026,-1.8054953873413997,1.564660403643354,1.3330293046726223,2.6399809359511885,-0.46019423636569234
24135.656084116,3597147943,2598,2597,1,0,10,65.27332200130331,-40,63,2.297551789077218,-96.44039735099338,95.71115973741794,48.02494802494803,0.024420024420024333,3.673769287288758,0.029973580155906066,-1.8067493658414302,1.5681761399173837,1.3366515403875507,2.6445828783148455,-0.45610286953246304,0.02454369260617026,-1.8054953873413997,1.564660403643354,1.3330293046726223,2.6399809359511885,-0.46019423636569234
24135.756045759,3597147943,2601,2600,1,0,13,65.23650199960684,-40,63,2.297551789077218,-96.44039735099338,95.71115973741794,48.02494802494803,0.024420024420024333,3.673769287288758,0.029973580155906066,-1.8067493658414302,1.5681761399173837,1.3366515403875507,2.6445828783148455,-0.45610286953246304,0.02454369260617026,-1.8054953873413997,1.564660403643354,1.3330293046726223,2.6399809359511885,-0.46019423636569234
24135.856140197,3597147943,2604,2603,1,0,12,65.06034199992428,-40,63,2.297551789077218,-96.44039735099338,95.71115973741794,48.02494802494803,0.024420024420024333,3.673769287288758,0.029973580155906066,-1.8067493658414302,1.5681761399173837,1.3366515403875507,2.6445828783148455,-0.45610286953246304,0.02454369260617026,-1.8054953873413997,1.564660403643354,1.3330293046726223,2.6399809359511885,-0.46019423636569234
24135.95614869,3597147943,2607,2606,1,0,9,65.19183899945347,-37,63,2.297551789077218,-96.44039735099338,95.71115973741794,48.02494802494803,0.024420024420024333,3.673769287288758,0.029973580155906066,-1.8067493658414302,1.5681761399173837,1.3366515403875507,2.6445828783148455,-0.45610286953246304,0.02454369260617026,-1.8054953873413997,1.564660403643354,1.3330293046726223,2.6399809359511885,-0.46019423636569234
24136.056160661,3597147943,2610,2609,1,0,10,65.2740570003516,-37,63,2.297551789077218,-96.44039735099338,95.71115973741794,48.02494802494803,0.024420024420024333,3.673769287288758,0.029973580155906066,-1.8067493658414302,1.5681761399173837,1.3366515403875507,2.6445828783148455,-0.45610286953246304,0.02454369260617026,-1.8054953873413997,1.564660403643354,1.3330293046726223,2.6399809359511885,-0.46019423636569234
24136.15621073,3597147943,2613,2612,1,0,12,65.4016690023127,-37,63,2.297551789077218,-96.44039735099338,95.71115973741794,48.02494802494803,0.024420024420024333,3.673769287288758,0.029973580155906066,-1.8067493658414302,1.5681761399173837,1.3366515403875507,2.6445828783148455,-0.45610286953246304,0.02454369260617026,-1.8054953873413997,1.564660403643354,1.3330293046726223,2.6399809359511885,-0.46019423636569234
24136.256234378,3597147943,2616,2615,1,0,10,65.31392699980643,-37,63,2.297551789077218,-96.44039735099338,95.71115973741794,48.02494802494803,0.024420024420024333,3.673769287288758,0.029973580155906066,-1.8067493658414302,1.5681761399173837,1.3366515403875507,2.6445828783148455,-0.45610286953246304,0.02454369260617026,-1.8054953873413997,1.564660403643354,1.3330293046726223,2.6399809359511885,-0.46019423636569234
24136.356095683,3597147943,2619,2618,1,0,13,65.25413700001081,-37,63,2.297551789077218,-96.44039735099338,95.71115973741794,48.02494802494803,0.024420024420024333,3.673769287288758,0.029973580155906066,-1.8067493658414302,1.5681761399173837,1.3366515403875507,2.6445828783148455,-0.45610286953246304,0.02454369260617026,-1.8054953873413997,1.564660403643354,1.3330293046726223,2.6399809359511885,-0.46019423636569234
24136.456092378,3597147943,2622,2621,1,0,9,65.26894299895503,-37,63,2.297551789077218,-96.44039735099338,95.71115973741794,48.02494802494803,0.024420024420024333,3.673769287288758,0.029973580155906066,-1.8067493658414302,1.5681761399173837,1.3366515403875507,2.6445828783148455,-0.45610286953246304,0.02454369260617026,-1.8054953873413997,1.564660403643354,1.3330293046726223,2.6399809359511885,-0.46019423636569234
24136.556102614,3597147943,2625,2624,1,0,9,65.23915100115119,-37,63,2.297551789077218,-96.44039735099338,95.71115973741794,48.02494802494803,0.024420024420024333,3.673769287288758,0.029973580155906066,-1.8067493658414302,1.5681761399173837,1.3366515403875507,2.6445828783148455,-0.45610286953246304,0.02454369260617026,-1.8054953873413997,1.564660403643354,1.3330293046726223,2.6399809359511885,-0.46019423636569234
24136.656055876,3597147943,2628,2627,1,0,10,65.25919100022293,-37,63,2.297551789077218,-96.44039735099338,95.71115973741794,48.02494802494803,0.024420024420024333,3.673769287288758,0.029973580155906066,-1.8067493658414302,1.5681761399173837,1.3366515403875507,2.6445828783148455,-0.45610286953246304,0.02454369260617026,-1.8054953873413997,1.564660403643354,1.3330293046726223,2.6399809359511885,-0.46019423636569234
24136.756087839,3597147943,2631,2630,1,0,9,65.33385399961844,-37,63,2.297551789077218,-96.44039735099338,95.71115973741794,48.02494802494803,0.024420024420024333,3.673769287288758,0.029973580155906066,-1.8067493658414302,1.5681761399173837,1.3366515403875507,2.6445828783148455,-0.45610286953246304,0.02454369260617026,-1.8054953873413997,1.564660403643354,1.3330293046726223,2.6399809359511885,-0.46019423636569234
24136.856084652,3597147943,2634,2633,1,0,10,65.32481199974427,-37,63,2.297551789077218,-96.44039735099338,95.71115973741794,48.02494802494803,0.024420024420024333,3.673769287288758,0.029973580155906066,-1.8067493658414302,1.5681761399173837,1.3366515403875507,2.6445828783148455,-0.45610286953246304,0.02454369260617026,-1.8054953873413997,1.564660403643354,1.3330293046726223,2.6399809359511885,-0.46019423636569234
24136.955981443,3597147943,2637,2636,1,0,9,65.13446999815642,-37,63,2.297551789077218,-96.44039735099338,95.71115973741794,48.02494802494803,0.024420024420024333,3.673769287288758,0.029973580155906066,-1.8067493658414302,1.5681761399173837,1.3366515403875507,2.6445828783148455,-0.45610286953246304,0.02454369260617026,-1.8054953873413997,1.564660403643354,1.3330293046726223,2.6399809359511885,-0.46019423636569234
24137.056166463,3597147943,2640,2639,1,0,10,65.53215700114379,-40,63,2.297551789077218,-96.44039735099338,95.71115973741794,48.02494802494803,0.024420024420024333,3.673769287288758,0.029973580155906066,-1.8067493658414302,1.5681761399173837,1.3366515403875507,2.6445828783148455,-0.45610286953246304,0.02454369260617026,-1.8054953873413997,1.564660403643354,1.3330293046726223,2.6399809359511885,-0.46019423636569234
24137.156300184,3597147943,2643,2642,1,0,10,65.31691599957412,-40,63,2.297551789077218,-96.44039735099338,95.71115973741794,48.02494802494803,0.024420024420024333,3.673769287288758,0.029973580155906066,-1.8067493658414302,1.5681761399173837,1.3366515403875507,2.6445828783148455,-0.45610286953246304,0.02454369260617026,-1.8054953873413997,1.564660403643354,1.3330293046726223,2.6399809359511885,-0.46019423636569234
24137.256045134,3597147943,2646,2645,1,0,10,64.82420800239197,-40,63,2.297551789077218,-96.44039735099338,95.71115973741794,48.02494802494803,0.024420024420024333,3.673769287288758,0.029973580155906066,-1.8067493658414302,1.5681761399173837,1.3366515403875507,2.6445828783148455,-0.45610286953246304,0.02454369260617026,-1.8054953873413997,1.564660403643354,1.3330293046726223,2.6399809359511885,-0.46019423636569234
24137.356078554,3597147943,2649,2648,1,0,14,65.18944699928397,-40,63,2.297551789077218,-96.44039735099338,95.71115973741794,48.02494802494803,0.024420024420024333,3.673769287288758,0.029973580155906066,-1.8067493658414302,1.5681761399173837,1.3366515403875507,2.6445828783148455,-0.45610286953246304,0.02454369260617026,-1.8054953873413997,1.564660403643354,1.3330293046726223,2.6399809359511885,-0.46019423636569234
24137.456164637,3597147943,2652,2651,1,0,9,65.13660300333868,-40,63,2.297551789077218,-96.44039735099338,95.71115973741794,48.02494802494803,0.024420024420024333,3.673769287288758,0.029973580155906066,-1.8067493658414302,1.5681761399173837,1.3366515403875507,2.6445828783148455,-0.45610286953246304,0.02454369260617026,-1.8054953873413997,1.564660403643354,1.3330293046726223,2.6399809359511885,-0.46019423636569234
24137.556121026,3597147943,2655,2654,1,0,10,65.36755800334504,-40,63,2.297551789077218,-96.44039735099338,95.71115973741794,48.02494802494803,0.024420024420024333,3.673769287288758,0.029973580155906066,-1.8067493658414302,1.5681761399173837,1.3366515403875507,2.6445828783148455,-0.45610286953246304,0.02454369260617026,-1.8054953873413997,1.564660403643354,1.3330293046726223,2.6399809359511885,-0.46019423636569234
24137.65609235,3597147943,2658,2657,1,0,14,65.34722200012766,-40,63,2.297551789077218,-96.44039735099338,95.71115973741794,48.02494802494803,0.024420024420024333,3.673769287288758,0.029973580155906066,-1.8067493658414302,1.5681761399173837,1.3366515403875507,2.6445828783148455,-0.45610286953246304,0.02454369260617026,-1.8054953873413997,1.564660403643354,1.3330293046726223,2.6399809359511885,-0.46019423636569234
24137.756095751,3597147943,2661,2660,1,0,10,65.24860900026397,-40,63,2.297551789077218,-96.44039735099338,95.71115973741794,48.02494802494803,0.024420024420024333,3.673769287288758,0.029973580155906066,-1.8067493658414302,1.5681761399173837,1.3366515403875507,2.6445828783148455,-0.45610286953246304,0.02454369260617026,-1.8054953873413997,1.564660403643354,1.3330293046726223,2.6399809359511885,-0.46019423636569234
24137.856077414,3597147943,2664,2663,1,0,10,65.19014599689399,-40,63,2.297551789077218,-96.44039735099338,95.71115973741794,48.02494802494803,0.024420024420024333,3.673769287288758,0.029973580155906066,-1.8067493658414302,1.5681761399173837,1.3366515403875507,2.6445828783148455,-0.45610286953246304,0.02454369260617026,-1.8054953873413997,1.564660403643354,1.3330293046726223,2.6399809359511885,-0.46019423636569234
24137.95606061,3597147943,2667,2666,1,0,13,65.2901280009246,-40,63,2.297551789077218,-96.44039735099338,95.71115973741794,48.02494802494803,0.024420024420024333,3.673769287288758,0.029973580155906066,-1.8067493658414302,1.5681761399173837,1.3366515403875507,2.6445828783148455,-0.45610286953246304,0.02454369260617026,-1.8054953873413997,1.564660403643354,1.3330293046726223,2.6399809359511885,-0.46019423636569234
24138.056390649,3597147943,2670,2669,1,0,9,65.73159399704309,-40,63,2.297551789077218,-96.44039735099338,95.71115973741794,48.02494802494803,0.024420024420024333,3.673769287288758,0.029973580155906066,-1.8067493658414302,1.5681761399173837,1.3366515403875507,2.6445828783148455,-0.45610286953246304,0.02454369260617026,-1.8054953873413997,1.564660403643354,1.3330293046726223,2.6399809359511885,-0.46019423636569234
24138.156166105,3597147943,2673,2672,1,0,9,65.18647099801456,-42,63,2.297551789077218,-96.44039735099338,95.71115973741794,48.02494802494803,0.024420024420024333,3.673769287288758,0.029973580155906066,-1.8067493658414302,1.5681761399173837,1.3366515403875507,2.6445828783148455,-0.45610286953246304,0.02454369260617026,-1.8054953873413997,1.564660403643354,1.3330293046726223,2.6399809359511885,-0.46019423636569234
24138.256467323,3597147943,2676,2675,1,0,9,65.54688200048986,-42,63,2.297551789077218,-96.44039735099338,95.71115973741794,48.02494802494803,0.024420024420024333,3.673769287288758,0.029973580155906066,-1.8067493658414302,1.5681761399173837,1.3366515403875507,2.6445828783148455,-0.45610286953246304,0.02454369260617026,-1.8054953873413997,1.564660403643354,1.3330293046726223,2.6399809359511885,-0.46019423636569234
24138.356429019,3597147943,2679,2678,1,0,9,65.54598000002443,-42,63,2.297551789077218,-96.44039735099338,95.71115973741794,48.02494802494803,0.024420024420024333,3.673769287288758,0.029973580155906066,-1.8067493658414302,1.5681761399173837,1.3366515403875507,2.6445828783148455,-0.45610286953246304,0.02454369260617026,-1.8054953873413997,1.564660403643354,1.3330293046726223,2.6399809359511885,-0.46019423636569234
24138.456271632,3597147943,2682,2681,1,0,9,65.29649699950824,-42,63,2.297551789077218,-96.44039735099338,95.71115973741794,48.02494802494803,0.024420024420024333,3.673769287288758,0.029973580155906066,-1.8067493658414302,1.5681761399173837,1.3366515403875507,2.6445828783148455,-0.45610286953246304,0.02454369260617026,-1.8054953873413997,1.564660403643354,1.3330293046726223,2.6399809359511885,-0.46019423636569234
24138.555982247,3597147943,2685,2684,1,0,9,65.04300400047214,-42,63,2.297551789077218,-96.44039735099338,95.71115973741794,48.02494802494803,0.024420024420024333,3.673769287288758,0.029973580155906066,-1.8067493658414302,1.5681761399173837,1.3366515403875507,2.6445828783148455,-0.45610286953246304,0.02454369260617026,-1.8054953873413997,1.564660403643354,1.3330293046726223,2.6399809359511885,-0.46019423636569234
24138.656015551,3597147943,2688,2687,1,0,7,65.2824460012198,-42,63,2.297551789077218,-96.44039735099338,95.71115973741794,48.02494802494803,0.024420024420024333,3.673769287288758,0.029973580155906066,-1.8067493658414302,1.5681761399173837,1.3366515403875507,2.6445828783148455,-0.45610286953246304,0.02454369260617026,-1.8054953873413997,1.564660403643354,1.3330293046726223,2.6399809359511885,-0.46019423636569234
24138.756019573,3597147943,2691,2690,1,0,8,65.27420499696746,-42,63,2.297551789077218,-96.44039735099338,95.71115973741794,48.02494802494803,0.024420024420024333,3.673769287288758,0.029973580155906066,-1.8067493658414302,1.5681761399173837,1.3366515403875507,2.6445828783148455,-0.45610286953246304,0.02454369260617026,-1.8054953873413997,1.564660403643354,1.3330293046726223,2.6399809359511885,-0.46019423636569234
24138.855956362,3597147943,2694,2693,1,0,9,65.19469999693683,-42,63,2.297551789077218,-96.44039735099338,95.71115973741794,48.02494802494803,0.024420024420024333,3.673769287288758,0.029973580155906066,-1.8067493658414302,1.5681761399173837,1.3366515403875507,2.6445828783148455,-0.45610286953246304,0.02454369260617026,-1.8054953873413997,1.564660403643354,1.3330293046726223,2.6399809359511885,-0.46019423636569234
24138.955972935,3597147943,2697,2696,1,0,13,65.25998899815022,-42,63,2.297551789077218,-96.44039735099338,95.71115973741794,48.02494802494803,0.024420024420024333,3.673769287288758,0.029973580155906066,-1.8067493658414302,1.5681761399173837,1.3366515403875507,2.6445828783148455,-0.45610286953246304,0.02454369260617026,-1.8054953873413997,1.564660403643354,1.3330293046726223,2.6399809359511885,-0.46019423636569234
24139.056123102,3597147943,2700,2699,1,0,9,65.43470399992657,-42,63,2.297551789077218,-96.44039735099338,95.71115973741794,48.02494802494803,0.024420024420024333,3.673769287288758,0.029973580155906066,-1.8067493658414302,1.5681761399173837,1.3366515403875507,2.6445828783148455,-0.45610286953246304,0.02454369260617026,-1.8054953873413997,1.564660403643354,1.3330293046726223,2.6399809359511885,-0.46019423636569234
24139.156104548,3597147943,2703,2702,1,0,14,65.35942200207501,-42,63,2.297551789077218,-96.44039735099338,95.71115973741794,48.02494802494803,0.024420024420024333,3.673769287288758,0.029973580155906066,-1.8067493658414302,1.5681761399173837,1.3366515403875507,2.6445828783148455,-0.45610286953246304,0.02454369260617026,-1.8054953873413997,1.564660403643354,1.3330293046726223,2.6399809359511885,-0.46019423636569234
24139.256125573,3597147943,2706,2705,1,0,14,65.42764299956616,-42,63,2.297551789077218,-96.44039735099338,95.71115973741794,48.02494802494803,0.024420024420024333,3.673769287288758,0.029973580155906066,-1.8067493658414302,1.5681761399173837,1.3366515403875507,2.6445828783148455,-0.45610286953246304,0.02454369260617026,-1.8054953873413997,1.564660403643354,1.3330293046726223,2.6399809359511885,-0.46019423636569234
24139.356103501,3597147943,2709,2708,1,0,10,65.38071499744547,-40,63,2.297551789077218,-96.44039735099338,95.71115973741794,48.02494802494803,0.024420024420024333,3.673769287288758,0.029973580155906066,-1.8067493658414302,1.5681761399173837,1.3366515403875507,2.6445828783148455,-0.45610286953246304,0.02454369260617026,-1.8054953873413997,1.564660403643354,1.3330293046726223,2.6399809359511885,-0.46019423636569234
24139.456114891,3597147943,2712,2711,1,0,10,65.4212519984867,-40,63,2.297551789077218,-96.44039735099338,95.71115973741794,48.02494802494803,0.024420024420024333,3.673769287288758,0.029973580155906066,-1.8067493658414302,1.5681761399173837,1.3366515403875507,2.6445828783148455,-0.45610286953246304,0.02454369260617026,-1.8054953873413997,1.564660403643354,1.3330293046726223,2.6399809359511885,-0.46019423636569234
24139.556030633,3597147943,2715,2714,1,0,10,65.12606799878995,-40,63,2.297551789077218,-96.44039735099338,95.71115973741794,48.02494802494803,0.024420024420024333,3.673769287288758,0.029973580155906066,-1.8067493658414302,1.5681761399173837,1.3366515403875507,2.6445828783148455,-0.45610286953246304,0.02454369260617026,-1.8054953873413997,1.564660403643354,1.3330293046726223,2.6399809359511885,-0.46019423636569234
24139.65599311,3597147943,2718,2717,1,0,14,65.14167200293741,-40,63,2.297551789077218,-96.44039735099338,95.71115973741794,48.02494802494803,0.024420024420024333,3.673769287288758,0.029973580155906066,-1.8067493658414302,1.5681761399173837,1.3366515403875507,2.6445828783148455,-0.45610286953246304,0.02454369260617026,-1.8054953873413997,1.564660403643354,1.3330293046726223,2.6399809359511885,-0.46019423636569234
24139.75601031,3597147943,2721,2720,1,0,10,65.03641800009063,-40,63,2.297551789077218,-96.44039735099338,95.71115973741794,48.02494802494803,0.024420024420024333,3.673769287288758,0.029973580155906066,-1.8067493658414302,1.5681761399173837,1.3366515403875507,2.6445828783148455,-0.45610286953246304,0.02454369260617026,-1.8054953873413997,1.564660403643354,1.3330293046726223,2.6399809359511885,-0.46019423636569234
24139.855966402,3597147943,2724,2723,1,0,10,64.99133600300411,-40,63,2.297551789077218,-96.44039735099338,95.71115973741794,48.02494802494803,0.024420024420024333,3.673769287288758,0.029973580155906066,-1.8067493658414302,1.5681761399173837,1.3366515403875507,2.6445828783148455,-0.45610286953246304,0.02454369260617026,-1.8054953873413997,1.564660403643354,1.3330293046726223,2.6399809359511885,-0.46019423636569234
24139.956324015,3597147943,2727,2726,1,0,10,65.36871999924188,-40,63,2.297551789077218,-96.44039735099338,95.71115973741794,48.02494802494803,0.024420024420024333,3.673769287288758,0.029973580155906066,-1.8067493658414302,1.5681761399173837,1.3366515403875507,2.6445828783148455,-0.45610286953246304,0.02454369260617026,-1.8054953873413997,1.564660403643354,1.3330293046726223,2.6399809359511885,-0.46019423636569234
24140.056250815,3597147943,2730,2729,1,0,9,64.90843500068877,-40,63,2.297551789077218,-96.44039735099338,95.71115973741794,48.02494802494803,0.024420024420024333,3.673769287288758,0.029973580155906066,-1.8067493658414302,1.5681761399173837,1.3366515403875507,2.6445828783148455,-0.45610286953246304,0.02454369260617026,-1.8054953873413997,1.564660403643354,1.3330293046726223,2.6399809359511885,-0.46019423636569234
24140.156089221,3597147943,2733,2732,1,0,10,65.21512100152904,-40,63,2.297551789077218,-96.44039735099338,95.71115973741794,48.02494802494803,0.024420024420024333,3.673769287288758,0.029973580155906066,-1.8067493658414302,1.5681761399173837,1.3366515403875507,2.6445828783148455,-0.45610286953246304,0.02454369260617026,-1.8054953873413997,1.564660403643354,1.3330293046726223,2.6399809359511885,-0.46019423636569234
24140.256116779,3597147943,2736,2735,1,0,10,65.42868500037002,-40,63,2.297551789077218,-96.44039735099338,95.71115973741794,48.02494802494803,0.024420024420024333,3.673769287288758,0.029973580155906066,-1.8067493658414302,1.5681761399173837,1.3366515403875507,2.6445828783148455,-0.45610286953246304,0.02454369260617026,-1.8054953873413997,1.564660403643354,1.3330293046726223,2.6399809359511885,-0.46019423636569234
24140.356108005,3597147943,2739,2738,1,0,10,65.40914799916209,-40,63,2.297551789077218,-96.44039735099338,95.71115973741794,48.02494802494803,0.024420024420024333,3.673769287288758,0.029973580155906066,-1.8067493658414302,1.5681761399173837,1.3366515403875507,2.6445828783148455,-0.45610286953246304,0.02454369260617026,-1.8054953873413997,1.564660403643354,1.3330293046726223,2.6399809359511885,-0.46019423636569234
24140.456095371,3597147943,2742,2741,1,0,12,65.34418999945046,-37,63,2.297551789077218,-96.44039735099338,95.71115973741794,48.02494802494803,0.024420024420024333,3.673769287288758,0.029973580155906066,-1.8067493658414302,1.5681761399173837,1.3366515403875507,2.6445828783148455,-0.45610286953246304,0.02454369260617026,-1.8054953873413997,1.564660403643354,1.3330293046726223,2.6399809359511885,-0.46019423636569234
24140.556017927,3597147943,2745,2744,1,0,10,65.30669199855765,-37,63,2.297551789077218,-96.44039735099338,95.71115973741794,48.02494802494803,0.024420024420024333,3.673769287288758,0.029973580155906066,-1.8067493658414302,1.5681761399173837,1.3366515403875507,2.6445828783148455,-0.45610286953246304,0.02454369260617026,-1.8054953873413997,1.564660403643354,1.3330293046726223,2.6399809359511885,-0.46019423636569234
24140.656113109,3597147943,2748,2747,1,0,12,65.38708000152837,-37,63,2.297551789077218,-96.44039735099338,95.71115973741794,48.02494802494803,0.024420024420024333,3.673769287288758,0.029973580155906066,-1.8067493658414302,1.5681761399173837,1.3366515403875507,2.6445828783148455,-0.45610286953246304,0.02454369260617026,-1.8054953873413997,1.564660403643354,1.3330293046726223,2.6399809359511885,-0.46019423636569234
24140.756037267,3597147943,2751,2750,1,0,13,65.25866100128042,-37,63,2.297551789077218,-96.44039735099338,95.71115973741794,48.02494802494803,0.024420024420024333,3.673769287288758,0.029973580155906066,-1.8067493658414302,1.5681761399173837,1.3366515403875507,2.6445828783148455,-0.45610286953246304,0.02454369260617026,-1.8054953873413997,1.564660403643354,1.3330293046726223,2.6399809359511885,-0.46019423636569234
24140.855949691,3597147943,2754,2753,1,0,9,65.1774599973578,-37,63,2.297551789077218,-96.44039735099338,95.71115973741794,48.02494802494803,0.024420024420024333,3.673769287288758,0.029973580155906066,-1.8067493658414302,1.5681761399173837,1.3366515403875507,2.6445828783148455,-0.45610286953246304,0.02454369260617026,-1.8054953873413997,1.564660403643354,1.3330293046726223,2.6399809359511885,-0.46019423636569234
24140.956117398,3597147943,2757,2756,1,0,10,65.37197600118816,-37,63,2.297551789077218,-96.44039735099338,95.71115973741794,48.02494802494803,0.024420024420024333,3.673769287288758,0.029973580155906066,-1.8067493658414302,1.5681761399173837,1.3366515403875507,2.6445828783148455,-0.45610286953246304,0.02454369260617026,-1.8054953873413997,1.564660403643354,1.3330293046726223,2.6399809359511885,-0.46019423636569234
24141.056116015,3597147943,2760,2759,1,0,10,65.40169300205889,-37,63,2.297551789077218,-96.44039735099338,95.71115973741794,48.02494802494803,0.024420024420024333,3.673769287288758,0.029973580155906066,-1.8067493658414302,1.5681761399173837,1.3366515403875507,2.6445828783148455,-0.45610286953246304,0.02454369260617026,-1.8054953873413997,1.564660403643354,1.3330293046726223,2.6399809359511885,-0.46019423636569234
24141.156098066,3597147943,2763,2762,1,0,8,65.37858400042751,-37,63,2.297551789077218,-96.44039735099338,95.71115973741794,48.02494802494803,0.024420024420024333,3.673769287288758,0.029973580155906066,-1.8067493658414302,1.5681761399173837,1.3366515403875507,2.6445828783148455,-0.45610286953246304,0.02454369260617026,-1.8054953873413997,1.564660403643354,1.3330293046726223,2.6399809359511885,-0.46019423636569234
24141.256117231,3597147943,2766,2765,1,0,9,65.41419899804168,-37,63,2.297551789077218,-96.44039735099338,95.71115973741794,48.02494802494803,0.024420024420024333,3.673769287288758,0.029973580155906066,-1.8067493658414302,1.5681761399173837,1.3366515403875507,2.6445828783148455,-0.45610286953246304,0.02454369260617026,-1.8054953873413997,1.564660403643354,1.3330293046726223,2.6399809359511885,-0.46019423636569234
24141.356106477,3597147943,2769,2768,1,0,9,65.38804799856734,-37,63,2.297551789077218,-96.44039735099338,95.71115973741794,48.02494802494803,0.024420024420024333,3.673769287288758,0.029973580155906066,-1.8067493658414302,1.5681761399173837,1.3366515403875507,2.6445828783148455,-0.45610286953246304,0.02454369260617026,-1.8054953873413997,1.564660403643354,1.3330293046726223,2.6399809359511885,-0.46019423636569234
24141.456094864,3597147943,2772,2771,1,0,9,65.21162900025956,-37,63,2.297551789077218,-96.44039735099338,95.71115973741794,48.02494802494803,0.024420024420024333,3.673769287288758,0.029973580155906066,-1.8067493658414302,1.5681761399173837,1.3366515403875507,2.6445828783148455,-0.45610286953246304,0.02454369260617026,-1.8054953873413997,1.564660403643354,1.3330293046726223,2.6399809359511885,-0.46019423636569234
24141.556050202,3597147943,2775,2774,1,0,9,65.25305999821285,-40,63,2.297551789077218,-96.44039735099338,95.71115973741794,48.02494802494803,0.024420024420024333,3.673769287288758,0.029973580155906066,-1.8067493658414302,1.5681761399173837,1.3366515403875507,2.6445828783148455,-0.45610286953246304,0.02454369260617026,-1.8054953873413997,1.564660403643354,1.3330293046726223,2.6399809359511885,-0.46019423636569234
24141.656014753,3597147943,2778,2777,1,0,9,65.25370600138558,-40,63,2.297551789077218,-96.44039735099338,95.71115973741794,48.02494802494803,0.024420024420024333,3.673769287288758,0.029973580155906066,-1.8067493658414302,1.5681761399173837,1.3366515403875507,2.6445828783148455,-0.45610286953246304,0.02454369260617026,-1.8054953873413997,1.564660403643354,1.3330293046726223,2.6399809359511885,-0.46019423636569234
24141.756053725,3597147943,2781,2780,1,0,9,65.30801499684458,-40,63,2.297551789077218,-96.44039735099338,95.71115973741794,48.02494802494803,0.024420024420024333,3.673769287288758,0.029973580155906066,-1.8067493658414302,1.5681761399173837,1.3366515403875507,2.6445828783148455,-0.45610286953246304,0.02454369260617026,-1.8054953873413997,1.564660403643354,1.3330293046726223,2.6399809359511885,-0.46019423636569234
24141.855965465,3597147943,2784,2783,1,0,9,65.19658300021547,-40,63,2.297551789077218,-96.44039735099338,95.71115973741794,48.02494802494803,0.024420024420024333,3.673769287288758,0.029973580155906066,-1.8067493658414302,1.5681761399173837,1.3366515403875507,2.6445828783148455,-0.45610286953246304,0.02454369260617026,-1.8054953873413997,1.564660403643354,1.3330293046726223,2.6399809359511885,-0.46019423636569234
24141.956136059,3597147943,2787,2786,1,0,13,65.40704099825234,-40,63,2.297551789077218,-96.44039735099338,95.71115973741794,48.02494802494803,0.024420024420024333,3.673769287288758,0.029973580155906066,-1.8067493658414302,1.5681761399173837,1.3366515403875507,2.6445828783148455,-0.45610286953246304,0.02454369260617026,-1.8054953873413997,1.564660403643354,1.3330293046726223,2.6399809359511885,-0.46019423636569234
24142.056178306,3597147943,2790,2789,1,0,12,65.47119700189796,-40,63,2.297551789077218,-96.44039735099338,95.71115973741794,48.02494802494803,0.024420024420024333,3.673769287288758,0.029973580155906066,-1.8067493658414302,1.5681761399173837,1.3366515403875507,2.6445828783148455,-0.45610286953246304,0.02454369260617026,-1.8054953873413997,1.564660403643354,1.3330293046726223,2.6399809359511885,-0.46019423636569234
24142.156159537,3597147943,2793,2792,1,0,9,65.2588699995249,-40,63,2.297551789077218,-96.44039735099338,95.71115973741794,48.02494802494803,0.024420024420024333,3.673769287288758,0.029973580155906066,-1.8067493658414302,1.5681761399173837,1.3366515403875507,2.6445828783148455,-0.45610286953246304,0.02454369260617026,-1.8054953873413997,1.564660403643354,1.3330293046726223,2.6399809359511885,-0.46019423636569234
24142.256172499,3597147943,2796,2795,1,0,9,65.14171700109728,-40,63,2.297551789077218,-96.44039735099338,95.71115973741794,48.02494802494803,0.024420024420024333,3.673769287288758,0.029973580155906066,-1.8067493658414302,1.5681761399173837,1.3366515403875507,2.6445828783148455,-0.45610286953246304,0.02454369260617026,-1.8054953873413997,1.564660403643354,1.3330293046726223,2.6399809359511885,-0.46019423636569234
24142.356297148,3597147943,2799,2797,1,0,45,98.49416999713867,-40,63,2.297551789077218,-96.44039735099338,95.71115973741794,48.02494802494803,0.024420024420024333,3.673769287288758,0.029973580155906066,-1.8067493658414302,1.5681761399173837,1.3366515403875507,2.6445828783148455,-0.45610286953246304,0.02454369260617026,-1.8054953873413997,1.564660403643354,1.3330293046726223,2.6399809359511885,-0.46019423636569234
24142.456089839,3597147943,2802,2800,1,0,46,98.06556499825092,-40,63,2.297551789077218,-96.44039735099338,95.71115973741794,48.02494802494803,0.024420024420024333,3.673769287288758,0.029973580155906066,-1.8067493658414302,1.5681761399173837,1.3366515403875507,2.6445828783148455,-0.45610286953246304,0.02454369260617026,-1.8054953873413997,1.564660403643354,1.3330293046726223,2.6399809359511885,-0.46019423636569234
24142.556109203,3597147943,2805,2804,1,0,9,65.25799299924984,-40,63,2.297551789077218,-96.44039735099338,95.71115973741794,48.02494802494803,0.024420024420024333,3.673769287288758,0.029973580155906066,-1.8067493658414302,1.5681761399173837,1.3366515403875507,2.6445828783148455,-0.45610286953246304,0.02454369260617026,-1.8054953873413997,1.564660403643354,1.3330293046726223,2.6399809359511885,-0.46019423636569234
24142.656095386,3597147943,2808,2807,1,0,9,65.1676369998313,-38,63,2.297551789077218,-96.44039735099338,95.71115973741794,48.02494802494803,0.024420024420024333,3.673769287288758,0.029973580155906066,-1.8067493658414302,1.5681761399173837,1.3366515403875507,2.6445828783148455,-0.45610286953246304,0.02454369260617026,-1.8054953873413997,1.564660403643354,1.3330293046726223,2.6399809359511885,-0.46019423636569234
24142.756027421,3597147943,2811,2810,1,0,5,64.98740499955602,-38,63,2.297551789077218,-96.44039735099338,95.71115973741794,48.02494802494803,0.024420024420024333,3.673769287288758,0.029973580155906066,-1.8067493658414302,1.5681761399173837,1.3366515403875507,2.6445828783148455,-0.45610286953246304,0.02454369260617026,-1.8054953873413997,1.564660403643354,1.3330293046726223,2.6399809359511885,-0.46019423636569234
24142.855958282,3597147943,2814,2813,1,0,8,65.2191250010219,-38,63,2.297551789077218,-96.44039735099338,95.71115973741794,48.02494802494803,0.024420024420024333,3.673769287288758,0.029973580155906066,-1.8067493658414302,1.5681761399173837,1.3366515403875507,2.6445828783148455,-0.45610286953246304,0.02454369260617026,-1.8054953873413997,1.564660403643354,1.3330293046726223,2.6399809359511885,-0.46019423636569234
24142.955983449,3597147943,2817,2816,1,0,14,65.18701000095461,-38,63,2.297551789077218,-96.44039735099338,95.71115973741794,48.02494802494803,0.024420024420024333,3.673769287288758,0.029973580155906066,-1.8067493658414302,1.5681761399173837,1.3366515403875507,2.6445828783148455,-0.45610286953246304,0.02454369260617026,-1.8054953873413997,1.564660403643354,1.3330293046726223,2.6399809359511885,-0.46019423636569234
24143.055935299,3597147943,2820,2819,1,0,9,65.09467599971686,-38,63,2.297551789077218,-96.44039735099338,95.71115973741794,48.02494802494803,0.024420024420024333,3.673769287288758,0.029973580155906066,-1.8067493658414302,1.5681761399173837,1.3366515403875507,2.6445828783148455,-0.45610286953246304,0.02454369260617026,-1.8054953873413997,1.564660403643354,1.3330293046726223,2.6399809359511885,-0.46019423636569234
24143.155931901,3597147943,2823,2822,1,0,6,65.1226959998894,-38,63,2.297551789077218,-96.44039735099338,95.71115973741794,48.02494802494803,0.024420024420024333,3.673769287288758,0.029973580155906066,-1.8067493658414302,1.5681761399173837,1.3366515403875507,2.6445828783148455,-0.45610286953246304,0.02454369260617026,-1.8054953873413997,1.564660403643354,1.3330293046726223,2.6399809359511885,-0.46019423636569234
24143.256100172,3597147943,2826,2825,1,0,14,65.27116899815155,-38,63,2.297551789077218,-96.44039735099338,95.71115973741794,48.02494802494803,0.024420024420024333,3.673769287288758,0.029973580155906066,-1.8067493658414302,1.5681761399173837,1.3366515403875507,2.6445828783148455,-0.45610286953246304,0.02454369260617026,-1.8054953873413997,1.564660403643354,1.3330293046726223,2.6399809359511885,-0.46019423636569234
24143.355955012,3597147943,2829,2828,1,0,9,65.1379379996797,-38,63,2.297551789077218,-96.44039735099338,95.71115973741794,48.02494802494803,0.024420024420024333,3.673769287288758,0.029973580155906066,-1.8067493658414302,1.5681761399173837,1.3366515403875507,2.6445828783148455,-0.45610286953246304,0.02454369260617026,-1.8054953873413997,1.564660403643354,1.3330293046726223,2.6399809359511885,-0.46019423636569234
24143.456118316,3597147943,2832,2831,1,0,9,65.1333040004829,-38,63,2.297551789077218,-96.44039735099338,95.71115973741794,48.02494802494803,0.024420024420024333,3.673769287288758,0.029973580155906066,-1.8067493658414302,1.5681761399173837,1.3366515403875507,2.6445828783148455,-0.45610286953246304,0.02454369260617026,-1.8054953873413997,1.564660403643354,1.3330293046726223,2.6399809359511885,-0.46019423636569234
24143.555963345,3597147943,2835,2834,1,0,9,64.98227500196663,-38,63,2.297551789077218,-96.44039735099338,95.71115973741794,48.02494802494803,0.024420024420024333,3.673769287288758,0.029973580155906066,-1.8067493658414302,1.5681761399173837,1.3366515403875507,2.6445828783148455,-0.45610286953246304,0.02454369260617026,-1.8054953873413997,1.564660403643354,1.3330293046726223,2.6399809359511885,-0.46019423636569234
24143.656160301,3597147943,2838,2837,1,0,10,65.25939399944036,-38,63,2.297551789077218,-96.44039735099338,95.71115973741794,48.02494802494803,0.024420024420024333,3.673769287288758,0.029973580155906066,-1.8067493658414302,1.5681761399173837,1.3366515403875507,2.6445828783148455,-0.45610286953246304,0.02454369260617026,-1.8054953873413997,1.564660403643354,1.3330293046726223,2.6399809359511885,-0.46019423636569234
24143.756206093,3597147943,2841,2840,1,0,10,65.1364379991719,-38,63,2.297551789077218,-96.44039735099338,95.71115973741794,48.02494802494803,0.024420024420024333,3.673769287288758,0.029973580155906066,-1.8067493658414302,1.5681761399173837,1.3366515403875507,2.6445828783148455,-0.45610286953246304,0.02454369260617026,-1.8054953873413997,1.564660403643354,1.3330293046726223,2.6399809359511885,-0.46019423636569234
24143.856110042,3597147943,2844,2843,1,0,4,65.30797999948845,-39,63,2.297551789077218,-96.44039735099338,95.71115973741794,48.02494802494803,0.024420024420024333,3.673769287288758,0.029973580155906066,-1.8067493658414302,1.5681761399173837,1.3366515403875507,2.6445828783148455,-0.45610286953246304,0.02454369260617026,-1.8054953873413997,1.564660403643354,1.3330293046726223,2.6399809359511885,-0.46019423636569234
24143.956197905,3597147943,2847,2846,1,0,14,65.19246099924203,-39,63,2.297551789077218,-96.44039735099338,95.71115973741794,48.02494802494803,0.024420024420024333,3.673769287288758,0.029973580155906066,-1.8067493658414302,1.5681761399173837,1.3366515403875507,2.6445828783148455,-0.45610286953246304,0.02454369260617026,-1.8054953873413997,1.564660403643354,1.3330293046726223,2.6399809359511885,-0.46019423636569234
24144.056076367,3597147943,2850,2849,1,0,10,65.10064599933685,-39,63,2.297551789077218,-96.44039735099338,95.71115973741794,48.02494802494803,0.024420024420024333,3.673769287288758,0.029973580155906066,-1.8067493658414302,1.5681761399173837,1.3366515403875507,2.6445828783148455,-0.45610286953246304,0.02454369260617026,-1.8054953873413997,1.564660403643354,1.3330293046726223,2.6399809359511885,-0.46019423636569234
24144.156052863,3597147943,2853,2852,1,0,9,65.20858500152826,-39,63,2.297551789077218,-96.44039735099338,95.71115973741794,48.02494802494803,0.024420024420024333,3.673769287288758,0.029973580155906066,-1.8067493658414302,1.5681761399173837,1.3366515403875507,2.6445828783148455,-0.45610286953246304,0.02454369260617026,-1.8054953873413997,1.564660403643354,1.3330293046726223,2.6399809359511885,-0.46019423636569234
24144.256077294,3597147943,2856,2855,1,0,10,65.1307199987059,-39,63,2.297551789077218,-96.44039735099338,95.71115973741794,48.02494802494803,0.024420024420024333,3.673769287288758,0.029973580155906066,-1.8067493658414302,1.5681761399173837,1.3366515403875507,2.6445828783148455,-0.45610286953246304,0.02454369260617026,-1.8054953873413997,1.564660403643354,1.3330293046726223,2.6399809359511885,-0.46019423636569234
24144.356042764,3597147943,2859,2858,1,0,9,65.12641300287214,-39,63,2.297551789077218,-96.44039735099338,95.71115973741794,48.02494802494803,0.024420024420024333,3.673769287288758,0.029973580155906066,-1.8067493658414302,1.5681761399173837,1.3366515403875507,2.6445828783148455,-0.45610286953246304,0.02454369260617026,-1.8054953873413997,1.564660403643354,1.3330293046726223,2.6399809359511885,-0.46019423636569234
24144.456053421,3597147943,2862,2861,1,0,10,65.18958599917823,-39,63,2.297551789077218,-96.44039735099338,95.71115973741794,48.02494802494803,0.024420024420024333,3.673769287288758,0.029973580155906066,-1.8067493658414302,1.5681761399173837,1.3366515403875507,2.6445828783148455,-0.45610286953246304,0.02454369260617026,-1.8054953873413997,1.564660403643354,1.3330293046726223,2.6399809359511885,-0.46019423636569234
24144.555982739,3597147943,2865,2864,1,0,10,65.1828160007426,-39,63,2.297551789077218,-96.44039735099338,95.71115973741794,48.02494802494803,0.024420024420024333,3.673769287288758,0.029973580155906066,-1.8067493658414302,1.5681761399173837,1.3366515403875507,2.6445828783148455,-0.45610286953246304,0.02454369260617026,-1.8054953873413997,1.564660403643354,1.3330293046726223,2.6399809359511885,-0.46019423636569234
24144.65605185,3597147943,2868,2867,1,0,10,65.16650100093102,-39,63,2.297551789077218,-96.44039735099338,95.71115973741794,48.02494802494803,0.024420024420024333,3.673769287288758,0.029973580155906066,-1.8067493658414302,1.5681761399173837,1.3366515403875507,2.6445828783148455,-0.45610286953246304,0.02454369260617026,-1.8054953873413997,1.564660403643354,1.3330293046726223,2.6399809359511885,-0.46019423636569234
24144.756056869,3597147943,2871,2870,1,0,14,65.2989170012006,-39,63,2.297551789077218,-96.44039735099338,95.71115973741794,48.02494802494803,0.024420024420024333,3.673769287288758,0.029973580155906066,-1.8067493658414302,1.5681761399173837,1.3366515403875507,2.6445828783148455,-0.45610286953246304,0.02454369260617026,-1.8054953873413997,1.564660403643354,1.3330293046726223,2.6399809359511885,-0.46019423636569234
24144.856072932,3597147943,2874,2873,1,0,10,65.21647600311553,-39,63,2.297551789077218,-96.44039735099338,95.71115973741794,48.02494802494803,0.024420024420024333,3.673769287288758,0.029973580155906066,-1.8067493658414302,1.5681761399173837,1.3366515403875507,2.6445828783148455,-0.45610286953246304,0.02454369260617026,-1.8054953873413997,1.564660403643354,1.3330293046726223,2.6399809359511885,-0.46019423636569234
24144.956166941,3597147943,2877,2876,1,0,8,65.13390200052527,-38,63,2.297551789077218,-96.44039735099338,95.71115973741794,48.02494802494803,0.024420024420024333,3.673769287288758,0.029973580155906066,-1.8067493658414302,1.5681761399173837,1.3366515403875507,2.6445828783148455,-0.45610286953246304,0.02454369260617026,-1.8054953873413997,1.564660403643354,1.3330293046726223,2.6399809359511885,-0.46019423636569234
24145.056306714,3597147943,2880,2878,1,0,45,98.49020299952826,-38,63,2.297551789077218,-96.44039735099338,95.71115973741794,48.02494802494803,0.024420024420024333,3.673769287288758,0.029973580155906066,-1.8067493658414302,1.5681761399173837,1.3366515403875507,2.6445828783148455,-0.45610286953246304,0.02454369260617026,-1.8054953873413997,1.564660403643354,1.3330293046726223,2.6399809359511885,-0.46019423636569234
24145.156158707,3597147943,2883,2882,1,0,8,65.07171799967182,-38,63,2.297551789077218,-96.44039735099338,95.71115973741794,48.02494802494803,0.024420024420024333,3.673769287288758,0.029973580155906066,-1.8067493658414302,1.5681761399173837,1.3366515403875507,2.6445828783148455,-0.45610286953246304,0.02454369260617026,-1.8054953873413997,1.564660403643354,1.3330293046726223,2.6399809359511885,-0.46019423636569234
24145.256067205,3597147943,2886,2885,1,0,10,64.96070600042003,-38,63,2.297551789077218,-96.44039735099338,95.71115973741794,48.02494802494803,0.024420024420024333,3.673769287288758,0.029973580155906066,-1.8067493658414302,1.5681761399173837,1.3366515403875507,2.6445828783148455,-0.45610286953246304,0.02454369260617026,-1.8054953873413997,1.564660403643354,1.3330293046726223,2.6399809359511885,-0.46019423636569234
24145.356184692,3597147943,2889,2888,1,0,6,65.41288099833764,-38,63,2.297551789077218,-96.44039735099338,95.71115973741794,48.02494802494803,0.024420024420024333,3.673769287288758,0.029973580155906066,-1.8067493658414302,1.5681761399173837,1.3366515403875507,2.6445828783148455,-0.45610286953246304,0.02454369260617026,-1.8054953873413997,1.564660403643354,1.3330293046726223,2.6399809359511885,-0.46019423636569234
24145.455986652,3597147943,2892,2891,1,0,9,64.96903600054793,-38,63,2.297551789077218,-96.44039735099338,95.71115973741794,48.02494802494803,0.024420024420024333,3.673769287288758,0.029973580155906066,-1.8067493658414302,1.5681761399173837,1.3366515403875507,2.6445828783148455,-0.45610286953246304,0.02454369260617026,-1.8054953873413997,1.564660403643354,1.3330293046726223,2.6399809359511885,-0.46019423636569234
24145.556060475,3597147943,2895,2894,1,0,9,65.30418800321058,-38,63,2.297551789077218,-96.44039735099338,95.71115973741794,48.02494802494803,0.024420024420024333,3.673769287288758,0.029973580155906066,-1.8067493658414302,1.5681761399173837,1.3366515403875507,2.6445828783148455,-0.45610286953246304,0.02454369260617026,-1.8054953873413997,1.564660403643354,1.3330293046726223,2.6399809359511885,-0.46019423636569234
24145.656225564,3597147943,2898,2897,1,0,9,65.40437000148813,-38,63,2.297551789077218,-96.44039735099338,95.71115973741794,48.02494802494803,0.024420024420024333,3.673769287288758,0.029973580155906066,-1.8067493658414302,1.5681761399173837,1.3366515403875507,2.6445828783148455,-0.45610286953246304,0.02454369260617026,-1.8054953873413997,1.564660403643354,1.3330293046726223,2.6399809359511885,-0.46019423636569234
24145.756078302,3597147943,2901,2900,1,0,9,65.13458199697197,-38,63,2.297551789077218,-96.44039735099338,95.71115973741794,48.02494802494803,0.024420024420024333,3.673769287288758,0.029973580155906066,-1.8067493658414302,1.5681761399173837,1.3366515403875507,2.6445828783148455,-0.45610286953246304,0.02454369260617026,-1.8054953873413997,1.564660403643354,1.3330293046726223,2.6399809359511885,-0.46019423636569234
24145.856180501,3597147943,2904,2903,1,0,8,65.37646200013114,-38,63,2.297551789077218,-96.44039735099338,95.71115973741794,48.02494802494803,0.024420024420024333,3.673769287288758,0.029973580155906066,-1.8067493658414302,1.5681761399173837,1.3366515403875507,2.6445828783148455,-0.45610286953246304,0.02454369260617026,-1.8054953873413997,1.564660403643354,1.3330293046726223,2.6399809359511885,-0.46019423636569234
24145.956160605,3597147943,2907,2906,1,0,9,65.18316300207516,-38,63,2.297551789077218,-96.44039735099338,95.71115973741794,48.02494802494803,0.024420024420024333,3.673769287288758,0.029973580155906066,-1.8067493658414302,1.5681761399173837,1.3366515403875507,2.6445828783148455,-0.45610286953246304,0.02454369260617026,-1.8054953873413997,1.564660403643354,1.3330293046726223,2.6399809359511885,-0.46019423636569234
24146.056174476,3597147943,2910,2909,1,0,6,65.15501200192375,-40,63,2.297551789077218,-96.44039735099338,95.71115973741794,48.02494802494803,0.024420024420024333,3.673769287288758,0.029973580155906066,-1.8067493658414302,1.5681761399173837,1.3366515403875507,2.6445828783148455,-0.45610286953246304,0.02454369260617026,-1.8054953873413997,1.564660403643354,1.3330293046726223,2.6399809359511885,-0.46019423636569234
24146.156157832,3597147943,2913,2912,1,0,10,65.18616899847984,-40,63,2.297551789077218,-96.44039735099338,95.71115973741794,48.02494802494803,0.024420024420024333,3.673769287288758,0.029973580155906066,-1.8067493658414302,1.5681761399173837,1.3366515403875507,2.6445828783148455,-0.45610286953246304,0.02454369260617026,-1.8054953873413997,1.564660403643354,1.3330293046726223,2.6399809359511885,-0.46019423636569234
24146.256016076,3597147943,2916,2915,1,0,10,65.04109600064112,-40,63,2.297551789077218,-96.44039735099338,95.71115973741794,48.02494802494803,0.024420024420024333,3.673769287288758,0.029973580155906066,-1.8067493658414302,1.5681761399173837,1.3366515403875507,2.6445828783148455,-0.45610286953246304,0.02454369260617026,-1.8054953873413997,1.564660403643354,1.3330293046726223,2.6399809359511885,-0.46019423636569234
24146.35606759,3597147943,2919,2918,1,0,9,65.1874899995164,-40,63,2.297551789077218,-96.44039735099338,95.71115973741794,48.02494802494803,0.024420024420024333,3.673769287288758,0.029973580155906066,-1.8067493658414302,1.5681761399173837,1.3366515403875507,2.6445828783148455,-0.45610286953246304,0.02454369260617026,-1.8054953873413997,1.564660403643354,1.3330293046726223,2.6399809359511885,-0.46019423636569234
24146.456283688,3597147943,2922,2921,1,0,12,65.14527699982864,-40,63,2.297551789077218,-96.44039735099338,95.71115973741794,48.02494802494803,0.024420024420024333,3.673769287288758,0.029973580155906066,-1.8067493658414302,1.5681761399173837,1.3366515403875507,2.6445828783148455,-0.45610286953246304,0.02454369260617026,-1.8054953873413997,1.564660403643354,1.3330293046726223,2.6399809359511885,-0.46019423636569234
24146.556122276,3597147943,2925,2924,1,0,10,64.9456060018565,-40,63,2.297551789077218,-96.44039735099338,95.71115973741794,48.02494802494803,0.024420024420024333,3.673769287288758,0.029973580155906066,-1.8067493658414302,1.5681761399173837,1.3366515403875507,2.6445828783148455,-0.45610286953246304,0.02454369260617026,-1.8054953873413997,1.564660403643354,1.3330293046726223,2.6399809359511885,-0.46019423636569234
24146.656221171,3597147943,2928,2927,1,0,10,65.31664600333897,-40,63,2.297551789077218,-96.44039735099338,95.71115973741794,48.02494802494803,0.024420024420024333,3.673769287288758,0.029973580155906066,-1.8067493658414302,1.5681761399173837,1.3366515403875507,2.6445828783148455,-0.45610286953246304,0.02454369260617026,-1.8054953873413997,1.564660403643354,1.3330293046726223,2.6399809359511885,-0.46019423636569234
24146.756154309,3597147943,2931,2930,1,0,10,65.00704700010829,-40,63,2.297551789077218,-96.44039735099338,95.71115973741794,48.02494802494803,0.024420024420024333,3.673769287288758,0.029973580155906066,-1.8067493658414302,1.5681761399173837,1.3366515403875507,2.6445828783148455,-0.45610286953246304,0.02454369260617026,-1.8054953873413997,1.564660403643354,1.3330293046726223,2.6399809359511885,-0.46019423636569234
24146.856084749,3597147943,2934,2933,1,0,13,64.99881600029767,-40,63,2.297551789077218,-96.44039735099338,95.71115973741794,48.02494802494803,0.024420024420024333,3.673769287288758,0.029973580155906066,-1.8067493658414302,1.5681761399173837,1.3366515403875507,2.6445828783148455,-0.45610286953246304,0.02454369260617026,-1.8054953873413997,1.564660403643354,1.3330293046726223,2.6399809359511885,-0.46019423636569234
24146.956180637,3597147943,2937,2936,1,0,13,65.4684900000575,-40,63,2.297551789077218,-96.44039735099338,95.71115973741794,48.02494802494803,0.024420024420024333,3.673769287288758,0.029973580155906066,-1.8067493658414302,1.5681761399173837,1.3366515403875507,2.6445828783148455,-0.45610286953246304,0.02454369260617026,-1.8054953873413997,1.564660403643354,1.3330293046726223,2.6399809359511885,-0.46019423636569234
24147.056182265,3597147943,2940,2939,1,0,10,65.34187900251709,-40,63,2.297551789077218,-96.44039735099338,95.71115973741794,48.02494802494803,0.024420024420024333,3.673769287288758,0.029973580155906066,-1.8067493658414302,1.5681761399173837,1.3366515403875507,2.6445828783148455,-0.45610286953246304,0.02454369260617026,-1.8054953873413997,1.564660403643354,1.3330293046726223,2.6399809359511885,-0.46019423636569234
24147.156172736,3597147943,2943,2942,1,0,7,65.06498499948066,-37,63,2.297551789077218,-96.44039735099338,95.71115973741794,48.02494802494803,0.024420024420024333,3.673769287288758,0.029973580155906066,-1.8067493658414302,1.5681761399173837,1.3366515403875507,2.6445828783148455,-0.45610286953246304,0.02454369260617026,-1.8054953873413997,1.564660403643354,1.3330293046726223,2.6399809359511885,-0.46019423636569234
24147.255961437,3597147943,2946,2945,1,0,9,64.85807400167687,-37,63,2.297551789077218,-96.44039735099338,95.71115973741794,48.02494802494803,0.024420024420024333,3.673769287288758,0.029973580155906066,-1.8067493658414302,1.5681761399173837,1.3366515403875507,2.6445828783148455,-0.45610286953246304,0.02454369260617026,-1.8054953873413997,1.564660403643354,1.3330293046726223,2.6399809359511885,-0.46019423636569234
24147.356101142,3597147943,2949,2948,1,0,3,65.14405599955353,-37,63,2.297551789077218,-96.44039735099338,95.71115973741794,48.02494802494803,0.024420024420024333,3.673769287288758,0.029973580155906066,-1.8067493658414302,1.5681761399173837,1.3366515403875507,2.6445828783148455,-0.45610286953246304,0.02454369260617026,-1.8054953873413997,1.564660403643354,1.3330293046726223,2.6399809359511885,-0.46019423636569234
24147.455977284,3597147943,2952,2951,1,0,10,65.20454600104131,-37,63,2.297551789077218,-96.44039735099338,95.71115973741794,48.02494802494803,0.024420024420024333,3.673769287288758,0.029973580155906066,-1.8067493658414302,1.5681761399173837,1.3366515403875507,2.6445828783148455,-0.45610286953246304,0.02454369260617026,-1.8054953873413997,1.564660403643354,1.3330293046726223,2.6399809359511885,-0.46019423636569234
24147.555951655,3597147943,2955,2954,1,0,10,65.14213899936294,-37,63,2.297551789077218,-96.44039735099338,95.71115973741794,48.02494802494803,0.024420024420024333,3.673769287288758,0.029973580155906066,-1.8067493658414302,1.5681761399173837,1.3366515403875507,2.6445828783148455,-0.45610286953246304,0.02454369260617026,-1.8054953873413997,1.564660403643354,1.3330293046726223,2.6399809359511885,-0.46019423636569234
24147.655925608,3597147943,2958,2957,1,0,9,65.26393300009659,-37,63,2.297551789077218,-96.44039735099338,95.71115973741794,48.02494802494803,0.024420024420024333,3.673769287288758,0.029973580155906066,-1.8067493658414302,1.5681761399173837,1.3366515403875507,2.6445828783148455,-0.45610286953246304,0.02454369260617026,-1.8054953873413997,1.564660403643354,1.3330293046726223,2.6399809359511885,-0.46019423636569234
24147.755932883,3597147943,2961,2960,1,0,6,65.2456970019557,-37,63,2.297551789077218,-96.44039735099338,95.71115973741794,48.02494802494803,0.024420024420024333,3.673769287288758,0.029973580155906066,-1.8067493658414302,1.5681761399173837,1.3366515403875507,2.6445828783148455,-0.45610286953246304,0.02454369260617026,-1.8054953873413997,1.564660403643354,1.3330293046726223,2.6399809359511885,-0.46019423636569234
24147.855950595,3597147943,2964,2963,1,0,10,65.26600700090057,-37,63,2.297551789077218,-96.44039735099338,95.71115973741794,48.02494802494803,0.024420024420024333,3.673769287288758,0.029973580155906066,-1.8067493658414302,1.5681761399173837,1.3366515403875507,2.6445828783148455,-0.45610286953246304,0.02454369260617026,-1.8054953873413997,1.564660403643354,1.3330293046726223,2.6399809359511885,-0.46019423636569234
24147.955966608,3597147943,2967,2966,1,0,10,65.16174799980945,-37,63,2.297551789077218,-96.44039735099338,95.71115973741794,48.02494802494803,0.024420024420024333,3.673769287288758,0.029973580155906066,-1.8067493658414302,1.5681761399173837,1.3366515403875507,2.6445828783148455,-0.45610286953246304,0.02454369260617026,-1.8054953873413997,1.564660403643354,1.3330293046726223,2.6399809359511885,-0.46019423636569234
24148.056066509,3597147943,2970,2969,1,0,10,65.27028299751692,-37,63,2.297551789077218,-96.44039735099338,95.71115973741794,48.02494802494803,0.024420024420024333,3.673769287288758,0.029973580155906066,-1.8067493658414302,1.5681761399173837,1.3366515403875507,2.6445828783148455,-0.45610286953246304,0.02454369260617026,-1.8054953873413997,1.564660403643354,1.3330293046726223,2.6399809359511885,-0.46019423636569234
24148.156072269,3597147943,2973,2972,1,0,10,64.94661699980497,-37,63,2.297551789077218,-96.44039735099338,95.71115973741794,48.02494802494803,0.024420024420024333,3.673769287288758,0.029973580155906066,-1.8067493658414302,1.5681761399173837,1.3366515403875507,2.6445828783148455,-0.45610286953246304,0.02454369260617026,-1.8054953873413997,1.564660403643354,1.3330293046726223,2.6399809359511885,-0.46019423636569234
24148.256054435,3597147943,2976,2975,1,0,14,65.04403000144521,-37,63,2.297551789077218,-96.44039735099338,95.71115973741794,48.02494802494803,0.024420024420024333,3.673769287288758,0.029973580155906066,-1.8067493658414302,1.5681761399173837,1.3366515403875507,2.6445828783148455,-0.45610286953246304,0.02454369260617026,-1.8054953873413997,1.564660403643354,1.3330293046726223,2.6399809359511885,-0.46019423636569234
24148.355959227,3597147943,2979,2978,1,0,9,65.1918450021185,-40,63,2.297551789077218,-96.44039735099338,95.71115973741794,48.02494802494803,0.024420024420024333,3.673769287288758,0.029973580155906066,-1.8067493658414302,1.5681761399173837,1.3366515403875507,2.6445828783148455,-0.45610286953246304,0.02454369260617026,-1.8054953873413997,1.564660403643354,1.3330293046726223,2.6399809359511885,-0.46019423636569234
24148.455979789,3597147943,2982,2981,1,0,14,65.21169899860979,-40,63,2.297551789077218,-96.44039735099338,95.71115973741794,48.02494802494803,0.024420024420024333,3.673769287288758,0.029973580155906066,-1.8067493658414302,1.5681761399173837,1.3366515403875507,2.6445828783148455,-0.45610286953246304,0.02454369260617026,-1.8054953873413997,1.564660403643354,1.3330293046726223,2.6399809359511885,-0.46019423636569234
24148.556056461,3597147943,2985,2984,1,0,10,65.19864599977154,-40,63,2.297551789077218,-96.44039735099338,95.71115973741794,48.02494802494803,0.024420024420024333,3.673769287288758,0.029973580155906066,-1.8067493658414302,1.5681761399173837,1.3366515403875507,2.6445828783148455,-0.45610286953246304,0.02454369260617026,-1.8054953873413997,1.564660403643354,1.3330293046726223,2.6399809359511885,-0.46019423636569234
24148.656059032,3597147943,2988,2987,1,0,13,65.18689500080654,-40,63,2.297551789077218,-96.44039735099338,95.71115973741794,48.02494802494803,0.024420024420024333,3.673769287288758,0.029973580155906066,-1.8067493658414302,1.5681761399173837,1.3366515403875507,2.6445828783148455,-0.45610286953246304,0.02454369260617026,-1.8054953873413997,1.564660403643354,1.3330293046726223,2.6399809359511885,-0.46019423636569234
24148.756019186,3597147943,2991,2990,1,0,10,65.15833699813811,-40,63,2.297551789077218,-96.44039735099338,95.71115973741794,48.02494802494803,0.024420024420024333,3.673769287288758,0.029973580155906066,-1.8067493658414302,1.5681761399173837,1.3366515403875507,2.6445828783148455,-0.45610286953246304,0.02454369260617026,-1.8054953873413997,1.564660403643354,1.3330293046726223,2.6399809359511885,-0.46019423636569234
24148.855944922,3597147943,2994,2993,1,0,10,65.13403300050413,-40,63,2.297551789077218,-96.44039735099338,95.71115973741794,48.02494802494803,0.024420024420024333,3.673769287288758,0.029973580155906066,-1.8067493658414302,1.5681761399173837,1.3366515403875507,2.6445828783148455,-0.45610286953246304,0.02454369260617026,-1.8054953873413997,1.564660403643354,1.3330293046726223,2.6399809359511885,-0.46019423636569234
24148.956041355,3597147943,2997,2996,1,0,3,65.30161499904352,-40,63,2.297551789077218,-96.44039735099338,95.71115973741794,48.02494802494803,0.024420024420024333,3.673769287288758,0.029973580155906066,-1.8067493658414302,1.5681761399173837,1.3366515403875507,2.6445828783148455,-0.45610286953246304,0.02454369260617026,-1.8054953873413997,1.564660403643354,1.3330293046726223,2.6399809359511885,-0.46019423636569234
24149.056106804,3597147943,3000,2999,1,0,10,65.4000599970459,-40,63,2.297551789077218,-96.44039735099338,95.71115973741794,48.02494802494803,0.024420024420024333,3.673769287288758,0.029973580155906066,-1.8067493658414302,1.5681761399173837,1.3366515403875507,2.6445828783148455,-0.45610286953246304,0.02454369260617026,-1.8054953873413997,1.564660403643354,1.3330293046726223,2.6399809359511885,-0.46019423636569234
24149.156176449,3597147943,3003,3002,1,0,13,65.28958999842871,-40,63,2.297551789077218,-96.44039735099338,95.71115973741794,48.02494802494803,0.024420024420024333,3.673769287288758,0.029973580155906066,-1.8067493658414302,1.5681761399173837,1.3366515403875507,2.6445828783148455,-0.45610286953246304,0.02454369260617026,-1.8054953873413997,1.564660403643354,1.3330293046726223,2.6399809359511885,-0.46019423636569234
24149.256270949,3597147943,3006,3005,1,0,9,65.19364800260519,-40,63,2.297551789077218,-96.44039735099338,95.71115973741794,48.02494802494803,0.024420024420024333,3.673769287288758,0.029973580155906066,-1.8067493658414302,1.5681761399173837,1.3366515403875507,2.6445828783148455,-0.45610286953246304,0.02454369260617026,-1.8054953873413997,1.564660403643354,1.3330293046726223,2.6399809359511885,-0.46019423636569234
24149.356110467,3597147943,3009,3008,1,0,9,65.27867900149431,-40,63,2.297551789077218,-96.44039735099338,95.71115973741794,48.02494802494803,0.024420024420024333,3.673769287288758,0.029973580155906066,-1.8067493658414302,1.5681761399173837,1.3366515403875507,2.6445828783148455,-0.45610286953246304,0.02454369260617026,-1.8054953873413997,1.564660403643354,1.3330293046726223,2.6399809359511885,-0.46019423636569234
24149.456202643,3597147943,3012,3011,1,0,9,65.39029899795423,-39,63,2.297551789077218,-96.44039735099338,95.71115973741794,48.02494802494803,0.024420024420024333,3.673769287288758,0.029973580155906066,-1.8067493658414302,1.5681761399173837,1.3366515403875507,2.6445828783148455,-0.45610286953246304,0.02454369260617026,-1.8054953873413997,1.564660403643354,1.3330293046726223,2.6399809359511885,-0.46019423636569234
24149.556047642,3597147943,3015,3014,1,0,9,65.18417600091198,-39,63,2.297551789077218,-96.44039735099338,95.71115973741794,48.02494802494803,0.024420024420024333,3.673769287288758,0.029973580155906066,-1.8067493658414302,1.5681761399173837,1.3366515403875507,2.6445828783148455,-0.45610286953246304,0.02454369260617026,-1.8054953873413997,1.564660403643354,1.3330293046726223,2.6399809359511885,-0.46019423636569234
24149.656012508,3597147943,3018,3017,1,0,13,65.18946399955894,-39,63,2.297551789077218,-96.44039735099338,95.71115973741794,48.02494802494803,0.024420024420024333,3.673769287288758,0.029973580155906066,-1.8067493658414302,1.5681761399173837,1.3366515403875507,2.6445828783148455,-0.45610286953246304,0.02454369260617026,-1.8054953873413997,1.564660403643354,1.3330293046726223,2.6399809359511885,-0.46019423636569234
24149.756028762,3597147943,3021,3020,1,0,10,65.19530500008841,-39,63,2.297551789077218,-96.44039735099338,95.71115973741794,48.02494802494803,0.024420024420024333,3.673769287288758,0.029973580155906066,-1.8067493658414302,1.5681761399173837,1.3366515403875507,2.6445828783148455,-0.45610286953246304,0.02454369260617026,-1.8054953873413997,1.564660403643354,1.3330293046726223,2.6399809359511885,-0.46019423636569234
24149.856015332,3597147943,3024,3023,1,0,10,65.4013120001764,-39,63,2.297551789077218,-96.44039735099338,95.71115973741794,48.02494802494803,0.024420024420024333,3.673769287288758,0.029973580155906066,-1.8067493658414302,1.5681761399173837,1.3366515403875507,2.6445828783148455,-0.45610286953246304,0.02454369260617026,-1.8054953873413997,1.564660403643354,1.3330293046726223,2.6399809359511885,-0.46019423636569234
24149.95599824,3597147943,3027,3026,1,0,6,65.13714700122364,-39,63,2.297551789077218,-96.44039735099338,95.71115973741794,48.02494802494803,0.024420024420024333,3.673769287288758,0.029973580155906066,-1.8067493658414302,1.5681761399173837,1.3366515403875507,2.6445828783148455,-0.45610286953246304,0.02454369260617026,-1.8054953873413997,1.564660403643354,1.3330293046726223,2.6399809359511885,-0.46019423636569234
24150.056054842,3597147943,3030,3029,1,0,10,65.34838399966247,-39,63,2.297551789077218,-96.44039735099338,95.71115973741794,48.02494802494803,0.024420024420024333,3.673769287288758,0.029973580155906066,-1.8067493658414302,1.5681761399173837,1.3366515403875507,2.6445828783148455,-0.45610286953246304,0.02454369260617026,-1.8054953873413997,1.564660403643354,1.3330293046726223,2.6399809359511885,-0.46019423636569234
24150.156212801,3597147943,3033,3032,1,0,13,65.43444500130136,-39,63,2.297551789077218,-96.44039735099338,95.71115973741794,48.02494802494803,0.024420024420024333,3.673769287288758,0.029973580155906066,-1.8067493658414302,1.5681761399173837,1.3366515403875507,2.6445828783148455,-0.45610286953246304,0.02454369260617026,-1.8054953873413997,1.564660403643354,1.3330293046726223,2.6399809359511885,-0.46019423636569234
24150.256186218,3597147943,3036,3035,1,0,10,65.23752500288538,-39,63,2.297551789077218,-96.44039735099338,95.71115973741794,48.02494802494803,0.024420024420024333,3.673769287288758,0.029973580155906066,-1.8067493658414302,1.5681761399173837,1.3366515403875507,2.6445828783148455,-0.45610286953246304,0.02454369260617026,-1.8054953873413997,1.564660403643354,1.3330293046726223,2.6399809359511885,-0.46019423636569234
24150.356172539,3597147943,3039,3038,1,0,10,65.11350499931723,-39,63,2.297551789077218,-96.44039735099338,95.71115973741794,48.02494802494803,0.024420024420024333,3.673769287288758,0.029973580155906066,-1.8067493658414302,1.5681761399173837,1.3366515403875507,2.6445828783148455,-0.45610286953246304,0.02454369260617026,-1.8054953873413997,1.564660403643354,1.3330293046726223,2.6399809359511885,-0.46019423636569234
24150.456148772,3597147943,3042,3041,1,0,6,65.08311799916555,-39,63,2.297551789077218,-96.44039735099338,95.71115973741794,48.02494802494803,0.024420024420024333,3.673769287288758,0.029973580155906066,-1.8067493658414302,1.5681761399173837,1.3366515403875507,2.6445828783148455,-0.45610286953246304,0.02454369260617026,-1.8054953873413997,1.564660403643354,1.3330293046726223,2.6399809359511885,-0.46019423636569234
24150.556025915,3597147943,3045,3044,1,0,9,65.1392069994472,-40,63,2.297551789077218,-96.44039735099338,95.71115973741794,48.02494802494803,0.024420024420024333,3.673769287288758,0.029973580155906066,-1.8067493658414302,1.5681761399173837,1.3366515403875507,2.6445828783148455,-0.45610286953246304,0.02454369260617026,-1.8054953873413997,1.564660403643354,1.3330293046726223,2.6399809359511885,-0.46019423636569234
24150.655979386,3597147943,3048,3047,1,0,9,65.08627299990621,-40,63,2.297551789077218,-96.44039735099338,95.71115973741794,48.02494802494803,0.024420024420024333,3.673769287288758,0.029973580155906066,-1.8067493658414302,1.5681761399173837,1.3366515403875507,2.6445828783148455,-0.45610286953246304,0.02454369260617026,-1.8054953873413997,1.564660403643354,1.3330293046726223,2.6399809359511885,-0.46019423636569234
24150.756083708,3597147943,3051,3050,1,0,9,65.14049999896088,-40,63,2.297551789077218,-96.44039735099338,95.71115973741794,48.02494802494803,0.024420024420024333,3.673769287288758,0.029973580155906066,-1.8067493658414302,1.5681761399173837,1.3366515403875507,2.6445828783148455,-0.45610286953246304,0.02454369260617026,-1.8054953873413997,1.564660403643354,1.3330293046726223,2.6399809359511885,-0.46019423636569234
24150.855981888,3597147943,3054,3053,1,0,12,65.11053199938033,-40,63,2.297551789077218,-96.44039735099338,95.71115973741794,48.02494802494803,0.024420024420024333,3.673769287288758,0.029973580155906066,-1.8067493658414302,1.5681761399173837,1.3366515403875507,2.6445828783148455,-0.45610286953246304,0.02454369260617026,-1.8054953873413997,1.564660403643354,1.3330293046726223,2.6399809359511885,-0.46019423636569234
24150.956013633,3597147943,3057,3056,1,0,9,65.05138899956364,-40,63,2.297551789077218,-96.44039735099338,95.71115973741794,48.02494802494803,0.024420024420024333,3.673769287288758,0.029973580155906066,-1.8067493658414302,1.5681761399173837,1.3366515403875507,2.6445828783148455,-0.45610286953246304,0.02454369260617026,-1.8054953873413997,1.564660403643354,1.3330293046726223,2.6399809359511885,-0.46019423636569234
24151.056154815,3597147943,3060,3059,1,0,10,65.4627129988512,-40,63,2.297551789077218,-96.44039735099338,95.71115973741794,48.02494802494803,0.024420024420024333,3.673769287288758,0.029973580155906066,-1.8067493658414302,1.5681761399173837,1.3366515403875507,2.6445828783148455,-0.45610286953246304,0.02454369260617026,-1.8054953873413997,1.564660403643354,1.3330293046726223,2.6399809359511885,-0.46019423636569234
24151.156099435,3597147943,3063,3062,1,0,10,65.38797200119006,-40,63,2.297551789077218,-96.44039735099338,95.71115973741794,48.02494802494803,0.024420024420024333,3.673769287288758,0.029973580155906066,-1.8067493658414302,1.5681761399173837,1.3366515403875507,2.6445828783148455,-0.45610286953246304,0.02454369260617026,-1.8054953873413997,1.564660403643354,1.3330293046726223,2.6399809359511885,-0.46019423636569234
24151.256009318,3597147943,3066,3065,1,0,9,65.30102800024906,-40,63,2.297551789077218,-96.44039735099338,95.71115973741794,48.02494802494803,0.024420024420024333,3.673769287288758,0.029973580155906066,-1.8067493658414302,1.5681761399173837,1.3366515403875507,2.6445828783148455,-0.45610286953246304,0.02454369260617026,-1.8054953873413997,1.564660403643354,1.3330293046726223,2.6399809359511885,-0.46019423636569234
24151.355936039,3597147943,3069,3068,1,0,10,65.1275620002707,-40,63,2.297551789077218,-96.44039735099338,95.71115973741794,48.02494802494803,0.024420024420024333,3.673769287288758,0.029973580155906066,-1.8067493658414302,1.5681761399173837,1.3366515403875507,2.6445828783148455,-0.45610286953246304,0.02454369260617026,-1.8054953873413997,1.564660403643354,1.3330293046726223,2.6399809359511885,-0.46019423636569234
24151.456094928,3597147943,3072,3071,1,0,8,65.38555500083021,-40,63,2.297551789077218,-96.44039735099338,95.71115973741794,48.02494802494803,0.024420024420024333,3.673769287288758,0.029973580155906066,-1.8067493658414302,1.5681761399173837,1.3366515403875507,2.6445828783148455,-0.45610286953246304,0.02454369260617026,-1.8054953873413997,1.564660403643354,1.3330293046726223,2.6399809359511885,-0.46019423636569234
24151.556019028,3597147943,3075,3074,1,0,3,65.19959900106187,-40,63,2.297551789077218,-96.44039735099338,95.71115973741794,48.02494802494803,0.024420024420024333,3.673769287288758,0.029973580155906066,-1.8067493658414302,1.5681761399173837,1.3366515403875507,2.6445828783148455,-0.45610286953246304,0.02454369260617026,-1.8054953873413997,1.564660403643354,1.3330293046726223,2.6399809359511885,-0.46019423636569234
24151.655978736,3597147943,3078,3077,1,0,9,65.11171799866133,-39,63,2.297551789077218,-96.44039735099338,95.71115973741794,48.02494802494803,0.024420024420024333,3.673769287288758,0.029973580155906066,-1.8067493658414302,1.5681761399173837,1.3366515403875507,2.6445828783148455,-0.45610286953246304,0.02454369260617026,-1.8054953873413997,1.564660403643354,1.3330293046726223,2.6399809359511885,-0.46019423636569234
24151.756016342,3597147943,3081,3080,1,0,13,64.98958000156563,-39,63,2.297551789077218,-96.44039735099338,95.71115973741794,48.02494802494803,0.024420024420024333,3.673769287288758,0.029973580155906066,-1.8067493658414302,1.5681761399173837,1.3366515403875507,2.6445828783148455,-0.45610286953246304,0.02454369260617026,-1.8054953873413997,1.564660403643354,1.3330293046726223,2.6399809359511885,-0.46019423636569234
24151.855939093,3597147943,3084,3083,1,0,9,65.13042599908658,-39,63,2.297551789077218,-96.44039735099338,95.71115973741794,48.02494802494803,0.024420024420024333,3.673769287288758,0.029973580155906066,-1.8067493658414302,1.5681761399173837,1.3366515403875507,2.6445828783148455,-0.45610286953246304,0.02454369260617026,-1.8054953873413997,1.564660403643354,1.3330293046726223,2.6399809359511885,-0.46019423636569234
24151.95599326,3597147943,3087,3086,1,0,4,65.05284999730065,-39,63,2.297551789077218,-96.44039735099338,95.71115973741794,48.02494802494803,0.024420024420024333,3.673769287288758,0.029973580155906066,-1.8067493658414302,1.5681761399173837,1.3366515403875507,2.6445828783148455,-0.45610286953246304,0.02454369260617026,-1.8054953873413997,1.564660403643354,1.3330293046726223,2.6399809359511885,-0.46019423636569234
24152.056143907,3597147943,3090,3089,1,0,9,65.38458800059743,-39,63,2.297551789077218,-96.44039735099338,95.71115973741794,48.02494802494803,0.024420024420024333,3.673769287288758,0.029973580155906066,-1.8067493658414302,1.5681761399173837,1.3366515403875507,2.6445828783148455,-0.45610286953246304,0.02454369260617026,-1.8054953873413997,1.564660403643354,1.3330293046726223,2.6399809359511885,-0.46019423636569234
24152.15630212,3597147943,3093,3092,1,0,10,65.59047200062196,-39,63,2.297551789077218,-96.44039735099338,95.71115973741794,48.02494802494803,0.024420024420024333,3.673769287288758,0.029973580155906066,-1.8067493658414302,1.5681761399173837,1.3366515403875507,2.6445828783148455,-0.45610286953246304,0.02454369260617026,-1.8054953873413997,1.564660403643354,1.3330293046726223,2.6399809359511885,-0.46019423636569234
24152.256157242,3597147943,3096,3095,1,0,10,65.24691400045413,-39,63,2.297551789077218,-96.44039735099338,95.71115973741794,48.02494802494803,0.024420024420024333,3.673769287288758,0.029973580155906066,-1.8067493658414302,1.5681761399173837,1.3366515403875507,2.6445828783148455,-0.45610286953246304,0.02454369260617026,-1.8054953873413997,1.564660403643354,1.3330293046726223,2.6399809359511885,-0.46019423636569234
24152.35617128,3597147943,3099,3098,1,0,12,65.29140799830202,-39,63,2.297551789077218,-96.44039735099338,95.71115973741794,48.02494802494803,0.024420024420024333,3.673769287288758,0.029973580155906066,-1.8067493658414302,1.5681761399173837,1.3366515403875507,2.6445828783148455,-0.45610286953246304,0.02454369260617026,-1.8054953873413997,1.564660403643354,1.3330293046726223,2.6399809359511885,-0.46019423636569234
24152.456272905,3597147943,3102,3101,1,0,10,65.46012800026801,-39,63,2.297551789077218,-96.44039735099338,95.71115973741794,48.02494802494803,0.024420024420024333,3.673769287288758,0.029973580155906066,-1.8067493658414302,1.5681761399173837,1.3366515403875507,2.6445828783148455,-0.45610286953246304,0.02454369260617026,-1.8054953873413997,1.564660403643354,1.3330293046726223,2.6399809359511885,-0.46019423636569234
24152.556076661,3597147943,3105,3104,1,0,10,65.33761000173399,-39,63,2.297551789077218,-96.44039735099338,95.71115973741794,48.02494802494803,0.024420024420024333,3.673769287288758,0.029973580155906066,-1.8067493658414302,1.5681761399173837,1.3366515403875507,2.6445828783148455,-0.45610286953246304,0.02454369260617026,-1.8054953873413997,1.564660403643354,1.3330293046726223,2.6399809359511885,-0.46019423636569234
24152.656073043,3597147943,3108,3107,1,0,10,65.1558820027276,-39,63,2.297551789077218,-96.44039735099338,95.71115973741794,48.02494802494803,0.024420024420024333,3.673769287288758,0.029973580155906066,-1.8067493658414302,1.5681761399173837,1.3366515403875507,2.6445828783148455,-0.45610286953246304,0.02454369260617026,-1.8054953873413997,1.564660403643354,1.3330293046726223,2.6399809359511885,-0.46019423636569234
24152.756043971,3597147943,3111,3110,1,0,10,65.2729499997804,-39,63,2.297551789077218,-96.44039735099338,95.71115973741794,48.02494802494803,0.024420024420024333,3.673769287288758,0.029973580155906066,-1.8067493658414302,1.5681761399173837,1.3366515403875507,2.6445828783148455,-0.45610286953246304,0.02454369260617026,-1.8054953873413997,1.564660403643354,1.3330293046726223,2.6399809359511885,-0.46019423636569234
24152.855958,3597147943,3114,3113,1,0,5,65.14843799959635,-37,63,2.297551789077218,-96.44039735099338,95.71115973741794,48.02494802494803,0.024420024420024333,3.673769287288758,0.029973580155906066,-1.8067493658414302,1.5681761399173837,1.3366515403875507,2.6445828783148455,-0.45610286953246304,0.02454369260617026,-1.8054953873413997,1.564660403643354,1.3330293046726223,2.6399809359511885,-0.46019423636569234
24152.956067394,3597147943,3117,3116,1,0,8,65.1549399990472,-37,63,2.297551789077218,-96.44039735099338,95.71115973741794,48.02494802494803,0.024420024420024333,3.673769287288758,0.029973580155906066,-1.8067493658414302,1.5681761399173837,1.3366515403875507,2.6445828783148455,-0.45610286953246304,0.02454369260617026,-1.8054953873413997,1.564660403643354,1.3330293046726223,2.6399809359511885,-0.46019423636569234
24153.056305575,3597147943,3120,3119,1,0,9,65.40060000043013,-37,63,2.297551789077218,-96.44039735099338,95.71115973741794,48.02494802494803,0.024420024420024333,3.673769287288758,0.029973580155906066,-1.8067493658414302,1.5681761399173837,1.3366515403875507,2.6445828783148455,-0.45610286953246304,0.02454369260617026,-1.8054953873413997,1.564660403643354,1.3330293046726223,2.6399809359511885,-0.46019423636569234
24153.15628533,3597147943,3123,3122,1,0,9,65.19084499814198,-37,63,2.297551789077218,-96.44039735099338,95.71115973741794,48.02494802494803,0.024420024420024333,3.673769287288758,0.029973580155906066,-1.8067493658414302,1.5681761399173837,1.3366515403875507,2.6445828783148455,-0.45610286953246304,0.02454369260617026,-1.8054953873413997,1.564660403643354,1.3330293046726223,2.6399809359511885,-0.46019423636569234
24153.256169778,3597147943,3126,3125,1,0,8,65.08135799958836,-37,63,2.297551789077218,-96.44039735099338,95.71115973741794,48.02494802494803,0.024420024420024333,3.673769287288758,0.029973580155906066,-1.8067493658414302,1.5681761399173837,1.3366515403875507,2.6445828783148455,-0.45610286953246304,0.02454369260617026,-1.8054953873413997,1.564660403643354,1.3330293046726223,2.6399809359511885,-0.46019423636569234
24153.356182819,3597147943,3129,3128,1,0,9,65.30101400130661,-37,63,2.297551789077218,-96.44039735099338,95.71115973741794,48.02494802494803,0.024420024420024333,3.673769287288758,0.029973580155906066,-1.8067493658414302,1.5681761399173837,1.3366515403875507,2.6445828783148455,-0.45610286953246304,0.02454369260617026,-1.8054953873413997,1.564660403643354,1.3330293046726223,2.6399809359511885,-0.46019423636569234
24153.456288448,3597147943,3132,3131,1,0,9,65.38099199678982,-37,63,2.297551789077218,-96.44039735099338,95.71115973741794,48.02494802494803,0.024420024420024333,3.673769287288758,0.029973580155906066,-1.8067493658414302,1.5681761399173837,1.3366515403875507,2.6445828783148455,-0.45610286953246304,0.02454369260617026,-1.8054953873413997,1.564660403643354,1.3330293046726223,2.6399809359511885,-0.46019423636569234
24153.555980237,3597147943,3135,3134,1,0,9,65.0125210013357,-37,63,2.297551789077218,-96.44039735099338,95.71115973741794,48.02494802494803,0.024420024420024333,3.673769287288758,0.029973580155906066,-1.8067493658414302,1.5681761399173837,1.3366515403875507,2.6445828783148455,-0.45610286953246304,0.02454369260617026,-1.8054953873413997,1.564660403643354,1.3330293046726223,2.6399809359511885,-0.46019423636569234
24153.656166026,3597147943,3138,3137,1,0,9,65.55556300008902,-37,63,2.297551789077218,-96.44039735099338,95.71115973741794,48.02494802494803,0.024420024420024333,3.673769287288758,0.029973580155906066,-1.8067493658414302,1.5681761399173837,1.3366515403875507,2.6445828783148455,-0.45610286953246304,0.02454369260617026,-1.8054953873413997,1.564660403643354,1.3330293046726223,2.6399809359511885,-0.46019423636569234
24153.756045728,3597147943,3141,3140,1,0,10,65.02977999844006,-37,63,2.297551789077218,-96.44039735099338,95.71115973741794,48.02494802494803,0.024420024420024333,3.673769287288758,0.029973580155906066,-1.8067493658414302,1.5681761399173837,1.3366515403875507,2.6445828783148455,-0.45610286953246304,0.02454369260617026,-1.8054953873413997,1.564660403643354,1.3330293046726223,2.6399809359511885,-0.46019423636569234
24153.856268279,3597147943,3144,3143,1,0,10,65.58158500047284,-37,63,2.297551789077218,-96.44039735099338,95.71115973741794,48.02494802494803,0.024420024420024333,3.673769287288758,0.029973580155906066,-1.8067493658414302,1.5681761399173837,1.3366515403875507,2.6445828783148455,-0.45610286953246304,0.02454369260617026,-1.8054953873413997,1.564660403643354,1.3330293046726223,2.6399809359511885,-0.46019423636569234
24153.956059718,3597147943,3147,3146,1,0,10,65.26362500153482,-39,63,2.297551789077218,-96.44039735099338,95.71115973741794,48.02494802494803,0.024420024420024333,3.673769287288758,0.029973580155906066,-1.8067493658414302,1.5681761399173837,1.3366515403875507,2.6445828783148455,-0.45610286953246304,0.02454369260617026,-1.8054953873413997,1.564660403643354,1.3330293046726223,2.6399809359511885,-0.46019423636569234
24154.05638916,3597147943,3150,3149,1,0,10,65.6094750011107,-39,63,2.297551789077218,-96.44039735099338,95.71115973741794,48.02494802494803,0.024420024420024333,3.673769287288758,0.029973580155906066,-1.8067493658414302,1.5681761399173837,1.3366515403875507,2.6445828783148455,-0.45610286953246304,0.02454369260617026,-1.8054953873413997,1.564660403643354,1.3330293046726223,2.6399809359511885,-0.46019423636569234
24154.156288349,3597147943,3153,3152,1,0,8,65.5039500015846,-39,63,2.297551789077218,-96.44039735099338,95.71115973741794,48.02494802494803,0.024420024420024333,3.673769287288758,0.029973580155906066,-1.8067493658414302,1.5681761399173837,1.3366515403875507,2.6445828783148455,-0.45610286953246304,0.02454369260617026,-1.8054953873413997,1.564660403643354,1.3330293046726223,2.6399809359511885,-0.46019423636569234
24154.256173455,3597147943,3156,3155,1,0,10,65.03793600131758,-39,63,2.297551789077218,-96.44039735099338,95.71115973741794,48.02494802494803,0.024420024420024333,3.673769287288758,0.029973580155906066,-1.8067493658414302,1.5681761399173837,1.3366515403875507,2.6445828783148455,-0.45610286953246304,0.02454369260617026,-1.8054953873413997,1.564660403643354,1.3330293046726223,2.6399809359511885,-0.46019423636569234
24154.356218948,3597147943,3159,3158,1,0,13,64.92510499811033,-39,63,2.297551789077218,-96.44039735099338,95.71115973741794,48.02494802494803,0.024420024420024333,3.673769287288758,0.029973580155906066,-1.8067493658414302,1.5681761399173837,1.3366515403875507,2.6445828783148455,-0.45610286953246304,0.02454369260617026,-1.8054953873413997,1.564660403643354,1.3330293046726223,2.6399809359511885,-0.46019423636569234
24154.456252842,3597147943,3162,3161,1,0,8,65.11595600022702,-39,63,2.297551789077218,-96.44039735099338,95.71115973741794,48.02494802494803,0.024420024420024333,3.673769287288758,0.029973580155906066,-1.8067493658414302,1.5681761399173837,1.3366515403875507,2.6445828783148455,-0.45610286953246304,0.02454369260617026,-1.8054953873413997,1.564660403643354,1.3330293046726223,2.6399809359511885,-0.46019423636569234
24154.556070501,3597147943,3165,3164,1,0,9,64.8715520001133,-39,63,2.297551789077218,-96.44039735099338,95.71115973741794,48.02494802494803,0.024420024420024333,3.673769287288758,0.029973580155906066,-1.8067493658414302,1.5681761399173837,1.3366515403875507,2.6445828783148455,-0.45610286953246304,0.02454369260617026,-1.8054953873413997,1.564660403643354,1.3330293046726223,2.6399809359511885,-0.46019423636569234
24154.655982386,3597147943,3168,3167,1,0,9,65.16431899945019,-39,63,2.297551789077218,-96.44039735099338,95.71115973741794,48.02494802494803,0.024420024420024333,3.673769287288758,0.029973580155906066,-1.8067493658414302,1.5681761399173837,1.3366515403875507,2.6445828783148455,-0.45610286953246304,0.02454369260617026,-1.8054953873413997,1.564660403643354,1.3330293046726223,2.6399809359511885,-0.46019423636569234
24154.756113241,3597147943,3171,3170,1,0,13,65.20214699776261,-39,63,2.297551789077218,-96.44039735099338,95.71115973741794,48.02494802494803,0.024420024420024333,3.673769287288758,0.029973580155906066,-1.8067493658414302,1.5681761399173837,1.3366515403875507,2.6445828783148455,-0.45610286953246304,0.02454369260617026,-1.8054953873413997,1.564660403643354,1.3330293046726223,2.6399809359511885,-0.46019423636569234
24154.856095588,3597147943,3174,3173,1,0,9,65.30083100005868,-39,63,2.297551789077218,-96.44039735099338,95.71115973741794,48.02494802494803,0.024420024420024333,3.673769287288758,0.029973580155906066,-1.8067493658414302,1.5681761399173837,1.3366515403875507,2.6445828783148455,-0.45610286953246304,0.02454369260617026,-1.8054953873413997,1.564660403643354,1.3330293046726223,2.6399809359511885,-0.46019423636569234
24154.95606235,3597147943,3177,3176,1,0,14,65.2615369981504,-39,63,2.297551789077218,-96.44039735099338,95.71115973741794,48.02494802494803,0.024420024420024333,3.673769287288758,0.029973580155906066,-1.8067493658414302,1.5681761399173837,1.3366515403875507,2.6445828783148455,-0.45610286953246304,0.02454369260617026,-1.8054953873413997,1.564660403643354,1.3330293046726223,2.6399809359511885,-0.46019423636569234
24155.056130413,3597147943,3180,3179,1,0,12,65.31571199957398,-38,63,2.297551789077218,-96.44039735099338,95.71115973741794,48.02494802494803,0.024420024420024333,3.673769287288758,0.029973580155906066,-1.8067493658414302,1.5681761399173837,1.3366515403875507,2.6445828783148455,-0.45610286953246304,0.02454369260617026,-1.8054953873413997,1.564660403643354,1.3330293046726223,2.6399809359511885,-0.46019423636569234
24155.156272092,3597147943,3183,3182,1,0,10,65.02153199835448,-38,63,2.297551789077218,-96.44039735099338,95.71115973741794,48.02494802494803,0.024420024420024333,3.673769287288758,0.029973580155906066,-1.8067493658414302,1.5681761399173837,1.3366515403875507,2.6445828783148455,-0.45610286953246304,0.02454369260617026,-1.8054953873413997,1.564660403643354,1.3330293046726223,2.6399809359511885,-0.46019423636569234
24155.256299472,3597147943,3186,3185,1,0,10,65.24688799981959,-38,63,2.297551789077218,-96.44039735099338,95.71115973741794,48.02494802494803,0.024420024420024333,3.673769287288758,0.029973580155906066,-1.8067493658414302,1.5681761399173837,1.3366515403875507,2.6445828783148455,-0.45610286953246304,0.02454369260617026,-1.8054953873413997,1.564660403643354,1.3330293046726223,2.6399809359511885,-0.46019423636569234
24155.356157651,3597147943,3189,3188,1,0,9,65.20720700063976,-38,63,2.297551789077218,-96.44039735099338,95.71115973741794,48.02494802494803,0.024420024420024333,3.673769287288758,0.029973580155906066,-1.8067493658414302,1.5681761399173837,1.3366515403875507,2.6445828783148455,-0.45610286953246304,0.02454369260617026,-1.8054953873413997,1.564660403643354,1.3330293046726223,2.6399809359511885,-0.46019423636569234
24155.456094409,3597147943,3192,3191,1,0,9,64.94111199936015,-38,63,2.297551789077218,-96.44039735099338,95.71115973741794,48.02494802494803,0.024420024420024333,3.673769287288758,0.029973580155906066,-1.8067493658414302,1.5681761399173837,1.3366515403875507,2.6445828783148455,-0.45610286953246304,0.02454369260617026,-1.8054953873413997,1.564660403643354,1.3330293046726223,2.6399809359511885,-0.46019423636569234
24155.556058693,3597147943,3195,3194,1,0,11,64.90403199859429,-38,63,2.297551789077218,-96.44039735099338,95.71115973741794,48.02494802494803,0.024420024420024333,3.673769287288758,0.029973580155906066,-1.8067493658414302,1.5681761399173837,1.3366515403875507,2.6445828783148455,-0.45610286953246304,0.02454369260617026,-1.8054953873413997,1.564660403643354,1.3330293046726223,2.6399809359511885,-0.46019423636569234
24155.656157463,3597147943,3198,3197,1,0,14,65.30499500149745,-38,63,2.297551789077218,-96.44039735099338,95.71115973741794,48.02494802494803,0.024420024420024333,3.673769287288758,0.029973580155906066,-1.8067493658414302,1.5681761399173837,1.3366515403875507,2.6445828783148455,-0.45610286953246304,0.02454369260617026,-1.8054953873413997,1.564660403643354,1.3330293046726223,2.6399809359511885,-0.46019423636569234
24155.756205286,3597147943,3201,3200,1,0,10,65.18909299848019,-38,63,2.297551789077218,-96.44039735099338,95.71115973741794,48.02494802494803,0.024420024420024333,3.673769287288758,0.029973580155906066,-1.8067493658414302,1.5681761399173837,1.3366515403875507,2.6445828783148455,-0.45610286953246304,0.02454369260617026,-1.8054953873413997,1.564660403643354,1.3330293046726223,2.6399809359511885,-0.46019423636569234
24155.856135329,3597147943,3204,3203,1,0,14,65.19379400197067,-38,63,2.297551789077218,-96.44039735099338,95.71115973741794,48.02494802494803,0.024420024420024333,3.673769287288758,0.029973580155906066,-1.8067493658414302,1.5681761399173837,1.3366515403875507,2.6445828783148455,-0.45610286953246304,0.02454369260617026,-1.8054953873413997,1.564660403643354,1.3330293046726223,2.6399809359511885,-0.46019423636569234
24155.956148448,3597147943,3207,3206,1,0,10,65.26840299920877,-38,63,2.297551789077218,-96.44039735099338,95.71115973741794,48.02494802494803,0.024420024420024333,3.673769287288758,0.029973580155906066,-1.8067493658414302,1.5681761399173837,1.3366515403875507,2.6445828783148455,-0.45610286953246304,0.02454369260617026,-1.8054953873413997,1.564660403643354,1.3330293046726223,2.6399809359511885,-0.46019423636569234
24156.05611258,3597147943,3210,3209,1,0,9,65.1286229985999,-38,63,2.297551789077218,-96.44039735099338,95.71115973741794,48.02494802494803,0.024420024420024333,3.673769287288758,0.029973580155906066,-1.8067493658414302,1.5681761399173837,1.3366515403875507,2.6445828783148455,-0.45610286953246304,0.02454369260617026,-1.8054953873413997,1.564660403643354,1.3330293046726223,2.6399809359511885,-0.46019423636569234
24156.156105797,3597147943,3213,3212,1,0,10,65.38230500154896,-38,63,2.297551789077218,-96.44039735099338,95.71115973741794,48.02494802494803,0.024420024420024333,3.673769287288758,0.029973580155906066,-1.8067493658414302,1.5681761399173837,1.3366515403875507,2.6445828783148455,-0.45610286953246304,0.02454369260617026,-1.8054953873413997,1.564660403643354,1.3330293046726223,2.6399809359511885,-0.46019423636569234
24156.256164905,3597147943,3216,3215,1,0,13,65.1897240022663,-40,63,2.297551789077218,-96.44039735099338,95.71115973741794,48.02494802494803,0.024420024420024333,3.673769287288758,0.029973580155906066,-1.8067493658414302,1.5681761399173837,1.3366515403875507,2.6445828783148455,-0.45610286953246304,0.02454369260617026,-1.8054953873413997,1.564660403643354,1.3330293046726223,2.6399809359511885,-0.46019423636569234
24156.356155485,3597147943,3219,3218,1,0,9,65.21667099877959,-40,63,2.297551789077218,-96.44039735099338,95.71115973741794,48.02494802494803,0.024420024420024333,3.673769287288758,0.029973580155906066,-1.8067493658414302,1.5681761399173837,1.3366515403875507,2.6445828783148455,-0.45610286953246304,0.02454369260617026,-1.8054953873413997,1.564660403643354,1.3330293046726223,2.6399809359511885,-0.46019423636569234
24156.456090665,3597147943,3222,3221,1,0,9,65.1545979999355,-40,63,2.297551789077218,-96.44039735099338,95.71115973741794,48.02494802494803,0.024420024420024333,3.673769287288758,0.029973580155906066,-1.8067493658414302,1.5681761399173837,1.3366515403875507,2.6445828783148455,-0.45610286953246304,0.02454369260617026,-1.8054953873413997,1.564660403643354,1.3330293046726223,2.6399809359511885,-0.46019423636569234
24156.555972213,3597147943,3225,3224,1,0,13,64.92558600075427,-40,63,2.297551789077218,-96.44039735099338,95.71115973741794,48.02494802494803,0.024420024420024333,3.673769287288758,0.029973580155906066,-1.8067493658414302,1.5681761399173837,1.3366515403875507,2.6445828783148455,-0.45610286953246304,0.02454369260617026,-1.8054953873413997,1.564660403643354,1.3330293046726223,2.6399809359511885,-0.46019423636569234
24156.655989302,3597147943,3228,3227,1,0,10,65.27978500162135,-40,63,2.297551789077218,-96.44039735099338,95.71115973741794,48.02494802494803,0.024420024420024333,3.673769287288758,0.029973580155906066,-1.8067493658414302,1.5681761399173837,1.3366515403875507,2.6445828783148455,-0.45610286953246304,0.02454369260617026,-1.8054953873413997,1.564660403643354,1.3330293046726223,2.6399809359511885,-0.46019423636569234
24156.756030008,3597147943,3231,3230,1,0,9,65.10714400064899,-40,63,2.297551789077218,-96.44039735099338,95.71115973741794,48.02494802494803,0.024420024420024333,3.673769287288758,0.029973580155906066,-1.8067493658414302,1.5681761399173837,1.3366515403875507,2.6445828783148455,-0.45610286953246304,0.02454369260617026,-1.8054953873413997,1.564660403643354,1.3330293046726223,2.6399809359511885,-0.46019423636569234
24156.855988121,3597147943,3234,3233,1,0,10,65.29243999830214,-40,63,2.297551789077218,-96.44039735099338,95.71115973741794,48.02494802494803,0.024420024420024333,3.673769287288758,0.029973580155906066,-1.8067493658414302,1.5681761399173837,1.3366515403875507,2.6445828783148455,-0.45610286953246304,0.02454369260617026,-1.8054953873413997,1.564660403643354,1.3330293046726223,2.6399809359511885,-0.46019423636569234
24156.955945472,3597147943,3237,3236,1,0,10,65.29872700048145,-40,63,2.297551789077218,-96.44039735099338,95.71115973741794,48.02494802494803,0.024420024420024333,3.673769287288758,0.029973580155906066,-1.8067493658414302,1.5681761399173837,1.3366515403875507,2.6445828783148455,-0.45610286953246304,0.02454369260617026,-1.8054953873413997,1.564660403643354,1.3330293046726223,2.6399809359511885,-0.46019423636569234
24157.056180493,3597147943,3240,3239,1,0,10,65.56549800006906,-40,63,2.297551789077218,-96.44039735099338,95.71115973741794,48.02494802494803,0.024420024420024333,3.673769287288758,0.029973580155906066,-1.8067493658414302,1.5681761399173837,1.3366515403875507,2.6445828783148455,-0.45610286953246304,0.02454369260617026,-1.8054953873413997,1.564660403643354,1.3330293046726223,2.6399809359511885,-0.46019423636569234
24157.156183843,3597147943,3243,3241,1,0,46,98.5401260004437,-40,63,2.297551789077218,-96.44039735099338,95.71115973741794,48.02494802494803,0.024420024420024333,3.673769287288758,0.029973580155906066,-1.8067493658414302,1.5681761399173837,1.3366515403875507,2.6445828783148455,-0.45610286953246304,0.02454369260617026,-1.8054953873413997,1.564660403643354,1.3330293046726223,2.6399809359511885,-0.46019423636569234
24157.256190637,3597147943,3246,3245,1,0,6,65.12043100156006,-40,63,2.297551789077218,-96.44039735099338,95.71115973741794,48.02494802494803,0.024420024420024333,3.673769287288758,0.029973580155906066,-1.8067493658414302,1.5681761399173837,1.3366515403875507,2.6445828783148455,-0.45610286953246304,0.02454369260617026,-1.8054953873413997,1.564660403643354,1.3330293046726223,2.6399809359511885,-0.46019423636569234
24157.356171441,3597147943,3249,3248,1,0,14,64.85068899928592,-42,63,2.297551789077218,-96.44039735099338,95.71115973741794,48.02494802494803,0.024420024420024333,3.673769287288758,0.029973580155906066,-1.8067493658414302,1.5681761399173837,1.3366515403875507,2.6445828783148455,-0.45610286953246304,0.02454369260617026,-1.8054953873413997,1.564660403643354,1.3330293046726223,2.6399809359511885,-0.46019423636569234
24157.456164203,3597147943,3252,3251,1,0,10,65.10280399743351,-42,63,2.297551789077218,-96.44039735099338,95.71115973741794,48.02494802494803,0.024420024420024333,3.673769287288758,0.029973580155906066,-1.8067493658414302,1.5681761399173837,1.3366515403875507,2.6445828783148455,-0.45610286953246304,0.02454369260617026,-1.8054953873413997,1.564660403643354,1.3330293046726223,2.6399809359511885,-0.46019423636569234
24157.555898084,3597147943,3255,3254,1,0,9,65.04777099689818,-42,63,2.297551789077218,-96.44039735099338,95.71115973741794,48.02494802494803,0.024420024420024333,3.673769287288758,0.029973580155906066,-1.8067493658414302,1.5681761399173837,1.3366515403875507,2.6445828783148455,-0.45610286953246304,0.02454369260617026,-1.8054953873413997,1.564660403643354,1.3330293046726223,2.6399809359511885,-0.46019423636569234
24157.656255235,3597147943,3258,3257,1,0,9,65.49518099927809,-42,63,2.297551789077218,-96.44039735099338,95.71115973741794,48.02494802494803,0.024420024420024333,3.673769287288758,0.029973580155906066,-1.8067493658414302,1.5681761399173837,1.3366515403875507,2.6445828783148455,-0.45610286953246304,0.02454369260617026,-1.8054953873413997,1.564660403643354,1.3330293046726223,2.6399809359511885,-0.46019423636569234
24157.75629332,3597147943,3261,3260,1,0,9,65.35407999763265,-42,63,2.297551789077218,-96.44039735099338,95.71115973741794,48.02494802494803,0.024420024420024333,3.673769287288758,0.029973580155906066,-1.8067493658414302,1.5681761399173837,1.3366515403875507,2.6445828783148455,-0.45610286953246304,0.02454369260617026,-1.8054953873413997,1.564660403643354,1.3330293046726223,2.6399809359511885,-0.46019423636569234
24157.856308407,3597147943,3264,3263,1,0,13,65.01443199886126,-42,63,2.297551789077218,-96.44039735099338,95.71115973741794,48.02494802494803,0.024420024420024333,3.673769287288758,0.029973580155906066,-1.8067493658414302,1.5681761399173837,1.3366515403875507,2.6445828783148455,-0.45610286953246304,0.02454369260617026,-1.8054953873413997,1.564660403643354,1.3330293046726223,2.6399809359511885,-0.46019423636569234
24157.956319136,3597147943,3267,3266,1,0,9,65.0635380006861,-42,63,2.297551789077218,-96.44039735099338,95.71115973741794,48.02494802494803,0.024420024420024333,3.673769287288758,0.029973580155906066,-1.8067493658414302,1.5681761399173837,1.3366515403875507,2.6445828783148455,-0.45610286953246304,0.02454369260617026,-1.8054953873413997,1.564660403643354,1.3330293046726223,2.6399809359511885,-0.46019423636569234
24158.056113941,3597147943,3270,3269,1,0,10,64.7888530002092,-42,63,2.297551789077218,-96.44039735099338,95.71115973741794,48.02494802494803,0.024420024420024333,3.673769287288758,0.029973580155906066,-1.8067493658414302,1.5681761399173837,1.3366515403875507,2.6445828783148455,-0.45610286953246304,0.02454369260617026,-1.8054953873413997,1.564660403643354,1.3330293046726223,2.6399809359511885,-0.46019423636569234
24158.156109329,3597147943,3273,3272,1,0,10,65.29141400096705,-42,63,2.297551789077218,-96.44039735099338,95.71115973741794,48.02494802494803,0.024420024420024333,3.673769287288758,0.029973580155906066,-1.8067493658414302,1.5681761399173837,1.3366515403875507,2.6445828783148455,-0.45610286953246304,0.02454369260617026,-1.8054953873413997,1.564660403643354,1.3330293046726223,2.6399809359511885,-0.46019423636569234
24158.256279867,3597147943,3276,3275,1,0,10,65.16845999794896,-42,63,2.297551789077218,-96.44039735099338,95.71115973741794,48.02494802494803,0.024420024420024333,3.673769287288758,0.029973580155906066,-1.8067493658414302,1.5681761399173837,1.3366515403875507,2.6445828783148455,-0.45610286953246304,0.02454369260617026,-1.8054953873413997,1.564660403643354,1.3330293046726223,2.6399809359511885,-0.46019423636569234
24158.356159252,3597147943,3279,3278,1,0,9,65.2534930013644,-42,63,2.297551789077218,-96.44039735099338,95.71115973741794,48.02494802494803,0.024420024420024333,3.673769287288758,0.029973580155906066,-1.8067493658414302,1.5681761399173837,1.3366515403875507,2.6445828783148455,-0.45610286953246304,0.02454369260617026,-1.8054953873413997,1.564660403643354,1.3330293046726223,2.6399809359511885,-0.46019423636569234
24158.455955504,3597147943,3282,3281,1,0,10,64.79584800035809,-37,63,2.297551789077218,-96.44039735099338,95.71115973741794,48.02494802494803,0.024420024420024333,3.673769287288758,0.029973580155906066,-1.8067493658414302,1.5681761399173837,1.3366515403875507,2.6445828783148455,-0.45610286953246304,0.02454369260617026,-1.8054953873413997,1.564660403643354,1.3330293046726223,2.6399809359511885,-0.46019423636569234
24158.556090834,3597147943,3285,3284,1,0,9,65.00484900243464,-37,63,2.297551789077218,-96.44039735099338,95.71115973741794,48.02494802494803,0.024420024420024333,3.673769287288758,0.029973580155906066,-1.8067493658414302,1.5681761399173837,1.3366515403875507,2.6445828783148455,-0.45610286953246304,0.02454369260617026,-1.8054953873413997,1.564660403643354,1.3330293046726223,2.6399809359511885,-0.46019423636569234
24158.656293125,3597147943,3288,3287,1,0,10,65.55011000091326,-37,63,2.297551789077218,-96.44039735099338,95.71115973741794,48.02494802494803,0.024420024420024333,3.673769287288758,0.029973580155906066,-1.8067493658414302,1.5681761399173837,1.3366515403875507,2.6445828783148455,-0.45610286953246304,0.02454369260617026,-1.8054953873413997,1.564660403643354,1.3330293046726223,2.6399809359511885,-0.46019423636569234
24158.75607321,3597147943,3291,3290,1,0,12,64.90267700064578,-37,63,2.297551789077218,-96.44039735099338,95.71115973741794,48.02494802494803,0.024420024420024333,3.673769287288758,0.029973580155906066,-1.8067493658414302,1.5681761399173837,1.3366515403875507,2.6445828783148455,-0.45610286953246304,0.02454369260617026,-1.8054953873413997,1.564660403643354,1.3330293046726223,2.6399809359511885,-0.46019423636569234
24158.856223511,3597147943,3294,3293,1,0,10,65.26667100115446,-37,63,2.297551789077218,-96.44039735099338,95.71115973741794,48.02494802494803,0.024420024420024333,3.673769287288758,0.029973580155906066,-1.8067493658414302,1.5681761399173837,1.3366515403875507,2.6445828783148455,-0.45610286953246304,0.02454369260617026,-1.8054953873413997,1.564660403643354,1.3330293046726223,2.6399809359511885,-0.46019423636569234
24158.956082527,3597147943,3297,3296,1,0,10,65.12881999879028,-37,63,2.297551789077218,-96.44039735099338,95.71115973741794,48.02494802494803,0.024420024420024333,3.673769287288758,0.029973580155906066,-1.8067493658414302,1.5681761399173837,1.3366515403875507,2.6445828783148455,-0.45610286953246304,0.02454369260617026,-1.8054953873413997,1.564660403643354,1.3330293046726223,2.6399809359511885,-0.46019423636569234
24159.056298627,3597147943,3300,3299,1,0,13,65.03309799882118,-37,63,2.297551789077218,-96.44039735099338,95.71115973741794,48.02494802494803,0.024420024420024333,3.673769287288758,0.029973580155906066,-1.8067493658414302,1.5681761399173837,1.3366515403875507,2.6445828783148455,-0.45610286953246304,0.02454369260617026,-1.8054953873413997,1.564660403643354,1.3330293046726223,2.6399809359511885,-0.46019423636569234
24159.156225847,3597147943,3303,3302,1,0,11,65.1573709983495,-37,63,2.297551789077218,-96.44039735099338,95.71115973741794,48.02494802494803,0.024420024420024333,3.673769287288758,0.029973580155906066,-1.8067493658414302,1.5681761399173837,1.3366515403875507,2.6445828783148455,-0.45610286953246304,0.02454369260617026,-1.8054953873413997,1.564660403643354,1.3330293046726223,2.6399809359511885,-0.46019423636569234
24159.256169426,3597147943,3306,3305,1,0,9,64.84235099924263,-37,63,2.297551789077218,-96.44039735099338,95.71115973741794,48.02494802494803,0.024420024420024333,3.673769287288758,0.029973580155906066,-1.8067493658414302,1.5681761399173837,1.3366515403875507,2.6445828783148455,-0.45610286953246304,0.02454369260617026,-1.8054953873413997,1.564660403643354,1.3330293046726223,2.6399809359511885,-0.46019423636569234
24159.356192616,3597147943,3309,3308,1,0,9,65.1029569999082,-37,63,2.297551789077218,-96.44039735099338,95.71115973741794,48.02494802494803,0.024420024420024333,3.673769287288758,0.029973580155906066,-1.8067493658414302,1.5681761399173837,1.3366515403875507,2.6445828783148455,-0.45610286953246304,0.02454369260617026,-1.8054953873413997,1.564660403643354,1.3330293046726223,2.6399809359511885,-0.46019423636569234
24159.456303625,3597147943,3312,3311,1,0,9,65.10479799908353,-37,63,2.297551789077218,-96.44039735099338,95.71115973741794,48.02494802494803,0.024420024420024333,3.673769287288758,0.029973580155906066,-1.8067493658414302,1.5681761399173837,1.3366515403875507,2.6445828783148455,-0.45610286953246304,0.02454369260617026,-1.8054953873413997,1.564660403643354,1.3330293046726223,2.6399809359511885,-0.46019423636569234
24159.556046561,3597147943,3315,3314,1,0,6,65.06369700218784,-38,63,2.297551789077218,-96.44039735099338,95.71115973741794,48.02494802494803,0.024420024420024333,3.673769287288758,0.029973580155906066,-1.8067493658414302,1.5681761399173837,1.3366515403875507,2.6445828783148455,-0.45610286953246304,0.02454369260617026,-1.8054953873413997,1.564660403643354,1.3330293046726223,2.6399809359511885,-0.46019423636569234
24159.655951627,3597147943,3318,3317,1,0,11,65.32156200046302,-38,63,2.297551789077218,-96.44039735099338,95.71115973741794,48.02494802494803,0.024420024420024333,3.673769287288758,0.029973580155906066,-1.8067493658414302,1.5681761399173837,1.3366515403875507,2.6445828783148455,-0.45610286953246304,0.02454369260617026,-1.8054953873413997,1.564660403643354,1.3330293046726223,2.6399809359511885,-0.46019423636569234
24159.756120954,3597147943,3321,3320,1,0,13,65.43694799984223,-38,63,2.297551789077218,-96.44039735099338,95.71115973741794,48.02494802494803,0.024420024420024333,3.673769287288758,0.029973580155906066,-1.8067493658414302,1.5681761399173837,1.3366515403875507,2.6445828783148455,-0.45610286953246304,0.02454369260617026,-1.8054953873413997,1.564660403643354,1.3330293046726223,2.6399809359511885,-0.46019423636569234
24159.855963561,3597147943,3324,3322,1,0,46,98.35286000088672,-38,63,2.297551789077218,-96.44039735099338,95.71115973741794,48.02494802494803,0.024420024420024333,3.673769287288758,0.029973580155906066,-1.8067493658414302,1.5681761399173837,1.3366515403875507,2.6445828783148455,-0.45610286953246304,0.02454369260617026,-1.8054953873413997,1.564660403643354,1.3330293046726223,2.6399809359511885,-0.46019423636569234
24159.956089027,3597147943,3327,3326,1,0,8,65.37243300044793,-38,63,2.297551789077218,-96.44039735099338,95.71115973741794,48.02494802494803,0.024420024420024333,3.673769287288758,0.029973580155906066,-1.8067493658414302,1.5681761399173837,1.3366515403875507,2.6445828783148455,-0.45610286953246304,0.02454369260617026,-1.8054953873413997,1.564660403643354,1.3330293046726223,2.6399809359511885,-0.46019423636569234
24160.056214306,3597147943,3330,3329,1,0,10,65.42048100163811,-38,63,2.297551789077218,-96.44039735099338,95.71115973741794,48.02494802494803,0.024420024420024333,3.673769287288758,0.029973580155906066,-1.8067493658414302,1.5681761399173837,1.3366515403875507,2.6445828783148455,-0.45610286953246304,0.02454369260617026,-1.8054953873413997,1.564660403643354,1.3330293046726223,2.6399809359511885,-0.46019423636569234
24160.156170748,3597147943,3333,3332,1,0,10,65.30834099976346,-38,63,2.297551789077218,-96.44039735099338,95.71115973741794,48.02494802494803,0.024420024420024333,3.673769287288758,0.029973580155906066,-1.8067493658414302,1.5681761399173837,1.3366515403875507,2.6445828783148455,-0.45610286953246304,0.02454369260617026,-1.8054953873413997,1.564660403643354,1.3330293046726223,2.6399809359511885,-0.46019423636569234
24160.256158962,3597147943,3336,3335,1,0,10,65.28113599779317,-38,63,2.297551789077218,-96.44039735099338,95.71115973741794,48.02494802494803,0.024420024420024333,3.673769287288758,0.029973580155906066,-1.8067493658414302,1.5681761399173837,1.3366515403875507,2.6445828783148455,-0.45610286953246304,0.02454369260617026,-1.8054953873413997,1.564660403643354,1.3330293046726223,2.6399809359511885,-0.46019423636569234
24160.35613921,3597147943,3339,3338,1,0,10,65.108604998386,-38,63,2.297551789077218,-96.44039735099338,95.71115973741794,48.02494802494803,0.024420024420024333,3.673769287288758,0.029973580155906066,-1.8067493658414302,1.5681761399173837,1.3366515403875507,2.6445828783148455,-0.45610286953246304,0.02454369260617026,-1.8054953873413997,1.564660403643354,1.3330293046726223,2.6399809359511885,-0.46019423636569234
24160.456348036,3597147943,3342,3341,1,0,10,65.24069500301266,-38,63,2.297551789077218,-96.44039735099338,95.71115973741794,48.02494802494803,0.024420024420024333,3.673769287288758,0.029973580155906066,-1.8067493658414302,1.5681761399173837,1.3366515403875507,2.6445828783148455,-0.45610286953246304,0.02454369260617026,-1.8054953873413997,1.564660403643354,1.3330293046726223,2.6399809359511885,-0.46019423636569234
24160.556085066,3597147943,3345,3344,1,0,10,65.09341699711513,-38,63,2.297551789077218,-96.44039735099338,95.71115973741794,48.02494802494803,0.024420024420024333,3.673769287288758,0.029973580155906066,-1.8067493658414302,1.5681761399173837,1.3366515403875507,2.6445828783148455,-0.45610286953246304,0.02454369260617026,-1.8054953873413997,1.564660403643354,1.3330293046726223,2.6399809359511885,-0.46019423636569234
24160.656069854,3597147943,3348,3347,1,0,10,65.23888700030511,-38,63,2.297551789077218,-96.44039735099338,95.71115973741794,48.02494802494803,0.024420024420024333,3.673769287288758,0.029973580155906066,-1.8067493658414302,1.5681761399173837,1.3366515403875507,2.6445828783148455,-0.45610286953246304,0.02454369260617026,-1.8054953873413997,1.564660403643354,1.3330293046726223,2.6399809359511885,-0.46019423636569234
24160.756019633,3597147943,3351,3350,1,0,10,65.17589400027646,-39,63,2.297551789077218,-96.44039735099338,95.71115973741794,48.02494802494803,0.024420024420024333,3.673769287288758,0.029973580155906066,-1.8067493658414302,1.5681761399173837,1.3366515403875507,2.6445828783148455,-0.45610286953246304,0.02454369260617026,-1.8054953873413997,1.564660403643354,1.3330293046726223,2.6399809359511885,-0.46019423636569234
24160.855988366,3597147943,3354,3353,1,0,9,65.16635300067719,-39,63,2.297551789077218,-96.44039735099338,95.71115973741794,48.02494802494803,0.024420024420024333,3.673769287288758,0.029973580155906066,-1.8067493658414302,1.5681761399173837,1.3366515403875507,2.6445828783148455,-0.45610286953246304,0.02454369260617026,-1.8054953873413997,1.564660403643354,1.3330293046726223,2.6399809359511885,-0.46019423636569234
24160.956048634,3597147943,3357,3356,1,0,9,65.01902700256323,-39,63,2.297551789077218,-96.44039735099338,95.71115973741794,48.02494802494803,0.024420024420024333,3.673769287288758,0.029973580155906066,-1.8067493658414302,1.5681761399173837,1.3366515403875507,2.6445828783148455,-0.45610286953246304,0.02454369260617026,-1.8054953873413997,1.564660403643354,1.3330293046726223,2.6399809359511885,-0.46019423636569234
24161.056282585,3597147943,3360,3359,1,0,10,65.50105800124584,-39,63,2.297551789077218,-96.44039735099338,95.71115973741794,48.02494802494803,0.024420024420024333,3.673769287288758,0.029973580155906066,-1.8067493658414302,1.5681761399173837,1.3366515403875507,2.6445828783148455,-0.45610286953246304,0.02454369260617026,-1.8054953873413997,1.564660403643354,1.3330293046726223,2.6399809359511885,-0.46019423636569234
24161.15633477,3597147943,3363,3362,1,0,10,65.11999500071397,-39,63,2.297551789077218,-96.44039735099338,95.71115973741794,48.02494802494803,0.024420024420024333,3.673769287288758,0.029973580155906066,-1.8067493658414302,1.5681761399173837,1.3366515403875507,2.6445828783148455,-0.45610286953246304,0.02454369260617026,-1.8054953873413997,1.564660403643354,1.3330293046726223,2.6399809359511885,-0.46019423636569234
24161.25603538,3597147943,3366,3365,1,0,10,65.21809500191011,-39,63,2.297551789077218,-96.44039735099338,95.71115973741794,48.02494802494803,0.024420024420024333,3.673769287288758,0.029973580155906066,-1.8067493658414302,1.5681761399173837,1.3366515403875507,2.6445828783148455,-0.45610286953246304,0.02454369260617026,-1.8054953873413997,1.564660403643354,1.3330293046726223,2.6399809359511885,-0.46019423636569234
24161.35634682,3597147943,3369,3368,1,0,10,65.60030300170183,-39,63,2.297551789077218,-96.44039735099338,95.71115973741794,48.02494802494803,0.024420024420024333,3.673769287288758,0.029973580155906066,-1.8067493658414302,1.5681761399173837,1.3366515403875507,2.6445828783148455,-0.45610286953246304,0.02454369260617026,-1.8054953873413997,1.564660403643354,1.3330293046726223,2.6399809359511885,-0.46019423636569234
24161.456070642,3597147943,3372,3371,1,0,10,64.96754299951135,-39,63,2.297551789077218,-96.44039735099338,95.71115973741794,48.02494802494803,0.024420024420024333,3.673769287288758,0.029973580155906066,-1.8067493658414302,1.5681761399173837,1.3366515403875507,2.6445828783148455,-0.45610286953246304,0.02454369260617026,-1.8054953873413997,1.564660403643354,1.3330293046726223,2.6399809359511885,-0.46019423636569234
24161.55604721,3597147943,3375,3374,1,0,14,64.83731900152634,-39,63,2.297551789077218,-96.44039735099338,95.71115973741794,48.02494802494803,0.024420024420024333,3.673769287288758,0.029973580155906066,-1.8067493658414302,1.5681761399173837,1.3366515403875507,2.6445828783148455,-0.45610286953246304,0.02454369260617026,-1.8054953873413997,1.564660403643354,1.3330293046726223,2.6399809359511885,-0.46019423636569234
24161.656115764,3597147943,3378,3377,1,0,14,65.15151299754507,-39,63,2.297551789077218,-96.44039735099338,95.71115973741794,48.02494802494803,0.024420024420024333,3.673769287288758,0.029973580155906066,-1.8067493658414302,1.5681761399173837,1.3366515403875507,2.6445828783148455,-0.45610286953246304,0.02454369260617026,-1.8054953873413997,1.564660403643354,1.3330293046726223,2.6399809359511885,-0.46019423636569234
24161.75597725,3597147943,3381,3380,1,0,10,65.25784599944018,-39,63,2.297551789077218,-96.44039735099338,95.71115973741794,48.02494802494803,0.024420024420024333,3.673769287288758,0.029973580155906066,-1.8067493658414302,1.5681761399173837,1.3366515403875507,2.6445828783148455,-0.45610286953246304,0.02454369260617026,-1.8054953873413997,1.564660403643354,1.3330293046726223,2.6399809359511885,-0.46019423636569234
24161.856003328,3597147943,3384,3383,1,0,8,65.38147799801663,-41,63,2.297551789077218,-96.44039735099338,95.71115973741794,48.02494802494803,0.024420024420024333,3.673769287288758,0.029973580155906066,-1.8067493658414302,1.5681761399173837,1.3366515403875507,2.6445828783148455,-0.45610286953246304,0.02454369260617026,-1.8054953873413997,1.564660403643354,1.3330293046726223,2.6399809359511885,-0.46019423636569234
24161.956057137,3597147943,3387,3386,1,0,9,65.29074399804813,-41,63,2.297551789077218,-96.44039735099338,95.71115973741794,48.02494802494803,0.024420024420024333,3.673769287288758,0.029973580155906066,-1.8067493658414302,1.5681761399173837,1.3366515403875507,2.6445828783148455,-0.45610286953246304,0.02454369260617026,-1.8054953873413997,1.564660403643354,1.3330293046726223,2.6399809359511885,-0.46019423636569234
24162.056192977,3597147943,3390,3389,1,0,13,65.3645400016103,-41,63,2.297551789077218,-96.44039735099338,95.71115973741794,48.02494802494803,0.024420024420024333,3.673769287288758,0.029973580155906066,-1.8067493658414302,1.5681761399173837,1.3366515403875507,2.6445828783148455,-0.45610286953246304,0.02454369260617026,-1.8054953873413997,1.564660403643354,1.3330293046726223,2.6399809359511885,-0.46019423636569234
24162.156074018,3597147943,3393,3392,1,0,9,65.20050499966601,-41,63,2.297551789077218,-96.44039735099338,95.71115973741794,48.02494802494803,0.024420024420024333,3.673769287288758,0.029973580155906066,-1.8067493658414302,1.5681761399173837,1.3366515403875507,2.6445828783148455,-0.45610286953246304,0.02454369260617026,-1.8054953873413997,1.564660403643354,1.3330293046726223,2.6399809359511885,-0.46019423636569234
24162.256100459,3597147943,3396,3395,1,0,10,65.39222499850439,-41,63,2.297551789077218,-96.44039735099338,95.71115973741794,48.02494802494803,0.024420024420024333,3.673769287288758,0.029973580155906066,-1.8067493658414302,1.5681761399173837,1.3366515403875507,2.6445828783148455,-0.45610286953246304,0.02454369260617026,-1.8054953873413997,1.564660403643354,1.3330293046726223,2.6399809359511885,-0.46019423636569234
24162.35629337,3597147943,3399,3398,1,0,9,65.4610009987664,-41,63,2.297551789077218,-96.44039735099338,95.71115973741794,48.02494802494803,0.024420024420024333,3.673769287288758,0.029973580155906066,-1.8067493658414302,1.5681761399173837,1.3366515403875507,2.6445828783148455,-0.45610286953246304,0.02454369260617026,-1.8054953873413997,1.564660403643354,1.3330293046726223,2.6399809359511885,-0.46019423636569234
24162.456289743,3597147943,3402,3401,1,0,10,65.08771900189458,-41,63,2.297551789077218,-96.44039735099338,95.71115973741794,48.02494802494803,0.024420024420024333,3.673769287288758,0.029973580155906066,-1.8067493658414302,1.5681761399173837,1.3366515403875507,2.6445828783148455,-0.45610286953246304,0.02454369260617026,-1.8054953873413997,1.564660403643354,1.3330293046726223,2.6399809359511885,-0.46019423636569234
24162.555994039,3597147943,3405,3404,1,0,6,65.04010799835669,-41,63,2.297551789077218,-96.44039735099338,95.71115973741794,48.02494802494803,0.024420024420024333,3.673769287288758,0.029973580155906066,-1.8067493658414302,1.5681761399173837,1.3366515403875507,2.6445828783148455,-0.45610286953246304,0.02454369260617026,-1.8054953873413997,1.564660403643354,1.3330293046726223,2.6399809359511885,-0.46019423636569234
24162.65609415,3597147943,3408,3407,1,0,10,65.28645500293351,-41,63,2.297551789077218,-96.44039735099338,95.71115973741794,48.02494802494803,0.024420024420024333,3.673769287288758,0.029973580155906066,-1.8067493658414302,1.5681761399173837,1.3366515403875507,2.6445828783148455,-0.45610286953246304,0.02454369260617026,-1.8054953873413997,1.564660403643354,1.3330293046726223,2.6399809359511885,-0.46019423636569234
24162.756129341,3597147943,3411,3410,1,0,10,65.34981900040293,-41,63,2.297551789077218,-96.44039735099338,95.71115973741794,48.02494802494803,0.024420024420024333,3.673769287288758,0.029973580155906066,-1.8067493658414302,1.5681761399173837,1.3366515403875507,2.6445828783148455,-0.45610286953246304,0.02454369260617026,-1.8054953873413997,1.564660403643354,1.3330293046726223,2.6399809359511885,-0.46019423636569234
24162.856138103,3597147943,3414,3413,1,0,10,65.27178599935723,-41,63,2.297551789077218,-96.44039735099338,95.71115973741794,48.02494802494803,0.024420024420024333,3.673769287288758,0.029973580155906066,-1.8067493658414302,1.5681761399173837,1.3366515403875507,2.6445828783148455,-0.45610286953246304,0.02454369260617026,-1.8054953873413997,1.564660403643354,1.3330293046726223,2.6399809359511885,-0.46019423636569234
24162.956173983,3597147943,3417,3416,1,0,9,65.20384699979331,-38,63,2.297551789077218,-96.44039735099338,95.71115973741794,48.02494802494803,0.024420024420024333,3.673769287288758,0.029973580155906066,-1.8067493658414302,1.5681761399173837,1.3366515403875507,2.6445828783148455,-0.45610286953246304,0.02454369260617026,-1.8054953873413997,1.564660403643354,1.3330293046726223,2.6399809359511885,-0.46019423636569234
24163.056167216,3597147943,3420,3419,1,0,9,65.24979700043332,-38,63,2.297551789077218,-96.44039735099338,95.71115973741794,48.02494802494803,0.024420024420024333,3.673769287288758,0.029973580155906066,-1.8067493658414302,1.5681761399173837,1.3366515403875507,2.6445828783148455,-0.45610286953246304,0.02454369260617026,-1.8054953873413997,1.564660403643354,1.3330293046726223,2.6399809359511885,-0.46019423636569234
24163.156082238,3597147943,3423,3422,1,0,12,65.25173999762046,-38,63,2.297551789077218,-96.44039735099338,95.71115973741794,48.02494802494803,0.024420024420024333,3.673769287288758,0.029973580155906066,-1.8067493658414302,1.5681761399173837,1.3366515403875507,2.6445828783148455,-0.45610286953246304,0.02454369260617026,-1.8054953873413997,1.564660403643354,1.3330293046726223,2.6399809359511885,-0.46019423636569234
24163.25609269,3597147943,3426,3425,1,0,9,65.16755299890065,-38,63,2.297551789077218,-96.44039735099338,95.71115973741794,48.02494802494803,0.024420024420024333,3.673769287288758,0.029973580155906066,-1.8067493658414302,1.5681761399173837,1.3366515403875507,2.6445828783148455,-0.45610286953246304,0.02454369260617026,-1.8054953873413997,1.564660403643354,1.3330293046726223,2.6399809359511885,-0.46019423636569234
24163.356048,3597147943,3429,3428,1,0,9,64.98195299718645,-38,63,2.297551789077218,-96.44039735099338,95.71115973741794,48.02494802494803,0.024420024420024333,3.673769287288758,0.029973580155906066,-1.8067493658414302,1.5681761399173837,1.3366515403875507,2.6445828783148455,-0.45610286953246304,0.02454369260617026,-1.8054953873413997,1.564660403643354,1.3330293046726223,2.6399809359511885,-0.46019423636569234
24163.456178459,3597147943,3432,3431,1,0,12,64.9792170006549,-38,63,2.297551789077218,-96.44039735099338,95.71115973741794,48.02494802494803,0.024420024420024333,3.673769287288758,0.029973580155906066,-1.8067493658414302,1.5681761399173837,1.3366515403875507,2.6445828783148455,-0.45610286953246304,0.02454369260617026,-1.8054953873413997,1.564660403643354,1.3330293046726223,2.6399809359511885,-0.46019423636569234
24163.556088982,3597147943,3435,3434,1,0,10,64.93676700119977,-38,63,2.297551789077218,-96.44039735099338,95.71115973741794,48.02494802494803,0.024420024420024333,3.673769287288758,0.029973580155906066,-1.8067493658414302,1.5681761399173837,1.3366515403875507,2.6445828783148455,-0.45610286953246304,0.02454369260617026,-1.8054953873413997,1.564660403643354,1.3330293046726223,2.6399809359511885,-0.46019423636569234
24163.656246484,3597147943,3438,3437,1,0,10,65.45149099838454,-38,63,2.297551789077218,-96.44039735099338,95.71115973741794,48.02494802494803,0.024420024420024333,3.673769287288758,0.029973580155906066,-1.8067493658414302,1.5681761399173837,1.3366515403875507,2.6445828783148455,-0.45610286953246304,0.02454369260617026,-1.8054953873413997,1.564660403643354,1.3330293046726223,2.6399809359511885,-0.46019423636569234
24163.75629455,3597147943,3441,3440,1,0,10,65.46276500012027,-38,63,2.297551789077218,-96.44039735099338,95.71115973741794,48.02494802494803,0.024420024420024333,3.673769287288758,0.029973580155906066,-1.8067493658414302,1.5681761399173837,1.3366515403875507,2.6445828783148455,-0.45610286953246304,0.02454369260617026,-1.8054953873413997,1.564660403643354,1.3330293046726223,2.6399809359511885,-0.46019423636569234
24163.856175595,3597147943,3444,3443,1,0,9,65.01166099769762,-38,63,2.297551789077218,-96.44039735099338,95.71115973741794,48.02494802494803,0.024420024420024333,3.673769287288758,0.029973580155906066,-1.8067493658414302,1.5681761399173837,1.3366515403875507,2.6445828783148455,-0.45610286953246304,0.02454369260617026,-1.8054953873413997,1.564660403643354,1.3330293046726223,2.6399809359511885,-0.46019423636569234
24163.956310673,3597147943,3447,3446,1,0,5,65.18496300122933,-38,63,2.297551789077218,-96.44039735099338,95.71115973741794,48.02494802494803,0.024420024420024333,3.673769287288758,0.029973580155906066,-1.8067493658414302,1.5681761399173837,1.3366515403875507,2.6445828783148455,-0.45610286953246304,0.02454369260617026,-1.8054953873413997,1.564660403643354,1.3330293046726223,2.6399809359511885,-0.46019423636569234
24164.056086955,3597147943,3450,3449,1,0,9,65.15659100114135,-39,63,2.297551789077218,-96.44039735099338,95.71115973741794,48.02494802494803,0.024420024420024333,3.673769287288758,0.029973580155906066,-1.8067493658414302,1.5681761399173837,1.3366515403875507,2.6445828783148455,-0.45610286953246304,0.02454369260617026,-1.8054953873413997,1.564660403643354,1.3330293046726223,2.6399809359511885,-0.46019423636569234
24164.156111557,3597147943,3453,3452,1,0,9,64.98625200038077,-39,63,2.297551789077218,-96.44039735099338,95.71115973741794,48.02494802494803,0.024420024420024333,3.673769287288758,0.029973580155906066,-1.8067493658414302,1.5681761399173837,1.3366515403875507,2.6445828783148455,-0.45610286953246304,0.02454369260617026,-1.8054953873413997,1.564660403643354,1.3330293046726223,2.6399809359511885,-0.46019423636569234
24164.256058272,3597147943,3456,3455,1,0,7,65.16874600129086,-39,63,2.297551789077218,-96.44039735099338,95.71115973741794,48.02494802494803,0.024420024420024333,3.673769287288758,0.029973580155906066,-1.8067493658414302,1.5681761399173837,1.3366515403875507,2.6445828783148455,-0.45610286953246304,0.02454369260617026,-1.8054953873413997,1.564660403643354,1.3330293046726223,2.6399809359511885,-0.46019423636569234
24164.35629941,3597147943,3459,3458,1,0,9,65.5350710003404,-39,63,2.297551789077218,-96.44039735099338,95.71115973741794,48.02494802494803,0.024420024420024333,3.673769287288758,0.029973580155906066,-1.8067493658414302,1.5681761399173837,1.3366515403875507,2.6445828783148455,-0.45610286953246304,0.02454369260617026,-1.8054953873413997,1.564660403643354,1.3330293046726223,2.6399809359511885,-0.46019423636569234
24164.456287366,3597147943,3462,3461,1,0,10,65.2691799987224,-39,63,2.297551789077218,-96.44039735099338,95.71115973741794,48.02494802494803,0.024420024420024333,3.673769287288758,0.029973580155906066,-1.8067493658414302,1.5681761399173837,1.3366515403875507,2.6445828783148455,-0.45610286953246304,0.02454369260617026,-1.8054953873413997,1.564660403643354,1.3330293046726223,2.6399809359511885,-0.46019423636569234
24164.556095392,3597147943,3465,3464,1,0,10,64.85754499954055,-39,63,2.297551789077218,-96.44039735099338,95.71115973741794,48.02494802494803,0.024420024420024333,3.673769287288758,0.029973580155906066,-1.8067493658414302,1.5681761399173837,1.3366515403875507,2.6445828783148455,-0.45610286953246304,0.02454369260617026,-1.8054953873413997,1.564660403643354,1.3330293046726223,2.6399809359511885,-0.46019423636569234
24164.65617774,3597147943,3468,3467,1,0,10,65.2206800004933,-39,63,2.297551789077218,-96.44039735099338,95.71115973741794,48.02494802494803,0.024420024420024333,3.673769287288758,0.029973580155906066,-1.8067493658414302,1.5681761399173837,1.3366515403875507,2.6445828783148455,-0.45610286953246304,0.02454369260617026,-1.8054953873413997,1.564660403643354,1.3330293046726223,2.6399809359511885,-0.46019423636569234
24164.756128808,3597147943,3471,3470,1,0,10,65.3411990024324,-39,63,2.297551789077218,-96.44039735099338,95.71115973741794,48.02494802494803,0.024420024420024333,3.673769287288758,0.029973580155906066,-1.8067493658414302,1.5681761399173837,1.3366515403875507,2.6445828783148455,-0.45610286953246304,0.02454369260617026,-1.8054953873413997,1.564660403643354,1.3330293046726223,2.6399809359511885,-0.46019423636569234
24164.856125051,3597147943,3474,3473,1,0,14,65.28251200143131,-39,63,2.297551789077218,-96.44039735099338,95.71115973741794,48.02494802494803,0.024420024420024333,3.673769287288758,0.029973580155906066,-1.8067493658414302,1.5681761399173837,1.3366515403875507,2.6445828783148455,-0.45610286953246304,0.02454369260617026,-1.8054953873413997,1.564660403643354,1.3330293046726223,2.6399809359511885,-0.46019423636569234
24164.956069491,3597147943,3477,3476,1,0,10,65.18227699780255,-39,63,2.297551789077218,-96.44039735099338,95.71115973741794,48.02494802494803,0.024420024420024333,3.673769287288758,0.029973580155906066,-1.8067493658414302,1.5681761399173837,1.3366515403875507,2.6445828783148455,-0.45610286953246304,0.02454369260617026,-1.8054953873413997,1.564660403643354,1.3330293046726223,2.6399809359511885,-0.46019423636569234
24165.056179668,3597147943,3480,3479,1,0,9,65.28010699912556,-39,63,2.297551789077218,-96.44039735099338,95.71115973741794,48.02494802494803,0.024420024420024333,3.673769287288758,0.029973580155906066,-1.8067493658414302,1.5681761399173837,1.3366515403875507,2.6445828783148455,-0.45610286953246304,0.02454369260617026,-1.8054953873413997,1.564660403643354,1.3330293046726223,2.6399809359511885,-0.46019423636569234
24165.156132233,3597147943,3483,3482,1,0,9,65.15484299961827,-39,63,2.297551789077218,-96.44039735099338,95.71115973741794,48.02494802494803,0.024420024420024333,3.673769287288758,0.029973580155906066,-1.8067493658414302,1.5681761399173837,1.3366515403875507,2.6445828783148455,-0.45610286953246304,0.02454369260617026,-1.8054953873413997,1.564660403643354,1.3330293046726223,2.6399809359511885,-0.46019423636569234
24165.256098991,3597147943,3486,3485,1,0,10,65.2212060012971,-38,63,2.297551789077218,-96.44039735099338,95.71115973741794,48.02494802494803,0.024420024420024333,3.673769287288758,0.029973580155906066,-1.8067493658414302,1.5681761399173837,1.3366515403875507,2.6445828783148455,-0.45610286953246304,0.02454369260617026,-1.8054953873413997,1.564660403643354,1.3330293046726223,2.6399809359511885,-0.46019423636569234
24165.356136768,3597147943,3489,3488,1,0,9,65.17834400074207,-38,63,2.297551789077218,-96.44039735099338,95.71115973741794,48.02494802494803,0.024420024420024333,3.673769287288758,0.029973580155906066,-1.8067493658414302,1.5681761399173837,1.3366515403875507,2.6445828783148455,-0.45610286953246304,0.02454369260617026,-1.8054953873413997,1.564660403643354,1.3330293046726223,2.6399809359511885,-0.46019423636569234
24165.455972912,3597147943,3492,3491,1,0,10,65.18712600154686,-38,63,2.297551789077218,-96.44039735099338,95.71115973741794,48.02494802494803,0.024420024420024333,3.673769287288758,0.029973580155906066,-1.8067493658414302,1.5681761399173837,1.3366515403875507,2.6445828783148455,-0.45610286953246304,0.02454369260617026,-1.8054953873413997,1.564660403643354,1.3330293046726223,2.6399809359511885,-0.46019423636569234
24165.555964076,3597147943,3495,3494,1,0,10,65.22783900072682,-38,63,2.297551789077218,-96.44039735099338,95.71115973741794,48.02494802494803,0.024420024420024333,3.673769287288758,0.029973580155906066,-1.8067493658414302,1.5681761399173837,1.3366515403875507,2.6445828783148455,-0.45610286953246304,0.02454369260617026,-1.8054953873413997,1.564660403643354,1.3330293046726223,2.6399809359511885,-0.46019423636569234
24165.655955102,3597147943,3498,3497,1,0,10,65.000044000044,-38,63,2.297551789077218,-96.44039735099338,95.71115973741794,48.02494802494803,0.024420024420024333,3.673769287288758,0.029973580155906066,-1.8067493658414302,1.5681761399173837,1.3366515403875507,2.6445828783148455,-0.45610286953246304,0.02454369260617026,-1.8054953873413997,1.564660403643354,1.3330293046726223,2.6399809359511885,-0.46019423636569234
24165.755991326,3597147943,3501,3500,1,0,10,65.18800500271027,-38,63,2.297551789077218,-96.44039735099338,95.71115973741794,48.02494802494803,0.024420024420024333,3.673769287288758,0.029973580155906066,-1.8067493658414302,1.5681761399173837,1.3366515403875507,2.6445828783148455,-0.45610286953246304,0.02454369260617026,-1.8054953873413997,1.564660403643354,1.3330293046726223,2.6399809359511885,-0.46019423636569234
24165.856071678,3597147943,3504,3503,1,0,9,65.32253100158414,-38,63,2.297551789077218,-96.44039735099338,95.71115973741794,48.02494802494803,0.024420024420024333,3.673769287288758,0.029973580155906066,-1.8067493658414302,1.5681761399173837,1.3366515403875507,2.6445828783148455,-0.45610286953246304,0.02454369260617026,-1.8054953873413997,1.564660403643354,1.3330293046726223,2.6399809359511885,-0.46019423636569234
24165.955974709,3597147943,3507,3506,1,0,10,65.17535199964186,-38,63,2.297551789077218,-96.44039735099338,95.71115973741794,48.02494802494803,0.024420024420024333,3.673769287288758,0.029973580155906066,-1.8067493658414302,1.5681761399173837,1.3366515403875507,2.6445828783148455,-0.45610286953246304,0.02454369260617026,-1.8054953873413997,1.564660403643354,1.3330293046726223,2.6399809359511885,-0.46019423636569234
24166.056164384,3597147943,3510,3509,1,0,10,65.30165599906468,-38,63,2.297551789077218,-96.44039735099338,95.71115973741794,48.02494802494803,0.024420024420024333,3.673769287288758,0.029973580155906066,-1.8067493658414302,1.5681761399173837,1.3366515403875507,2.6445828783148455,-0.45610286953246304,0.02454369260617026,-1.8054953873413997,1.564660403643354,1.3330293046726223,2.6399809359511885,-0.46019423636569234
24166.156210776,3597147943,3513,3512,1,0,14,65.27525799901923,-38,63,2.297551789077218,-96.44039735099338,95.71115973741794,48.02494802494803,0.024420024420024333,3.673769287288758,0.029973580155906066,-1.8067493658414302,1.5681761399173837,1.3366515403875507,2.6445828783148455,-0.45610286953246304,0.02454369260617026,-1.8054953873413997,1.564660403643354,1.3330293046726223,2.6399809359511885,-0.46019423636569234
24166.256310772,3597147943,3516,3515,1,0,9,65.18458599748556,-38,63,2.297551789077218,-96.44039735099338,95.71115973741794,48.02494802494803,0.024420024420024333,3.673769287288758,0.029973580155906066,-1.8067493658414302,1.5681761399173837,1.3366515403875507,2.6445828783148455,-0.45610286953246304,0.02454369260617026,-1.8054953873413997,1.564660403643354,1.3330293046726223,2.6399809359511885,-0.46019423636569234
24166.356169446,3597147943,3519,3518,1,0,10,64.88995099789463,-39,63,2.297551789077218,-96.44039735099338,95.71115973741794,48.02494802494803,0.024420024420024333,3.673769287288758,0.029973580155906066,-1.8067493658414302,1.5681761399173837,1.3366515403875507,2.6445828783148455,-0.45610286953246304,0.02454369260617026,-1.8054953873413997,1.564660403643354,1.3330293046726223,2.6399809359511885,-0.46019423636569234
24166.456195959,3597147943,3522,3521,1,0,10,65.16656599706039,-39,63,2.297551789077218,-96.44039735099338,95.71115973741794,48.02494802494803,0.024420024420024333,3.673769287288758,0.029973580155906066,-1.8067493658414302,1.5681761399173837,1.3366515403875507,2.6445828783148455,-0.45610286953246304,0.02454369260617026,-1.8054953873413997,1.564660403643354,1.3330293046726223,2.6399809359511885,-0.46019423636569234
24166.556100595,3597147943,3525,3524,1,0,10,64.74128500121878,-39,63,2.297551789077218,-96.44039735099338,95.71115973741794,48.02494802494803,0.024420024420024333,3.673769287288758,0.029973580155906066,-1.8067493658414302,1.5681761399173837,1.3366515403875507,2.6445828783148455,-0.45610286953246304,0.02454369260617026,-1.8054953873413997,1.564660403643354,1.3330293046726223,2.6399809359511885,-0.46019423636569234
24166.656164987,3597147943,3528,3527,1,0,10,65.29352299912716,-39,63,2.297551789077218,-96.44039735099338,95.71115973741794,48.02494802494803,0.024420024420024333,3.673769287288758,0.029973580155906066,-1.8067493658414302,1.5681761399173837,1.3366515403875507,2.6445828783148455,-0.45610286953246304,0.02454369260617026,-1.8054953873413997,1.564660403643354,1.3330293046726223,2.6399809359511885,-0.46019423636569234
24166.756117753,3597147943,3531,3530,1,0,9,65.22763099928852,-39,63,2.297551789077218,-96.44039735099338,95.71115973741794,48.02494802494803,0.024420024420024333,3.673769287288758,0.029973580155906066,-1.8067493658414302,1.5681761399173837,1.3366515403875507,2.6445828783148455,-0.45610286953246304,0.02454369260617026,-1.8054953873413997,1.564660403643354,1.3330293046726223,2.6399809359511885,-0.46019423636569234
24166.856253437,3597147943,3534,3533,1,0,14,65.29624600079842,-39,63,2.297551789077218,-96.44039735099338,95.71115973741794,48.02494802494803,0.024420024420024333,3.673769287288758,0.029973580155906066,-1.8067493658414302,1.5681761399173837,1.3366515403875507,2.6445828783148455,-0.45610286953246304,0.02454369260617026,-1.8054953873413997,1.564660403643354,1.3330293046726223,2.6399809359511885,-0.46019423636569234
24166.95605473,3597147943,3537,3536,1,0,12,65.14223300109734,-39,63,2.297551789077218,-96.44039735099338,95.71115973741794,48.02494802494803,0.024420024420024333,3.673769287288758,0.029973580155906066,-1.8067493658414302,1.5681761399173837,1.3366515403875507,2.6445828783148455,-0.45610286953246304,0.02454369260617026,-1.8054953873413997,1.564660403643354,1.3330293046726223,2.6399809359511885,-0.46019423636569234
24167.056172083,3597147943,3540,3539,1,0,9,65.20688399905339,-39,63,2.297551789077218,-96.44039735099338,95.71115973741794,48.02494802494803,0.024420024420024333,3.673769287288758,0.029973580155906066,-1.8067493658414302,1.5681761399173837,1.3366515403875507,2.6445828783148455,-0.45610286953246304,0.02454369260617026,-1.8054953873413997,1.564660403643354,1.3330293046726223,2.6399809359511885,-0.46019423636569234
24167.156319121,3597147943,3543,3542,1,0,10,64.92408399935812,-39,63,2.297551789077218,-96.44039735099338,95.71115973741794,48.02494802494803,0.024420024420024333,3.673769287288758,0.029973580155906066,-1.8067493658414302,1.5681761399173837,1.3366515403875507,2.6445828783148455,-0.45610286953246304,0.02454369260617026,-1.8054953873413997,1.564660403643354,1.3330293046726223,2.6399809359511885,-0.46019423636569234
24167.256285776,3597147943,3546,3545,1,0,11,65.13061199802905,-39,63,2.297551789077218,-96.44039735099338,95.71115973741794,48.02494802494803,0.024420024420024333,3.673769287288758,0.029973580155906066,-1.8067493658414302,1.5681761399173837,1.3366515403875507,2.6445828783148455,-0.45610286953246304,0.02454369260617026,-1.8054953873413997,1.564660403643354,1.3330293046726223,2.6399809359511885,-0.46019423636569234
24167.356199665,3597147943,3549,3548,1,0,10,65.26650900195818,-39,63,2.297551789077218,-96.44039735099338,95.71115973741794,48.02494802494803,0.024420024420024333,3.673769287288758,0.029973580155906066,-1.8067493658414302,1.5681761399173837,1.3366515403875507,2.6445828783148455,-0.45610286953246304,0.02454369260617026,-1.8054953873413997,1.564660403643354,1.3330293046726223,2.6399809359511885,-0.46019423636569234
24167.456100896,3597147943,3552,3551,1,0,11,65.30404499790166,-39,63,2.297551789077218,-96.44039735099338,95.71115973741794,48.02494802494803,0.024420024420024333,3.673769287288758,0.029973580155906066,-1.8067493658414302,1.5681761399173837,1.3366515403875507,2.6445828783148455,-0.45610286953246304,0.02454369260617026,-1.8054953873413997,1.564660403643354,1.3330293046726223,2.6399809359511885,-0.46019423636569234
24167.556079938,3597147943,3555,3554,1,0,9,64.97184700128855,-39,63,2.297551789077218,-96.44039735099338,95.71115973741794,48.02494802494803,0.024420024420024333,3.673769287288758,0.029973580155906066,-1.8067493658414302,1.5681761399173837,1.3366515403875507,2.6445828783148455,-0.45610286953246304,0.02454369260617026,-1.8054953873413997,1.564660403643354,1.3330293046726223,2.6399809359511885,-0.46019423636569234
24167.656060158,3597147943,3558,3557,1,0,10,65.13859099868569,-39,63,2.297551789077218,-96.44039735099338,95.71115973741794,48.02494802494803,0.024420024420024333,3.673769287288758,0.029973580155906066,-1.8067493658414302,1.5681761399173837,1.3366515403875507,2.6445828783148455,-0.45610286953246304,0.02454369260617026,-1.8054953873413997,1.564660403643354,1.3330293046726223,2.6399809359511885,-0.46019423636569234
24167.755982298,3597147943,3561,3560,1,0,9,64.92918500225642,-39,63,2.297551789077218,-96.44039735099338,95.71115973741794,48.02494802494803,0.024420024420024333,3.673769287288758,0.029973580155906066,-1.8067493658414302,1.5681761399173837,1.3366515403875507,2.6445828783148455,-0.45610286953246304,0.02454369260617026,-1.8054953873413997,1.564660403643354,1.3330293046726223,2.6399809359511885,-0.46019423636569234
24167.856158134,3597147943,3564,3563,1,0,9,65.35849699866958,-39,63,2.297551789077218,-96.44039735099338,95.71115973741794,48.02494802494803,0.024420024420024333,3.673769287288758,0.029973580155906066,-1.8067493658414302,1.5681761399173837,1.3366515403875507,2.6445828783148455,-0.45610286953246304,0.02454369260617026,-1.8054953873413997,1.564660403643354,1.3330293046726223,2.6399809359511885,-0.46019423636569234
24167.956264889,3597147943,3567,3566,1,0,13,65.21191299907514,-39,63,2.297551789077218,-96.44039735099338,95.71115973741794,48.02494802494803,0.024420024420024333,3.673769287288758,0.029973580155906066,-1.8067493658414302,1.5681761399173837,1.3366515403875507,2.6445828783148455,-0.45610286953246304,0.02454369260617026,-1.8054953873413997,1.564660403643354,1.3330293046726223,2.6399809359511885,-0.46019423636569234
24168.056189204,3597147943,3570,3569,1,0,10,64.8972449998837,-39,63,2.297551789077218,-96.44039735099338,95.71115973741794,48.02494802494803,0.024420024420024333,3.673769287288758,0.029973580155906066,-1.8067493658414302,1.5681761399173837,1.3366515403875507,2.6445828783148455,-0.45610286953246304,0.02454369260617026,-1.8054953873413997,1.564660403643354,1.3330293046726223,2.6399809359511885,-0.46019423636569234
24168.156057304,3597147943,3573,3572,1,0,9,64.8653979988012,-39,63,2.297551789077218,-96.44039735099338,95.71115973741794,48.02494802494803,0.024420024420024333,3.673769287288758,0.029973580155906066,-1.8067493658414302,1.5681761399173837,1.3366515403875507,2.6445828783148455,-0.45610286953246304,0.02454369260617026,-1.8054953873413997,1.564660403643354,1.3330293046726223,2.6399809359511885,-0.46019423636569234
24168.256165897,3597147943,3576,3575,1,0,10,65.19467000180157,-39,63,2.297551789077218,-96.44039735099338,95.71115973741794,48.02494802494803,0.024420024420024333,3.673769287288758,0.029973580155906066,-1.8067493658414302,1.5681761399173837,1.3366515403875507,2.6445828783148455,-0.45610286953246304,0.02454369260617026,-1.8054953873413997,1.564660403643354,1.3330293046726223,2.6399809359511885,-0.46019423636569234
24168.355982241,3597147943,3579,3578,1,0,10,65.10198099931586,-39,63,2.297551789077218,-96.44039735099338,95.71115973741794,48.02494802494803,0.024420024420024333,3.673769287288758,0.029973580155906066,-1.8067493658414302,1.5681761399173837,1.3366515403875507,2.6445828783148455,-0.45610286953246304,0.02454369260617026,-1.8054953873413997,1.564660403643354,1.3330293046726223,2.6399809359511885,-0.46019423636569234
24168.456068872,3597147943,3582,3581,1,0,9,65.10830800107215,-39,63,2.297551789077218,-96.44039735099338,95.71115973741794,48.02494802494803,0.024420024420024333,3.673769287288758,0.029973580155906066,-1.8067493658414302,1.5681761399173837,1.3366515403875507,2.6445828783148455,-0.45610286953246304,0.02454369260617026,-1.8054953873413997,1.564660403643354,1.3330293046726223,2.6399809359511885,-0.46019423636569234
24168.556122464,3597147943,3585,3584,1,0,9,65.24063300093985,-38,63,2.297551789077218,-96.44039735099338,95.71115973741794,48.02494802494803,0.024420024420024333,3.673769287288758,0.029973580155906066,-1.8067493658414302,1.5681761399173837,1.3366515403875507,2.6445828783148455,-0.45610286953246304,0.02454369260617026,-1.8054953873413997,1.564660403643354,1.3330293046726223,2.6399809359511885,-0.46019423636569234
24168.656073388,3597147943,3588,3587,1,0,9,65.1105320030183,-38,63,2.297551789077218,-96.44039735099338,95.71115973741794,48.02494802494803,0.024420024420024333,3.673769287288758,0.029973580155906066,-1.8067493658414302,1.5681761399173837,1.3366515403875507,2.6445828783148455,-0.45610286953246304,0.02454369260617026,-1.8054953873413997,1.564660403643354,1.3330293046726223,2.6399809359511885,-0.46019423636569234
24168.756044163,3597147943,3591,3590,1,0,9,65.10502700257348,-38,63,2.297551789077218,-96.44039735099338,95.71115973741794,48.02494802494803,0.024420024420024333,3.673769287288758,0.029973580155906066,-1.8067493658414302,1.5681761399173837,1.3366515403875507,2.6445828783148455,-0.45610286953246304,0.02454369260617026,-1.8054953873413997,1.564660403643354,1.3330293046726223,2.6399809359511885,-0.46019423636569234
24168.8562463,3597147943,3594,3593,1,0,9,65.26884699997026,-38,63,2.297551789077218,-96.44039735099338,95.71115973741794,48.02494802494803,0.024420024420024333,3.673769287288758,0.029973580155906066,-1.8067493658414302,1.5681761399173837,1.3366515403875507,2.6445828783148455,-0.45610286953246304,0.02454369260617026,-1.8054953873413997,1.564660403643354,1.3330293046726223,2.6399809359511885,-0.46019423636569234
24168.956046648,3597147943,3597,3596,1,0,10,64.92814599914709,-38,63,2.297551789077218,-96.44039735099338,95.71115973741794,48.02494802494803,0.024420024420024333,3.673769287288758,0.029973580155906066,-1.8067493658414302,1.5681761399173837,1.3366515403875507,2.6445828783148455,-0.45610286953246304,0.02454369260617026,-1.8054953873413997,1.564660403643354,1.3330293046726223,2.6399809359511885,-0.46019423636569234
24169.056106511,3597147943,3600,3599,1,0,14,65.1934009983961,-38,63,2.297551789077218,-96.44039735099338,95.71115973741794,48.02494802494803,0.024420024420024333,3.673769287288758,0.029973580155906066,-1.8067493658414302,1.5681761399173837,1.3366515403875507,2.6445828783148455,-0.45610286953246304,0.02454369260617026,-1.8054953873413997,1.564660403643354,1.3330293046726223,2.6399809359511885,-0.46019423636569234
24169.156193919,3597147943,3603,3602,1,0,9,65.36136100112344,-38,63,2.297551789077218,-96.44039735099338,95.71115973741794,48.02494802494803,0.024420024420024333,3.673769287288758,0.029973580155906066,-1.8067493658414302,1.5681761399173837,1.3366515403875507,2.6445828783148455,-0.45610286953246304,0.02454369260617026,-1.8054953873413997,1.564660403643354,1.3330293046726223,2.6399809359511885,-0.46019423636569234
24169.256175004,3597147943,3606,3605,1,0,9,65.30279599974165,-38,63,2.297551789077218,-96.44039735099338,95.71115973741794,48.02494802494803,0.024420024420024333,3.673769287288758,0.029973580155906066,-1.8067493658414302,1.5681761399173837,1.3366515403875507,2.6445828783148455,-0.45610286953246304,0.02454369260617026,-1.8054953873413997,1.564660403643354,1.3330293046726223,2.6399809359511885,-0.46019423636569234
24169.356081686,3597147943,3609,3608,1,0,9,65.24750699827564,-38,63,2.297551789077218,-96.44039735099338,95.71115973741794,48.02494802494803,0.024420024420024333,3.673769287288758,0.029973580155906066,-1.8067493658414302,1.5681761399173837,1.3366515403875507,2.6445828783148455,-0.45610286953246304,0.02454369260617026,-1.8054953873413997,1.564660403643354,1.3330293046726223,2.6399809359511885,-0.46019423636569234
24169.455951439,3597147943,3612,3611,1,0,9,65.12977999955183,-38,63,2.297551789077218,-96.44039735099338,95.71115973741794,48.02494802494803,0.024420024420024333,3.673769287288758,0.029973580155906066,-1.8067493658414302,1.5681761399173837,1.3366515403875507,2.6445828783148455,-0.45610286953246304,0.02454369260617026,-1.8054953873413997,1.564660403643354,1.3330293046726223,2.6399809359511885,-0.46019423636569234
24169.556055361,3597147943,3615,3614,1,0,9,65.22512399897096,-38,63,2.297551789077218,-96.44039735099338,95.71115973741794,48.02494802494803,0.024420024420024333,3.673769287288758,0.029973580155906066,-1.8067493658414302,1.5681761399173837,1.3366515403875507,2.6445828783148455,-0.45610286953246304,0.02454369260617026,-1.8054953873413997,1.564660403643354,1.3330293046726223,2.6399809359511885,-0.46019423636569234
24169.656015491,3597147943,3618,3617,1,0,13,65.3176319974591,-38,63,2.297551789077218,-96.44039735099338,95.71115973741794,48.02494802494803,0.024420024420024333,3.673769287288758,0.029973580155906066,-1.8067493658414302,1.5681761399173837,1.3366515403875507,2.6445828783148455,-0.45610286953246304,0.02454369260617026,-1.8054953873413997,1.564660403643354,1.3330293046726223,2.6399809359511885,-0.46019423636569234
24169.756041133,3597147943,3621,3620,1,0,9,65.33414300065488,-41,63,2.297551789077218,-96.44039735099338,95.71115973741794,48.02494802494803,0.024420024420024333,3.673769287288758,0.029973580155906066,-1.8067493658414302,1.5681761399173837,1.3366515403875507,2.6445828783148455,-0.45610286953246304,0.02454369260617026,-1.8054953873413997,1.564660403643354,1.3330293046726223,2.6399809359511885,-0.46019423636569234
24169.856135277,3597147943,3624,3623,1,0,9,65.45771499804687,-41,63,2.297551789077218,-96.44039735099338,95.71115973741794,48.02494802494803,0.024420024420024333,3.673769287288758,0.029973580155906066,-1.8067493658414302,1.5681761399173837,1.3366515403875507,2.6445828783148455,-0.45610286953246304,0.02454369260617026,-1.8054953873413997,1.564660403643354,1.3330293046726223,2.6399809359511885,-0.46019423636569234
24169.955961739,3597147943,3627,3626,1,0,9,65.09634100075345,-41,63,2.297551789077218,-96.44039735099338,95.71115973741794,48.02494802494803,0.024420024420024333,3.673769287288758,0.029973580155906066,-1.8067493658414302,1.5681761399173837,1.3366515403875507,2.6445828783148455,-0.45610286953246304,0.02454369260617026,-1.8054953873413997,1.564660403643354,1.3330293046726223,2.6399809359511885,-0.46019423636569234
24170.056056976,3597147943,3630,3629,1,0,9,65.27463399834232,-41,63,2.297551789077218,-96.44039735099338,95.71115973741794,48.02494802494803,0.024420024420024333,3.673769287288758,0.029973580155906066,-1.8067493658414302,1.5681761399173837,1.3366515403875507,2.6445828783148455,-0.45610286953246304,0.02454369260617026,-1.8054953873413997,1.564660403643354,1.3330293046726223,2.6399809359511885,-0.46019423636569234
24170.156214694,3597147943,3633,3632,1,0,9,65.38365400047041,-41,63,2.297551789077218,-96.44039735099338,95.71115973741794,48.02494802494803,0.024420024420024333,3.673769287288758,0.029973580155906066,-1.8067493658414302,1.5681761399173837,1.3366515403875507,2.6445828783148455,-0.45610286953246304,0.02454369260617026,-1.8054953873413997,1.564660403643354,1.3330293046726223,2.6399809359511885,-0.46019423636569234
24170.256184308,3597147943,3636,3635,1,0,10,64.98403699879418,-41,63,2.297551789077218,-96.44039735099338,95.71115973741794,48.02494802494803,0.024420024420024333,3.673769287288758,0.029973580155906066,-1.8067493658414302,1.5681761399173837,1.3366515403875507,2.6445828783148455,-0.45610286953246304,0.02454369260617026,-1.8054953873413997,1.564660403643354,1.3330293046726223,2.6399809359511885,-0.46019423636569234
24170.356320372,3597147943,3639,3638,1,0,9,65.23016400024062,-41,63,2.297551789077218,-96.44039735099338,95.71115973741794,48.02494802494803,0.024420024420024333,3.673769287288758,0.029973580155906066,-1.8067493658414302,1.5681761399173837,1.3366515403875507,2.6445828783148455,-0.45610286953246304,0.02454369260617026,-1.8054953873413997,1.564660403643354,1.3330293046726223,2.6399809359511885,-0.46019423636569234
24170.45616305,3597147943,3642,3641,1,0,10,65.0663020023785,-41,63,2.297551789077218,-96.44039735099338,95.71115973741794,48.02494802494803,0.024420024420024333,3.673769287288758,0.029973580155906066,-1.8067493658414302,1.5681761399173837,1.3366515403875507,2.6445828783148455,-0.45610286953246304,0.02454369260617026,-1.8054953873413997,1.564660403643354,1.3330293046726223,2.6399809359511885,-0.46019423636569234
24170.555975806,3597147943,3645,3644,1,0,10,64.82562099699862,-41,63,2.297551789077218,-96.44039735099338,95.71115973741794,48.02494802494803,0.024420024420024333,3.673769287288758,0.029973580155906066,-1.8067493658414302,1.5681761399173837,1.3366515403875507,2.6445828783148455,-0.45610286953246304,0.02454369260617026,-1.8054953873413997,1.564660403643354,1.3330293046726223,2.6399809359511885,-0.46019423636569234
24170.656238731,3597147943,3648,3647,1,0,14,65.41462599852821,-41,63,2.297551789077218,-96.44039735099338,95.71115973741794,48.02494802494803,0.024420024420024333,3.673769287288758,0.029973580155906066,-1.8067493658414302,1.5681761399173837,1.3366515403875507,2.6445828783148455,-0.45610286953246304,0.02454369260617026,-1.8054953873413997,1.564660403643354,1.3330293046726223,2.6399809359511885,-0.46019423636569234
24170.756292993,3597147943,3651,3650,1,0,10,65.25968700225349,-41,63,2.297551789077218,-96.44039735099338,95.71115973741794,48.02494802494803,0.024420024420024333,3.673769287288758,0.029973580155906066,-1.8067493658414302,1.5681761399173837,1.3366515403875507,2.6445828783148455,-0.45610286953246304,0.02454369260617026,-1.8054953873413997,1.564660403643354,1.3330293046726223,2.6399809359511885,-0.46019423636569234
24170.856181485,3597147943,3654,3653,1,0,10,65.16528599968296,-39,63,2.297551789077218,-96.44039735099338,95.71115973741794,48.02494802494803,0.024420024420024333,3.673769287288758,0.029973580155906066,-1.8067493658414302,1.5681761399173837,1.3366515403875507,2.6445828783148455,-0.45610286953246304,0.02454369260617026,-1.8054953873413997,1.564660403643354,1.3330293046726223,2.6399809359511885,-0.46019423636569234
24170.95628471,3597147943,3657,3656,1,0,10,65.31530999927782,-39,63,2.297551789077218,-96.44039735099338,95.71115973741794,48.02494802494803,0.024420024420024333,3.673769287288758,0.029973580155906066,-1.8067493658414302,1.5681761399173837,1.3366515403875507,2.6445828783148455,-0.45610286953246304,0.02454369260617026,-1.8054953873413997,1.564660403643354,1.3330293046726223,2.6399809359511885,-0.46019423636569234
24171.056322479,3597147943,3660,3659,1,0,10,65.21513700135984,-39,63,2.297551789077218,-96.44039735099338,95.71115973741794,48.02494802494803,0.024420024420024333,3.673769287288758,0.029973580155906066,-1.8067493658414302,1.5681761399173837,1.3366515403875507,2.6445828783148455,-0.45610286953246304,0.02454369260617026,-1.8054953873413997,1.564660403643354,1.3330293046726223,2.6399809359511885,-0.46019423636569234
24171.156295039,3597147943,3663,3662,1,0,10,65.16605399883701,-39,63,2.297551789077218,-96.44039735099338,95.71115973741794,48.02494802494803,0.024420024420024333,3.673769287288758,0.029973580155906066,-1.8067493658414302,1.5681761399173837,1.3366515403875507,2.6445828783148455,-0.45610286953246304,0.02454369260617026,-1.8054953873413997,1.564660403643354,1.3330293046726223,2.6399809359511885,-0.46019423636569234
24171.256055471,3597147943,3666,3665,1,0,10,64.94256199948722,-39,63,2.297551789077218,-96.44039735099338,95.71115973741794,48.02494802494803,0.024420024420024333,3.673769287288758,0.029973580155906066,-1.8067493658414302,1.5681761399173837,1.3366515403875507,2.6445828783148455,-0.45610286953246304,0.02454369260617026,-1.8054953873413997,1.564660403643354,1.3330293046726223,2.6399809359511885,-0.46019423636569234
24171.356287386,3597147943,3669,3668,1,0,10,65.54634900021483,-39,63,2.297551789077218,-96.44039735099338,95.71115973741794,48.02494802494803,0.024420024420024333,3.673769287288758,0.029973580155906066,-1.8067493658414302,1.5681761399173837,1.3366515403875507,2.6445828783148455,-0.45610286953246304,0.02454369260617026,-1.8054953873413997,1.564660403643354,1.3330293046726223,2.6399809359511885,-0.46019423636569234
24171.456255796,3597147943,3672,3671,1,0,9,65.24178299878258,-39,63,2.297551789077218,-96.44039735099338,95.71115973741794,48.02494802494803,0.024420024420024333,3.673769287288758,0.029973580155906066,-1.8067493658414302,1.5681761399173837,1.3366515403875507,2.6445828783148455,-0.45610286953246304,0.02454369260617026,-1.8054953873413997,1.564660403643354,1.3330293046726223,2.6399809359511885,-0.46019423636569234
24171.556082138,3597147943,3675,3674,1,0,10,65.14096799946856,-39,63,2.297551789077218,-96.44039735099338,95.71115973741794,48.02494802494803,0.024420024420024333,3.673769287288758,0.029973580155906066,-1.8067493658414302,1.5681761399173837,1.3366515403875507,2.6445828783148455,-0.45610286953246304,0.02454369260617026,-1.8054953873413997,1.564660403643354,1.3330293046726223,2.6399809359511885,-0.46019423636569234
24171.65600614,3597147943,3678,3677,1,0,9,65.28300499849138,-39,63,2.297551789077218,-96.44039735099338,95.71115973741794,48.02494802494803,0.024420024420024333,3.673769287288758,0.029973580155906066,-1.8067493658414302,1.5681761399173837,1.3366515403875507,2.6445828783148455,-0.45610286953246304,0.02454369260617026,-1.8054953873413997,1.564660403643354,1.3330293046726223,2.6399809359511885,-0.46019423636569234
24171.755989502,3597147943,3681,3680,1,0,10,65.23061099869665,-39,63,2.297551789077218,-96.44039735099338,95.71115973741794,48.02494802494803,0.024420024420024333,3.673769287288758,0.029973580155906066,-1.8067493658414302,1.5681761399173837,1.3366515403875507,2.6445828783148455,-0.45610286953246304,0.02454369260617026,-1.8054953873413997,1.564660403643354,1.3330293046726223,2.6399809359511885,-0.46019423636569234
24171.856267935,3597147943,3684,3683,1,0,9,65.46326399984537,-39,63,2.297551789077218,-96.44039735099338,95.71115973741794,48.02494802494803,0.024420024420024333,3.673769287288758,0.029973580155906066,-1.8067493658414302,1.5681761399173837,1.3366515403875507,2.6445828783148455,-0.45610286953246304,0.02454369260617026,-1.8054953873413997,1.564660403643354,1.3330293046726223,2.6399809359511885,-0.46019423636569234
24171.955995271,3597147943,3687,3685,1,0,42,98.13465199840721,-38,63,2.297551789077218,-96.44039735099338,95.71115973741794,48.02494802494803,0.024420024420024333,3.673769287288758,0.029973580155906066,-1.8067493658414302,1.5681761399173837,1.3366515403875507,2.6445828783148455,-0.45610286953246304,0.02454369260617026,-1.8054953873413997,1.564660403643354,1.3330293046726223,2.6399809359511885,-0.46019423636569234
24172.056131296,3597147943,3690,3689,1,0,10,65.39991599856876,-38,63,2.297551789077218,-96.44039735099338,95.71115973741794,48.02494802494803,0.024420024420024333,3.673769287288758,0.029973580155906066,-1.8067493658414302,1.5681761399173837,1.3366515403875507,2.6445828783148455,-0.45610286953246304,0.02454369260617026,-1.8054953873413997,1.564660403643354,1.3330293046726223,2.6399809359511885,-0.46019423636569234
24172.15615848,3597147943,3693,3692,1,0,6,65.36227300239261,-38,63,2.297551789077218,-96.44039735099338,95.71115973741794,48.02494802494803,0.024420024420024333,3.673769287288758,0.029973580155906066,-1.8067493658414302,1.5681761399173837,1.3366515403875507,2.6445828783148455,-0.45610286953246304,0.02454369260617026,-1.8054953873413997,1.564660403643354,1.3330293046726223,2.6399809359511885,-0.46019423636569234
24172.256158696,3597147943,3696,3695,1,0,10,65.36893100201269,-38,63,2.297551789077218,-96.44039735099338,95.71115973741794,48.02494802494803,0.024420024420024333,3.673769287288758,0.029973580155906066,-1.8067493658414302,1.5681761399173837,1.3366515403875507,2.6445828783148455,-0.45610286953246304,0.02454369260617026,-1.8054953873413997,1.564660403643354,1.3330293046726223,2.6399809359511885,-0.46019423636569234
24172.356152385,3597147943,3699,3698,1,0,10,65.4229639985715,-38,63,2.297551789077218,-96.44039735099338,95.71115973741794,48.02494802494803,0.024420024420024333,3.673769287288758,0.029973580155906066,-1.8067493658414302,1.5681761399173837,1.3366515403875507,2.6445828783148455,-0.45610286953246304,0.02454369260617026,-1.8054953873413997,1.564660403643354,1.3330293046726223,2.6399809359511885,-0.46019423636569234
24172.45604739,3597147943,3702,3701,1,0,10,65.26213600227493,-38,63,2.297551789077218,-96.44039735099338,95.71115973741794,48.02494802494803,0.024420024420024333,3.673769287288758,0.029973580155906066,-1.8067493658414302,1.5681761399173837,1.3366515403875507,2.6445828783148455,-0.45610286953246304,0.02454369260617026,-1.8054953873413997,1.564660403643354,1.3330293046726223,2.6399809359511885,-0.46019423636569234
24172.556095202,3597147943,3705,3704,1,0,9,65.3289420006331,-38,63,2.297551789077218,-96.44039735099338,95.71115973741794,48.02494802494803,0.024420024420024333,3.673769287288758,0.029973580155906066,-1.8067493658414302,1.5681761399173837,1.3366515403875507,2.6445828783148455,-0.45610286953246304,0.02454369260617026,-1.8054953873413997,1.564660403643354,1.3330293046726223,2.6399809359511885,-0.46019423636569234
24172.656089676,3597147943,3708,3707,1,0,9,65.38180799907423,-38,63,2.297551789077218,-96.44039735099338,95.71115973741794,48.02494802494803,0.024420024420024333,3.673769287288758,0.029973580155906066,-1.8067493658414302,1.5681761399173837,1.3366515403875507,2.6445828783148455,-0.45610286953246304,0.02454369260617026,-1.8054953873413997,1.564660403643354,1.3330293046726223,2.6399809359511885,-0.46019423636569234
24172.756025473,3597147943,3711,3710,1,0,7,65.22326699996484,-38,63,2.297551789077218,-96.44039735099338,95.71115973741794,48.02494802494803,0.024420024420024333,3.673769287288758,0.029973580155906066,-1.8067493658414302,1.5681761399173837,1.3366515403875507,2.6445828783148455,-0.45610286953246304,0.02454369260617026,-1.8054953873413997,1.564660403643354,1.3330293046726223,2.6399809359511885,-0.46019423636569234
24172.85606862,3597147943,3714,3713,1,0,6,65.2824890021293,-38,63,2.297551789077218,-96.44039735099338,95.71115973741794,48.02494802494803,0.024420024420024333,3.673769287288758,0.029973580155906066,-1.8067493658414302,1.5681761399173837,1.3366515403875507,2.6445828783148455,-0.45610286953246304,0.02454369260617026,-1.8054953873413997,1.564660403643354,1.3330293046726223,2.6399809359511885,-0.46019423636569234
24172.956069196,3597147943,3717,3716,1,0,10,65.38896500205738,-38,63,2.297551789077218,-96.44039735099338,95.71115973741794,48.02494802494803,0.024420024420024333,3.673769287288758,0.029973580155906066,-1.8067493658414302,1.5681761399173837,1.3366515403875507,2.6445828783148455,-0.45610286953246304,0.02454369260617026,-1.8054953873413997,1.564660403643354,1.3330293046726223,2.6399809359511885,-0.46019423636569234
24173.056097922,3597147943,3720,3719,1,0,10,65.20275499860873,-41,63,2.297551789077218,-96.44039735099338,95.71115973741794,48.02494802494803,0.024420024420024333,3.673769287288758,0.029973580155906066,-1.8067493658414302,1.5681761399173837,1.3366515403875507,2.6445828783148455,-0.45610286953246304,0.02454369260617026,-1.8054953873413997,1.564660403643354,1.3330293046726223,2.6399809359511885,-0.46019423636569234
24173.156052844,3597147943,3723,3722,1,0,9,65.12180299978354,-41,63,2.297551789077218,-96.44039735099338,95.71115973741794,48.02494802494803,0.024420024420024333,3.673769287288758,0.029973580155906066,-1.8067493658414302,1.5681761399173837,1.3366515403875507,2.6445828783148455,-0.45610286953246304,0.02454369260617026,-1.8054953873413997,1.564660403643354,1.3330293046726223,2.6399809359511885,-0.46019423636569234
24173.256089148,3597147943,3726,3725,1,0,9,65.22051800129702,-41,63,2.297551789077218,-96.44039735099338,95.71115973741794,48.02494802494803,0.024420024420024333,3.673769287288758,0.029973580155906066,-1.8067493658414302,1.5681761399173837,1.3366515403875507,2.6445828783148455,-0.45610286953246304,0.02454369260617026,-1.8054953873413997,1.564660403643354,1.3330293046726223,2.6399809359511885,-0.46019423636569234
24173.356098272,3597147943,3729,3728,1,0,9,65.34539100175607,-41,63,2.297551789077218,-96.44039735099338,95.71115973741794,48.02494802494803,0.024420024420024333,3.673769287288758,0.029973580155906066,-1.8067493658414302,1.5681761399173837,1.3366515403875507,2.6445828783148455,-0.45610286953246304,0.02454369260617026,-1.8054953873413997,1.564660403643354,1.3330293046726223,2.6399809359511885,-0.46019423636569234
24173.456187273,3597147943,3732,3731,1,0,10,65.37127200135728,-41,63,2.297551789077218,-96.44039735099338,95.71115973741794,48.02494802494803,0.024420024420024333,3.673769287288758,0.029973580155906066,-1.8067493658414302,1.5681761399173837,1.3366515403875507,2.6445828783148455,-0.45610286953246304,0.02454369260617026,-1.8054953873413997,1.564660403643354,1.3330293046726223,2.6399809359511885,-0.46019423636569234
24173.556042899,3597147943,3735,3734,1,0,10,65.33772500188206,-41,63,2.297551789077218,-96.44039735099338,95.71115973741794,48.02494802494803,0.024420024420024333,3.673769287288758,0.029973580155906066,-1.8067493658414302,1.5681761399173837,1.3366515403875507,2.6445828783148455,-0.45610286953246304,0.02454369260617026,-1.8054953873413997,1.564660403643354,1.3330293046726223,2.6399809359511885,-0.46019423636569234
24173.656249373,3597147943,3738,3737,1,0,9,65.21975899886456,-41,63,2.297551789077218,-96.44039735099338,95.71115973741794,48.02494802494803,0.024420024420024333,3.673769287288758,0.029973580155906066,-1.8067493658414302,1.5681761399173837,1.3366515403875507,2.6445828783148455,-0.45610286953246304,0.02454369260617026,-1.8054953873413997,1.564660403643354,1.3330293046726223,2.6399809359511885,-0.46019423636569234
24173.756176382,3597147943,3741,3740,1,0,10,65.22789199880208,-41,63,2.297551789077218,-96.44039735099338,95.71115973741794,48.02494802494803,0.024420024420024333,3.673769287288758,0.029973580155906066,-1.8067493658414302,1.5681761399173837,1.3366515403875507,2.6445828783148455,-0.45610286953246304,0.02454369260617026,-1.8054953873413997,1.564660403643354,1.3330293046726223,2.6399809359511885,-0.46019423636569234
24173.856165604,3597147943,3744,3743,1,0,10,65.1889620021393,-41,63,2.297551789077218,-96.44039735099338,95.71115973741794,48.02494802494803,0.024420024420024333,3.673769287288758,0.029973580155906066,-1.8067493658414302,1.5681761399173837,1.3366515403875507,2.6445828783148455,-0.45610286953246304,0.02454369260617026,-1.8054953873413997,1.564660403643354,1.3330293046726223,2.6399809359511885,-0.46019423636569234
24173.956315935,3597147943,3747,3746,1,0,10,65.63951600037399,-41,63,2.297551789077218,-96.44039735099338,95.71115973741794,48.02494802494803,0.024420024420024333,3.673769287288758,0.029973580155906066,-1.8067493658414302,1.5681761399173837,1.3366515403875507,2.6445828783148455,-0.45610286953246304,0.02454369260617026,-1.8054953873413997,1.564660403643354,1.3330293046726223,2.6399809359511885,-0.46019423636569234
24174.056114104,3597147943,3750,3749,1,0,10,65.31088599876966,-41,63,2.297551789077218,-96.44039735099338,95.71115973741794,48.02494802494803,0.024420024420024333,3.673769287288758,0.029973580155906066,-1.8067493658414302,1.5681761399173837,1.3366515403875507,2.6445828783148455,-0.45610286953246304,0.02454369260617026,-1.8054953873413997,1.564660403643354,1.3330293046726223,2.6399809359511885,-0.46019423636569234
24174.156056946,3597147943,3753,3752,1,0,9,65.24693699975614,-41,63,2.297551789077218,-96.44039735099338,95.71115973741794,48.02494802494803,0.024420024420024333,3.673769287288758,0.029973580155906066,-1.8067493658414302,1.5681761399173837,1.3366515403875507,2.6445828783148455,-0.45610286953246304,0.02454369260617026,-1.8054953873413997,1.564660403643354,1.3330293046726223,2.6399809359511885,-0.46019423636569234
24174.25610911,3597147943,3756,3755,1,0,10,65.28560299921082,-42,63,2.297551789077218,-96.44039735099338,95.71115973741794,48.02494802494803,0.024420024420024333,3.673769287288758,0.029973580155906066,-1.8067493658414302,1.5681761399173837,1.3366515403875507,2.6445828783148455,-0.45610286953246304,0.02454369260617026,-1.8054953873413997,1.564660403643354,1.3330293046726223,2.6399809359511885,-0.46019423636569234
24174.356074353,3597147943,3759,3758,1,0,10,65.18725099886069,-42,63,2.297551789077218,-96.44039735099338,95.71115973741794,48.02494802494803,0.024420024420024333,3.673769287288758,0.029973580155906066,-1.8067493658414302,1.5681761399173837,1.3366515403875507,2.6445828783148455,-0.45610286953246304,0.02454369260617026,-1.8054953873413997,1.564660403643354,1.3330293046726223,2.6399809359511885,-0.46019423636569234
24174.456160328,3597147943,3762,3761,1,0,10,65.45376800204394,-42,63,2.297551789077218,-96.44039735099338,95.71115973741794,48.02494802494803,0.024420024420024333,3.673769287288758,0.029973580155906066,-1.8067493658414302,1.5681761399173837,1.3366515403875507,2.6445828783148455,-0.45610286953246304,0.02454369260617026,-1.8054953873413997,1.564660403643354,1.3330293046726223,2.6399809359511885,-0.46019423636569234
24174.55603212,3597147943,3765,3764,1,0,13,65.23951399867656,-42,63,2.297551789077218,-96.44039735099338,95.71115973741794,48.02494802494803,0.024420024420024333,3.673769287288758,0.029973580155906066,-1.8067493658414302,1.5681761399173837,1.3366515403875507,2.6445828783148455,-0.45610286953246304,0.02454369260617026,-1.8054953873413997,1.564660403643354,1.3330293046726223,2.6399809359511885,-0.46019423636569234
24174.656014871,3597147943,3768,3766,1,0,47,98.4069680016546,-42,63,2.297551789077218,-96.44039735099338,95.71115973741794,48.02494802494803,0.024420024420024333,3.673769287288758,0.029973580155906066,-1.8067493658414302,1.5681761399173837,1.3366515403875507,2.6445828783148455,-0.45610286953246304,0.02454369260617026,-1.8054953873413997,1.564660403643354,1.3330293046726223,2.6399809359511885,-0.46019423636569234
24174.756065634,3597147943,3771,3770,1,0,9,65.1711719983723,-42,63,2.297551789077218,-96.44039735099338,95.71115973741794,48.02494802494803,0.024420024420024333,3.673769287288758,0.029973580155906066,-1.8067493658414302,1.5681761399173837,1.3366515403875507,2.6445828783148455,-0.45610286953246304,0.02454369260617026,-1.8054953873413997,1.564660403643354,1.3330293046726223,2.6399809359511885,-0.46019423636569234
24174.855964038,3597147943,3774,3773,1,0,10,65.08984800166218,-42,63,2.297551789077218,-96.44039735099338,95.71115973741794,48.02494802494803,0.024420024420024333,3.673769287288758,0.029973580155906066,-1.8067493658414302,1.5681761399173837,1.3366515403875507,2.6445828783148455,-0.45610286953246304,0.02454369260617026,-1.8054953873413997,1.564660403643354,1.3330293046726223,2.6399809359511885,-0.46019423636569234
24174.956025087,3597147943,3777,3776,1,0,14,65.28862699997262,-42,63,2.297551789077218,-96.44039735099338,95.71115973741794,48.02494802494803,0.024420024420024333,3.673769287288758,0.029973580155906066,-1.8067493658414302,1.5681761399173837,1.3366515403875507,2.6445828783148455,-0.45610286953246304,0.02454369260617026,-1.8054953873413997,1.564660403643354,1.3330293046726223,2.6399809359511885,-0.46019423636569234
24175.056071909,3597147943,3780,3779,1,0,10,65.20037100199261,-42,63,2.297551789077218,-96.44039735099338,95.71115973741794,48.02494802494803,0.024420024420024333,3.673769287288758,0.029973580155906066,-1.8067493658414302,1.5681761399173837,1.3366515403875507,2.6445828783148455,-0.45610286953246304,0.02454369260617026,-1.8054953873413997,1.564660403643354,1.3330293046726223,2.6399809359511885,-0.46019423636569234
24175.156009448,3597147943,3783,3782,1,0,9,64.972010000929,-42,63,2.297551789077218,-96.44039735099338,95.71115973741794,48.02494802494803,0.024420024420024333,3.673769287288758,0.029973580155906066,-1.8067493658414302,1.5681761399173837,1.3366515403875507,2.6445828783148455,-0.45610286953246304,0.02454369260617026,-1.8054953873413997,1.564660403643354,1.3330293046726223,2.6399809359511885,-0.46019423636569234
24175.256078709,3597147943,3786,3785,1,0,6,65.23497699890868,-42,63,2.297551789077218,-96.44039735099338,95.71115973741794,48.02494802494803,0.024420024420024333,3.673769287288758,0.029973580155906066,-1.8067493658414302,1.5681761399173837,1.3366515403875507,2.6445828783148455,-0.45610286953246304,0.02454369260617026,-1.8054953873413997,1.564660403643354,1.3330293046726223,2.6399809359511885,-0.46019423636569234
24175.356033936,3597147943,3789,3788,1,0,10,64.89337099992554,-40,63,2.297551789077218,-96.44039735099338,95.71115973741794,48.02494802494803,0.024420024420024333,3.673769287288758,0.029973580155906066,-1.8067493658414302,1.5681761399173837,1.3366515403875507,2.6445828783148455,-0.45610286953246304,0.02454369260617026,-1.8054953873413997,1.564660403643354,1.3330293046726223,2.6399809359511885,-0.46019423636569234
24175.456142271,3597147943,3792,3791,1,0,10,65.29723399944487,-40,63,2.297551789077218,-96.44039735099338,95.71115973741794,48.02494802494803,0.024420024420024333,3.673769287288758,0.029973580155906066,-1.8067493658414302,1.5681761399173837,1.3366515403875507,2.6445828783148455,-0.45610286953246304,0.02454369260617026,-1.8054953873413997,1.564660403643354,1.3330293046726223,2.6399809359511885,-0.46019423636569234
24175.5560248,3597147943,3795,3794,1,0,9,64.72038199717645,-40,63,2.297551789077218,-96.44039735099338,95.71115973741794,48.02494802494803,0.024420024420024333,3.673769287288758,0.029973580155906066,-1.8067493658414302,1.5681761399173837,1.3366515403875507,2.6445828783148455,-0.45610286953246304,0.02454369260617026,-1.8054953873413997,1.564660403643354,1.3330293046726223,2.6399809359511885,-0.46019423636569234
24175.656007116,3597147943,3798,3797,1,0,10,65.18384700029856,-40,63,2.297551789077218,-96.44039735099338,95.71115973741794,48.02494802494803,0.024420024420024333,3.673769287288758,0.029973580155906066,-1.8067493658414302,1.5681761399173837,1.3366515403875507,2.6445828783148455,-0.45610286953246304,0.02454369260617026,-1.8054953873413997,1.564660403643354,1.3330293046726223,2.6399809359511885,-0.46019423636569234
24175.75598461,3597147943,3801,3800,1,0,9,65.11571299779462,-40,63,2.297551789077218,-96.44039735099338,95.71115973741794,48.02494802494803,0.024420024420024333,3.673769287288758,0.029973580155906066,-1.8067493658414302,1.5681761399173837,1.3366515403875507,2.6445828783148455,-0.45610286953246304,0.02454369260617026,-1.8054953873413997,1.564660403643354,1.3330293046726223,2.6399809359511885,-0.46019423636569234
24175.856122876,3597147943,3804,3803,1,0,9,65.34888399983174,-40,63,2.297551789077218,-96.44039735099338,95.71115973741794,48.02494802494803,0.024420024420024333,3.673769287288758,0.029973580155906066,-1.8067493658414302,1.5681761399173837,1.3366515403875507,2.6445828783148455,-0.45610286953246304,0.02454369260617026,-1.8054953873413997,1.564660403643354,1.3330293046726223,2.6399809359511885,-0.46019423636569234
24175.956126883,3597147943,3807,3806,1,0,13,65.34575300247525,-40,63,2.297551789077218,-96.44039735099338,95.71115973741794,48.02494802494803,0.024420024420024333,3.673769287288758,0.029973580155906066,-1.8067493658414302,1.5681761399173837,1.3366515403875507,2.6445828783148455,-0.45610286953246304,0.02454369260617026,-1.8054953873413997,1.564660403643354,1.3330293046726223,2.6399809359511885,-0.46019423636569234
24176.056176496,3597147943,3810,3809,1,0,9,65.24020899814786,-40,63,2.297551789077218,-96.44039735099338,95.71115973741794,48.02494802494803,0.024420024420024333,3.673769287288758,0.029973580155906066,-1.8067493658414302,1.5681761399173837,1.3366515403875507,2.6445828783148455,-0.45610286953246304,0.02454369260617026,-1.8054953873413997,1.564660403643354,1.3330293046726223,2.6399809359511885,-0.46019423636569234
24176.156053691,3597147943,3813,3812,1,0,11,65.04831499842112,-40,63,2.297551789077218,-96.44039735099338,95.71115973741794,48.02494802494803,0.024420024420024333,3.673769287288758,0.029973580155906066,-1.8067493658414302,1.5681761399173837,1.3366515403875507,2.6445828783148455,-0.45610286953246304,0.02454369260617026,-1.8054953873413997,1.564660403643354,1.3330293046726223,2.6399809359511885,-0.46019423636569234
24176.256177134,3597147943,3816,3815,1,0,10,65.24242099840194,-40,63,2.297551789077218,-96.44039735099338,95.71115973741794,48.02494802494803,0.024420024420024333,3.673769287288758,0.029973580155906066,-1.8067493658414302,1.5681761399173837,1.3366515403875507,2.6445828783148455,-0.45610286953246304,0.02454369260617026,-1.8054953873413997,1.564660403643354,1.3330293046726223,2.6399809359511885,-0.46019423636569234
24176.356212837,3597147943,3819,3818,1,0,10,65.14719800179591,-40,63,2.297551789077218,-96.44039735099338,95.71115973741794,48.02494802494803,0.024420024420024333,3.673769287288758,0.029973580155906066,-1.8067493658414302,1.5681761399173837,1.3366515403875507,2.6445828783148455,-0.45610286953246304,0.02454369260617026,-1.8054953873413997,1.564660403643354,1.3330293046726223,2.6399809359511885,-0.46019423636569234
24176.456092272,3597147943,3822,3821,1,0,10,65.11584799955017,-40,63,2.297551789077218,-96.44039735099338,95.71115973741794,48.02494802494803,0.024420024420024333,3.673769287288758,0.029973580155906066,-1.8067493658414302,1.5681761399173837,1.3366515403875507,2.6445828783148455,-0.45610286953246304,0.02454369260617026,-1.8054953873413997,1.564660403643354,1.3330293046726223,2.6399809359511885,-0.46019423636569234
24176.556018076,3597147943,3825,3824,1,0,9,65.25809800223215,-40,63,2.297551789077218,-96.44039735099338,95.71115973741794,48.02494802494803,0.024420024420024333,3.673769287288758,0.029973580155906066,-1.8067493658414302,1.5681761399173837,1.3366515403875507,2.6445828783148455,-0.45610286953246304,0.02454369260617026,-1.8054953873413997,1.564660403643354,1.3330293046726223,2.6399809359511885,-0.46019423636569234
24176.656083693,3597147943,3828,3827,1,0,10,65.30088200088358,-40,63,2.297551789077218,-96.44039735099338,95.71115973741794,48.02494802494803,0.024420024420024333,3.673769287288758,0.029973580155906066,-1.8067493658414302,1.5681761399173837,1.3366515403875507,2.6445828783148455,-0.45610286953246304,0.02454369260617026,-1.8054953873413997,1.564660403643354,1.3330293046726223,2.6399809359511885,-0.46019423636569234
24176.75613544,3597147943,3831,3830,1,0,10,65.41245599873946,-40,63,2.297551789077218,-96.44039735099338,95.71115973741794,48.02494802494803,0.024420024420024333,3.673769287288758,0.029973580155906066,-1.8067493658414302,1.5681761399173837,1.3366515403875507,2.6445828783148455,-0.45610286953246304,0.02454369260617026,-1.8054953873413997,1.564660403643354,1.3330293046726223,2.6399809359511885,-0.46019423636569234
24176.856015858,3597147943,3834,3833,1,0,12,65.08860100075253,-40,63,2.297551789077218,-96.44039735099338,95.71115973741794,48.02494802494803,0.024420024420024333,3.673769287288758,0.029973580155906066,-1.8067493658414302,1.5681761399173837,1.3366515403875507,2.6445828783148455,-0.45610286953246304,0.02454369260617026,-1.8054953873413997,1.564660403643354,1.3330293046726223,2.6399809359511885,-0.46019423636569234
24176.955969904,3597147943,3837,3836,1,0,14,65.106169997307,-40,63,2.297551789077218,-96.44039735099338,95.71115973741794,48.02494802494803,0.024420024420024333,3.673769287288758,0.029973580155906066,-1.8067493658414302,1.5681761399173837,1.3366515403875507,2.6445828783148455,-0.45610286953246304,0.02454369260617026,-1.8054953873413997,1.564660403643354,1.3330293046726223,2.6399809359511885,-0.46019423636569234
24177.056090092,3597147943,3840,3839,1,0,8,65.29153500014218,-40,63,2.297551789077218,-96.44039735099338,95.71115973741794,48.02494802494803,0.024420024420024333,3.673769287288758,0.029973580155906066,-1.8067493658414302,1.5681761399173837,1.3366515403875507,2.6445828783148455,-0.45610286953246304,0.02454369260617026,-1.8054953873413997,1.564660403643354,1.3330293046726223,2.6399809359511885,-0.46019423636569234
24177.156170585,3597147943,3843,3842,1,0,9,65.05423599810456,-40,63,2.297551789077218,-96.44039735099338,95.71115973741794,48.02494802494803,0.024420024420024333,3.673769287288758,0.029973580155906066,-1.8067493658414302,1.5681761399173837,1.3366515403875507,2.6445828783148455,-0.45610286953246304,0.02454369260617026,-1.8054953873413997,1.564660403643354,1.3330293046726223,2.6399809359511885,-0.46019423636569234
24177.256112977,3597147943,3846,3845,1,0,9,65.09809500130359,-40,63,2.297551789077218,-96.44039735099338,95.71115973741794,48.02494802494803,0.024420024420024333,3.673769287288758,0.029973580155906066,-1.8067493658414302,1.5681761399173837,1.3366515403875507,2.6445828783148455,-0.45610286953246304,0.02454369260617026,-1.8054953873413997,1.564660403643354,1.3330293046726223,2.6399809359511885,-0.46019423636569234
24177.356062486,3597147943,3849,3848,1,0,3,65.01663000017288,-40,63,2.297551789077218,-96.44039735099338,95.71115973741794,48.02494802494803,0.024420024420024333,3.673769287288758,0.029973580155906066,-1.8067493658414302,1.5681761399173837,1.3366515403875507,2.6445828783148455,-0.45610286953246304,0.02454369260617026,-1.8054953873413997,1.564660403643354,1.3330293046726223,2.6399809359511885,-0.46019423636569234
24177.456160585,3597147943,3852,3851,1,0,14,65.115171000798,-40,63,2.297551789077218,-96.44039735099338,95.71115973741794,48.02494802494803,0.024420024420024333,3.673769287288758,0.029973580155906066,-1.8067493658414302,1.5681761399173837,1.3366515403875507,2.6445828783148455,-0.45610286953246304,0.02454369260617026,-1.8054953873413997,1.564660403643354,1.3330293046726223,2.6399809359511885,-0.46019423636569234
24177.556040495,3597147943,3855,3854,1,0,10,65.04522199975327,-40,63,2.297551789077218,-96.44039735099338,95.71115973741794,48.02494802494803,0.024420024420024333,3.673769287288758,0.029973580155906066,-1.8067493658414302,1.5681761399173837,1.3366515403875507,2.6445828783148455,-0.45610286953246304,0.02454369260617026,-1.8054953873413997,1.564660403643354,1.3330293046726223,2.6399809359511885,-0.46019423636569234
24177.656071881,3597147943,3858,3857,1,0,10,65.09795099918847,-40,63,2.297551789077218,-96.44039735099338,95.71115973741794,48.02494802494803,0.024420024420024333,3.673769287288758,0.029973580155906066,-1.8067493658414302,1.5681761399173837,1.3366515403875507,2.6445828783148455,-0.45610286953246304,0.02454369260617026,-1.8054953873413997,1.564660403643354,1.3330293046726223,2.6399809359511885,-0.46019423636569234
24177.756090428,3597147943,3861,3860,1,0,10,65.23468600062188,-40,63,2.297551789077218,-96.44039735099338,95.71115973741794,48.02494802494803,0.024420024420024333,3.673769287288758,0.029973580155906066,-1.8067493658414302,1.5681761399173837,1.3366515403875507,2.6445828783148455,-0.45610286953246304,0.02454369260617026,-1.8054953873413997,1.564660403643354,1.3330293046726223,2.6399809359511885,-0.46019423636569234
24177.856016961,3597147943,3864,3863,1,0,10,65.34069199915393,-40,63,2.297551789077218,-96.44039735099338,95.71115973741794,48.02494802494803,0.024420024420024333,3.673769287288758,0.029973580155906066,-1.8067493658414302,1.5681761399173837,1.3366515403875507,2.6445828783148455,-0.45610286953246304,0.02454369260617026,-1.8054953873413997,1.564660403643354,1.3330293046726223,2.6399809359511885,-0.46019423636569234
24177.956050145,3597147943,3867,3866,1,0,10,65.06883399924845,-40,63,2.297551789077218,-96.44039735099338,95.71115973741794,48.02494802494803,0.024420024420024333,3.673769287288758,0.029973580155906066,-1.8067493658414302,1.5681761399173837,1.3366515403875507,2.6445828783148455,-0.45610286953246304,0.02454369260617026,-1.8054953873413997,1.564660403643354,1.3330293046726223,2.6399809359511885,-0.46019423636569234
24178.056166711,3597147943,3870,3869,1,0,9,65.31221399927745,-40,63,2.297551789077218,-96.44039735099338,95.71115973741794,48.02494802494803,0.024420024420024333,3.673769287288758,0.029973580155906066,-1.8067493658414302,1.5681761399173837,1.3366515403875507,2.6445828783148455,-0.45610286953246304,0.02454369260617026,-1.8054953873413997,1.564660403643354,1.3330293046726223,2.6399809359511885,-0.46019423636569234
24178.156169761,3597147943,3873,3872,1,0,9,65.31382799948915,-40,63,2.297551789077218,-96.44039735099338,95.71115973741794,48.02494802494803,0.024420024420024333,3.673769287288758,0.029973580155906066,-1.8067493658414302,1.5681761399173837,1.3366515403875507,2.6445828783148455,-0.45610286953246304,0.02454369260617026,-1.8054953873413997,1.564660403643354,1.3330293046726223,2.6399809359511885,-0.46019423636569234
24178.256286358,3597147943,3876,3875,1,0,10,65.0396710007044,-40,63,2.297551789077218,-96.44039735099338,95.71115973741794,48.02494802494803,0.024420024420024333,3.673769287288758,0.029973580155906066,-1.8067493658414302,1.5681761399173837,1.3366515403875507,2.6445828783148455,-0.45610286953246304,0.02454369260617026,-1.8054953873413997,1.564660403643354,1.3330293046726223,2.6399809359511885,-0.46019423636569234
24178.356310988,3597147943,3879,3878,1,0,10,64.93294900064939,-40,63,2.297551789077218,-96.44039735099338,95.71115973741794,48.02494802494803,0.024420024420024333,3.673769287288758,0.029973580155906066,-1.8067493658414302,1.5681761399173837,1.3366515403875507,2.6445828783148455,-0.45610286953246304,0.02454369260617026,-1.8054953873413997,1.564660403643354,1.3330293046726223,2.6399809359511885,-0.46019423636569234
24178.455952339,3597147943,3882,3881,1,0,11,64.7840540004836,-40,63,2.297551789077218,-96.44039735099338,95.71115973741794,48.02494802494803,0.024420024420024333,3.673769287288758,0.029973580155906066,-1.8067493658414302,1.5681761399173837,1.3366515403875507,2.6445828783148455,-0.45610286953246304,0.02454369260617026,-1.8054953873413997,1.564660403643354,1.3330293046726223,2.6399809359511885,-0.46019423636569234
24178.555979666,3597147943,3885,3884,1,0,11,65.20295500013162,-40,63,2.297551789077218,-96.44039735099338,95.71115973741794,48.02494802494803,0.024420024420024333,3.673769287288758,0.029973580155906066,-1.8067493658414302,1.5681761399173837,1.3366515403875507,2.6445828783148455,-0.45610286953246304,0.02454369260617026,-1.8054953873413997,1.564660403643354,1.3330293046726223,2.6399809359511885,-0.46019423636569234
24178.656212143,3597147943,3888,3887,1,0,9,65.4566689991043,-40,63,2.297551789077218,-96.44039735099338,95.71115973741794,48.02494802494803,0.024420024420024333,3.673769287288758,0.029973580155906066,-1.8067493658414302,1.5681761399173837,1.3366515403875507,2.6445828783148455,-0.45610286953246304,0.02454369260617026,-1.8054953873413997,1.564660403643354,1.3330293046726223,2.6399809359511885,-0.46019423636569234
24178.756150126,3597147943,3891,3890,1,0,9,65.1429850004206,-39,63,2.297551789077218,-96.44039735099338,95.71115973741794,48.02494802494803,0.024420024420024333,3.673769287288758,0.029973580155906066,-1.8067493658414302,1.5681761399173837,1.3366515403875507,2.6445828783148455,-0.45610286953246304,0.02454369260617026,-1.8054953873413997,1.564660403643354,1.3330293046726223,2.6399809359511885,-0.46019423636569234
24178.856175424,3597147943,3894,3893,1,0,9,65.14918399989256,-39,63,2.297551789077218,-96.44039735099338,95.71115973741794,48.02494802494803,0.024420024420024333,3.673769287288758,0.029973580155906066,-1.8067493658414302,1.5681761399173837,1.3366515403875507,2.6445828783148455,-0.45610286953246304,0.02454369260617026,-1.8054953873413997,1.564660403643354,1.3330293046726223,2.6399809359511885,-0.46019423636569234
24178.956210715,3597147943,3897,3896,1,0,9,64.82952599981218,-39,63,2.297551789077218,-96.44039735099338,95.71115973741794,48.02494802494803,0.024420024420024333,3.673769287288758,0.029973580155906066,-1.8067493658414302,1.5681761399173837,1.3366515403875507,2.6445828783148455,-0.45610286953246304,0.02454369260617026,-1.8054953873413997,1.564660403643354,1.3330293046726223,2.6399809359511885,-0.46019423636569234
24179.056328579,3597147943,3900,3899,1,0,9,64.97917000160669,-39,63,2.297551789077218,-96.44039735099338,95.71115973741794,48.02494802494803,0.024420024420024333,3.673769287288758,0.029973580155906066,-1.8067493658414302,1.5681761399173837,1.3366515403875507,2.6445828783148455,-0.45610286953246304,0.02454369260617026,-1.8054953873413997,1.564660403643354,1.3330293046726223,2.6399809359511885,-0.46019423636569234
24179.156228058,3597147943,3903,3902,1,0,10,64.88536800316069,-39,63,2.297551789077218,-96.44039735099338,95.71115973741794,48.02494802494803,0.024420024420024333,3.673769287288758,0.029973580155906066,-1.8067493658414302,1.5681761399173837,1.3366515403875507,2.6445828783148455,-0.45610286953246304,0.02454369260617026,-1.8054953873413997,1.564660403643354,1.3330293046726223,2.6399809359511885,-0.46019423636569234
24179.256153217,3597147943,3906,3905,1,0,13,64.91048300085822,-39,63,2.297551789077218,-96.44039735099338,95.71115973741794,48.02494802494803,0.024420024420024333,3.673769287288758,0.029973580155906066,-1.8067493658414302,1.5681761399173837,1.3366515403875507,2.6445828783148455,-0.45610286953246304,0.02454369260617026,-1.8054953873413997,1.564660403643354,1.3330293046726223,2.6399809359511885,-0.46019423636569234
24179.356336667,3597147943,3909,3908,1,0,10,65.41153299986036,-39,63,2.297551789077218,-96.44039735099338,95.71115973741794,48.02494802494803,0.024420024420024333,3.673769287288758,0.029973580155906066,-1.8067493658414302,1.5681761399173837,1.3366515403875507,2.6445828783148455,-0.45610286953246304,0.02454369260617026,-1.8054953873413997,1.564660403643354,1.3330293046726223,2.6399809359511885,-0.46019423636569234
24179.45619116,3597147943,3912,3911,1,0,10,65.06235400229343,-39,63,2.297551789077218,-96.44039735099338,95.71115973741794,48.02494802494803,0.024420024420024333,3.673769287288758,0.029973580155906066,-1.8067493658414302,1.5681761399173837,1.3366515403875507,2.6445828783148455,-0.45610286953246304,0.02454369260617026,-1.8054953873413997,1.564660403643354,1.3330293046726223,2.6399809359511885,-0.46019423636569234
24179.556022157,3597147943,3915,3914,1,0,10,64.91792199813062,-39,63,2.297551789077218,-96.44039735099338,95.71115973741794,48.02494802494803,0.024420024420024333,3.673769287288758,0.029973580155906066,-1.8067493658414302,1.5681761399173837,1.3366515403875507,2.6445828783148455,-0.45610286953246304,0.02454369260617026,-1.8054953873413997,1.564660403643354,1.3330293046726223,2.6399809359511885,-0.46019423636569234
24179.655976764,3597147943,3918,3917,1,0,10,65.13338700096938,-39,63,2.297551789077218,-96.44039735099338,95.71115973741794,48.02494802494803,0.024420024420024333,3.673769287288758,0.029973580155906066,-1.8067493658414302,1.5681761399173837,1.3366515403875507,2.6445828783148455,-0.45610286953246304,0.02454369260617026,-1.8054953873413997,1.564660403643354,1.3330293046726223,2.6399809359511885,-0.46019423636569234
24179.756119329,3597147943,3921,3920,1,0,10,65.27537899819436,-39,63,2.297551789077218,-96.44039735099338,95.71115973741794,48.02494802494803,0.024420024420024333,3.673769287288758,0.029973580155906066,-1.8067493658414302,1.5681761399173837,1.3366515403875507,2.6445828783148455,-0.45610286953246304,0.02454369260617026,-1.8054953873413997,1.564660403643354,1.3330293046726223,2.6399809359511885,-0.46019423636569234
24179.85606302,3597147943,3924,3923,1,0,11,65.40717300231336,-40,63,2.297551789077218,-96.44039735099338,95.71115973741794,48.02494802494803,0.024420024420024333,3.673769287288758,0.029973580155906066,-1.8067493658414302,1.5681761399173837,1.3366515403875507,2.6445828783148455,-0.45610286953246304,0.02454369260617026,-1.8054953873413997,1.564660403643354,1.3330293046726223,2.6399809359511885,-0.46019423636569234
24179.956104442,3597147943,3927,3926,1,0,10,65.39542300015455,-40,63,2.297551789077218,-96.44039735099338,95.71115973741794,48.02494802494803,0.024420024420024333,3.673769287288758,0.029973580155906066,-1.8067493658414302,1.5681761399173837,1.3366515403875507,2.6445828783148455,-0.45610286953246304,0.02454369260617026,-1.8054953873413997,1.564660403643354,1.3330293046726223,2.6399809359511885,-0.46019423636569234
24180.056222759,3597147943,3930,3929,1,0,9,65.50439399870811,-40,63,2.297551789077218,-96.44039735099338,95.71115973741794,48.02494802494803,0.024420024420024333,3.673769287288758,0.029973580155906066,-1.8067493658414302,1.5681761399173837,1.3366515403875507,2.6445828783148455,-0.45610286953246304,0.02454369260617026,-1.8054953873413997,1.564660403643354,1.3330293046726223,2.6399809359511885,-0.46019423636569234
24180.155979273,3597147943,3933,3932,1,0,10,65.29779999982566,-40,63,2.297551789077218,-96.44039735099338,95.71115973741794,48.02494802494803,0.024420024420024333,3.673769287288758,0.029973580155906066,-1.8067493658414302,1.5681761399173837,1.3366515403875507,2.6445828783148455,-0.45610286953246304,0.02454369260617026,-1.8054953873413997,1.564660403643354,1.3330293046726223,2.6399809359511885,-0.46019423636569234
24180.256015286,3597147943,3936,3935,1,0,10,65.13091099986923,-40,63,2.297551789077218,-96.44039735099338,95.71115973741794,48.02494802494803,0.024420024420024333,3.673769287288758,0.029973580155906066,-1.8067493658414302,1.5681761399173837,1.3366515403875507,2.6445828783148455,-0.45610286953246304,0.02454369260617026,-1.8054953873413997,1.564660403643354,1.3330293046726223,2.6399809359511885,-0.46019423636569234
24180.356220217,3597147943,3939,3938,1,0,9,65.35000000076252,-40,63,2.297551789077218,-96.44039735099338,95.71115973741794,48.02494802494803,0.024420024420024333,3.673769287288758,0.029973580155906066,-1.8067493658414302,1.5681761399173837,1.3366515403875507,2.6445828783148455,-0.45610286953246304,0.02454369260617026,-1.8054953873413997,1.564660403643354,1.3330293046726223,2.6399809359511885,-0.46019423636569234
24180.456094032,3597147943,3942,3941,1,0,10,65.07685799806495,-40,63,2.297551789077218,-96.44039735099338,95.71115973741794,48.02494802494803,0.024420024420024333,3.673769287288758,0.029973580155906066,-1.8067493658414302,1.5681761399173837,1.3366515403875507,2.6445828783148455,-0.45610286953246304,0.02454369260617026,-1.8054953873413997,1.564660403643354,1.3330293046726223,2.6399809359511885,-0.46019423636569234
24180.556119247,3597147943,3945,3944,1,0,10,65.17150899890112,-40,63,2.297551789077218,-96.44039735099338,95.71115973741794,48.02494802494803,0.024420024420024333,3.673769287288758,0.029973580155906066,-1.8067493658414302,1.5681761399173837,1.3366515403875507,2.6445828783148455,-0.45610286953246304,0.02454369260617026,-1.8054953873413997,1.564660403643354,1.3330293046726223,2.6399809359511885,-0.46019423636569234
24180.656232899,3597147943,3948,3947,1,0,14,65.31970100331819,-40,63,2.297551789077218,-96.44039735099338,95.71115973741794,48.02494802494803,0.024420024420024333,3.673769287288758,0.029973580155906066,-1.8067493658414302,1.5681761399173837,1.3366515403875507,2.6445828783148455,-0.45610286953246304,0.02454369260617026,-1.8054953873413997,1.564660403643354,1.3330293046726223,2.6399809359511885,-0.46019423636569234
24180.75634504,3597147943,3951,3950,1,0,10,65.43443600094179,-40,63,2.297551789077218,-96.44039735099338,95.71115973741794,48.02494802494803,0.024420024420024333,3.673769287288758,0.029973580155906066,-1.8067493658414302,1.5681761399173837,1.3366515403875507,2.6445828783148455,-0.45610286953246304,0.02454369260617026,-1.8054953873413997,1.564660403643354,1.3330293046726223,2.6399809359511885,-0.46019423636569234
24180.856174962,3597147943,3954,3953,1,0,14,64.92051500026719,-40,63,2.297551789077218,-96.44039735099338,95.71115973741794,48.02494802494803,0.024420024420024333,3.673769287288758,0.029973580155906066,-1.8067493658414302,1.5681761399173837,1.3366515403875507,2.6445828783148455,-0.45610286953246304,0.02454369260617026,-1.8054953873413997,1.564660403643354,1.3330293046726223,2.6399809359511885,-0.46019423636569234
24180.956163212,3597147943,3957,3956,1,0,10,65.11642399709672,-37,63,2.297551789077218,-96.44039735099338,95.71115973741794,48.02494802494803,0.024420024420024333,3.673769287288758,0.029973580155906066,-1.8067493658414302,1.5681761399173837,1.3366515403875507,2.6445828783148455,-0.45610286953246304,0.02454369260617026,-1.8054953873413997,1.564660403643354,1.3330293046726223,2.6399809359511885,-0.46019423636569234
24181.056392428,3597147943,3960,3959,1,0,4,65.33971200042288,-37,63,2.297551789077218,-96.44039735099338,95.71115973741794,48.02494802494803,0.024420024420024333,3.673769287288758,0.029973580155906066,-1.8067493658414302,1.5681761399173837,1.3366515403875507,2.6445828783148455,-0.45610286953246304,0.02454369260617026,-1.8054953873413997,1.564660403643354,1.3330293046726223,2.6399809359511885,-0.46019423636569234
24181.156342407,3597147943,3963,3962,1,0,9,65.14672800039989,-37,63,2.297551789077218,-96.44039735099338,95.71115973741794,48.02494802494803,0.024420024420024333,3.673769287288758,0.029973580155906066,-1.8067493658414302,1.5681761399173837,1.3366515403875507,2.6445828783148455,-0.45610286953246304,0.02454369260617026,-1.8054953873413997,1.564660403643354,1.3330293046726223,2.6399809359511885,-0.46019423636569234
24181.256272548,3597147943,3966,3965,1,0,8,64.50880800184677,-37,63,2.297551789077218,-96.44039735099338,95.71115973741794,48.02494802494803,0.024420024420024333,3.673769287288758,0.029973580155906066,-1.8067493658414302,1.5681761399173837,1.3366515403875507,2.6445828783148455,-0.45610286953246304,0.02454369260617026,-1.8054953873413997,1.564660403643354,1.3330293046726223,2.6399809359511885,-0.46019423636569234
24181.356143926,3597147943,3969,3968,1,0,9,64.96812099794624,-37,63,2.297551789077218,-96.44039735099338,95.71115973741794,48.02494802494803,0.024420024420024333,3.673769287288758,0.029973580155906066,-1.8067493658414302,1.5681761399173837,1.3366515403875507,2.6445828783148455,-0.45610286953246304,0.02454369260617026,-1.8054953873413997,1.564660403643354,1.3330293046726223,2.6399809359511885,-0.46019423636569234
24181.456095864,3597147943,3972,3971,1,0,9,64.88712700229371,-37,63,2.297551789077218,-96.44039735099338,95.71115973741794,48.02494802494803,0.024420024420024333,3.673769287288758,0.029973580155906066,-1.8067493658414302,1.5681761399173837,1.3366515403875507,2.6445828783148455,-0.45610286953246304,0.02454369260617026,-1.8054953873413997,1.564660403643354,1.3330293046726223,2.6399809359511885,-0.46019423636569234
24181.556019042,3597147943,3975,3974,1,0,10,65.31349600118119,-37,63,2.297551789077218,-96.44039735099338,95.71115973741794,48.02494802494803,0.024420024420024333,3.673769287288758,0.029973580155906066,-1.8067493658414302,1.5681761399173837,1.3366515403875507,2.6445828783148455,-0.45610286953246304,0.02454369260617026,-1.8054953873413997,1.564660403643354,1.3330293046726223,2.6399809359511885,-0.46019423636569234
24181.656113286,3597147943,3978,3977,1,0,10,65.46389900177019,-37,63,2.297551789077218,-96.44039735099338,95.71115973741794,48.02494802494803,0.024420024420024333,3.673769287288758,0.029973580155906066,-1.8067493658414302,1.5681761399173837,1.3366515403875507,2.6445828783148455,-0.45610286953246304,0.02454369260617026,-1.8054953873413997,1.564660403643354,1.3330293046726223,2.6399809359511885,-0.46019423636569234
24181.755973077,3597147943,3981,3980,1,0,9,65.31102799999644,-37,63,2.297551789077218,-96.44039735099338,95.71115973741794,48.02494802494803,0.024420024420024333,3.673769287288758,0.029973580155906066,-1.8067493658414302,1.5681761399173837,1.3366515403875507,2.6445828783148455,-0.45610286953246304,0.02454369260617026,-1.8054953873413997,1.564660403643354,1.3330293046726223,2.6399809359511885,-0.46019423636569234
24181.855999776,3597147943,3984,3983,1,0,9,65.19947799824877,-37,63,2.297551789077218,-96.44039735099338,95.71115973741794,48.02494802494803,0.024420024420024333,3.673769287288758,0.029973580155906066,-1.8067493658414302,1.5681761399173837,1.3366515403875507,2.6445828783148455,-0.45610286953246304,0.02454369260617026,-1.8054953873413997,1.564660403643354,1.3330293046726223,2.6399809359511885,-0.46019423636569234
24181.955989764,3597147943,3987,3986,1,0,10,65.3752229991369,-37,63,2.297551789077218,-96.44039735099338,95.71115973741794,48.02494802494803,0.024420024420024333,3.673769287288758,0.029973580155906066,-1.8067493658414302,1.5681761399173837,1.3366515403875507,2.6445828783148455,-0.45610286953246304,0.02454369260617026,-1.8054953873413997,1.564660403643354,1.3330293046726223,2.6399809359511885,-0.46019423636569234
24182.056158824,3597147943,3990,3989,1,0,10,65.24517000070773,-37,63,2.297551789077218,-96.44039735099338,95.71115973741794,48.02494802494803,0.024420024420024333,3.673769287288758,0.029973580155906066,-1.8067493658414302,1.5681761399173837,1.3366515403875507,2.6445828783148455,-0.45610286953246304,0.02454369260617026,-1.8054953873413997,1.564660403643354,1.3330293046726223,2.6399809359511885,-0.46019423636569234
24182.156209828,3597147943,3993,3992,1,0,10,65.40209999729996,-38,63,2.297551789077218,-96.44039735099338,95.71115973741794,48.02494802494803,0.024420024420024333,3.673769287288758,0.029973580155906066,-1.8067493658414302,1.5681761399173837,1.3366515403875507,2.6445828783148455,-0.45610286953246304,0.02454369260617026,-1.8054953873413997,1.564660403643354,1.3330293046726223,2.6399809359511885,-0.46019423636569234
24182.256305301,3597147943,3996,3995,1,0,12,64.98876700061373,-38,63,2.297551789077218,-96.44039735099338,95.71115973741794,48.02494802494803,0.024420024420024333,3.673769287288758,0.029973580155906066,-1.8067493658414302,1.5681761399173837,1.3366515403875507,2.6445828783148455,-0.45610286953246304,0.02454369260617026,-1.8054953873413997,1.564660403643354,1.3330293046726223,2.6399809359511885,-0.46019423636569234
24182.356197837,3597147943,3999,3998,1,0,12,65.24250900110928,-38,63,2.297551789077218,-96.44039735099338,95.71115973741794,48.02494802494803,0.024420024420024333,3.673769287288758,0.029973580155906066,-1.8067493658414302,1.5681761399173837,1.3366515403875507,2.6445828783148455,-0.45610286953246304,0.02454369260617026,-1.8054953873413997,1.564660403643354,1.3330293046726223,2.6399809359511885,-0.46019423636569234
24182.456307925,3597147943,4002,4001,1,0,13,65.0201009993907,-38,63,2.297551789077218,-96.44039735099338,95.71115973741794,48.02494802494803,0.024420024420024333,3.673769287288758,0.029973580155906066,-1.8067493658414302,1.5681761399173837,1.3366515403875507,2.6445828783148455,-0.45610286953246304,0.02454369260617026,-1.8054953873413997,1.564660403643354,1.3330293046726223,2.6399809359511885,-0.46019423636569234
24182.556032627,3597147943,4005,4004,1,0,9,64.727758999652,-38,63,2.297551789077218,-96.44039735099338,95.71115973741794,48.02494802494803,0.024420024420024333,3.673769287288758,0.029973580155906066,-1.8067493658414302,1.5681761399173837,1.3366515403875507,2.6445828783148455,-0.45610286953246304,0.02454369260617026,-1.8054953873413997,1.564660403643354,1.3330293046726223,2.6399809359511885,-0.46019423636569234
24182.656284719,3597147943,4008,4007,1,0,14,65.53091499881702,-38,63,2.297551789077218,-96.44039735099338,95.71115973741794,48.02494802494803,0.024420024420024333,3.673769287288758,0.029973580155906066,-1.8067493658414302,1.5681761399173837,1.3366515403875507,2.6445828783148455,-0.45610286953246304,0.02454369260617026,-1.8054953873413997,1.564660403643354,1.3330293046726223,2.6399809359511885,-0.46019423636569234
24182.756201249,3597147943,4011,4010,1,0,14,64.931778000755,-38,63,2.297551789077218,-96.44039735099338,95.71115973741794,48.02494802494803,0.024420024420024333,3.673769287288758,0.029973580155906066,-1.8067493658414302,1.5681761399173837,1.3366515403875507,2.6445828783148455,-0.45610286953246304,0.02454369260617026,-1.8054953873413997,1.564660403643354,1.3330293046726223,2.6399809359511885,-0.46019423636569234
24182.85631829,3597147943,4014,4013,1,0,10,65.01572400156874,-38,63,2.297551789077218,-96.44039735099338,95.71115973741794,48.02494802494803,0.024420024420024333,3.673769287288758,0.029973580155906066,-1.8067493658414302,1.5681761399173837,1.3366515403875507,2.6445828783148455,-0.45610286953246304,0.02454369260617026,-1.8054953873413997,1.564660403643354,1.3330293046726223,2.6399809359511885,-0.46019423636569234
24182.956187645,3597147943,4017,4016,1,0,12,64.92004900064785,-38,63,2.297551789077218,-96.44039735099338,95.71115973741794,48.02494802494803,0.024420024420024333,3.673769287288758,0.029973580155906066,-1.8067493658414302,1.5681761399173837,1.3366515403875507,2.6445828783148455,-0.45610286953246304,0.02454369260617026,-1.8054953873413997,1.564660403643354,1.3330293046726223,2.6399809359511885,-0.46019423636569234
24183.056280226,3597147943,4020,4019,1,0,10,64.88542400256847,-38,63,2.297551789077218,-96.44039735099338,95.71115973741794,48.02494802494803,0.024420024420024333,3.673769287288758,0.029973580155906066,-1.8067493658414302,1.5681761399173837,1.3366515403875507,2.6445828783148455,-0.45610286953246304,0.02454369260617026,-1.8054953873413997,1.564660403643354,1.3330293046726223,2.6399809359511885,-0.46019423636569234
24183.156294162,3597147943,4023,4022,1,0,12,65.26690800092183,-38,63,2.297551789077218,-96.44039735099338,95.71115973741794,48.02494802494803,0.024420024420024333,3.673769287288758,0.029973580155906066,-1.8067493658414302,1.5681761399173837,1.3366515403875507,2.6445828783148455,-0.45610286953246304,0.02454369260617026,-1.8054953873413997,1.564660403643354,1.3330293046726223,2.6399809359511885,-0.46019423636569234
24183.256292593,3597147943,4026,4025,1,0,10,65.27224400269915,-39,63,2.297551789077218,-96.44039735099338,95.71115973741794,48.02494802494803,0.024420024420024333,3.673769287288758,0.029973580155906066,-1.8067493658414302,1.5681761399173837,1.3366515403875507,2.6445828783148455,-0.45610286953246304,0.02454369260617026,-1.8054953873413997,1.564660403643354,1.3330293046726223,2.6399809359511885,-0.46019423636569234
24183.35632193,3597147943,4029,4028,1,0,10,65.23758999901474,-39,63,2.297551789077218,-96.44039735099338,95.71115973741794,48.02494802494803,0.024420024420024333,3.673769287288758,0.029973580155906066,-1.8067493658414302,1.5681761399173837,1.3366515403875507,2.6445828783148455,-0.45610286953246304,0.02454369260617026,-1.8054953873413997,1.564660403643354,1.3330293046726223,2.6399809359511885,-0.46019423636569234
24183.456278006,3597147943,4032,4031,1,0,10,65.04610299816704,-39,63,2.297551789077218,-96.44039735099338,95.71115973741794,48.02494802494803,0.024420024420024333,3.673769287288758,0.029973580155906066,-1.8067493658414302,1.5681761399173837,1.3366515403875507,2.6445828783148455,-0.45610286953246304,0.02454369260617026,-1.8054953873413997,1.564660403643354,1.3330293046726223,2.6399809359511885,-0.46019423636569234
24183.556068942,3597147943,4035,4034,1,0,10,65.20615099725546,-39,63,2.297551789077218,-96.44039735099338,95.71115973741794,48.02494802494803,0.024420024420024333,3.673769287288758,0.029973580155906066,-1.8067493658414302,1.5681761399173837,1.3366515403875507,2.6445828783148455,-0.45610286953246304,0.02454369260617026,-1.8054953873413997,1.564660403643354,1.3330293046726223,2.6399809359511885,-0.46019423636569234
24183.656166524,3597147943,4038,4037,1,0,9,65.31838799855905,-39,63,2.297551789077218,-96.44039735099338,95.71115973741794,48.02494802494803,0.024420024420024333,3.673769287288758,0.029973580155906066,-1.8067493658414302,1.5681761399173837,1.3366515403875507,2.6445828783148455,-0.45610286953246304,0.02454369260617026,-1.8054953873413997,1.564660403643354,1.3330293046726223,2.6399809359511885,-0.46019423636569234
24183.756179136,3597147943,4041,4040,1,0,10,64.88335600079154,-39,63,2.297551789077218,-96.44039735099338,95.71115973741794,48.02494802494803,0.024420024420024333,3.673769287288758,0.029973580155906066,-1.8067493658414302,1.5681761399173837,1.3366515403875507,2.6445828783148455,-0.45610286953246304,0.02454369260617026,-1.8054953873413997,1.564660403643354,1.3330293046726223,2.6399809359511885,-0.46019423636569234
24183.856281738,3597147943,4044,4043,1,0,10,65.26845799817238,-39,63,2.297551789077218,-96.44039735099338,95.71115973741794,48.02494802494803,0.024420024420024333,3.673769287288758,0.029973580155906066,-1.8067493658414302,1.5681761399173837,1.3366515403875507,2.6445828783148455,-0.45610286953246304,0.02454369260617026,-1.8054953873413997,1.564660403643354,1.3330293046726223,2.6399809359511885,-0.46019423636569234
24183.956289373,3597147943,4047,4046,1,0,6,65.00605799737968,-39,63,2.297551789077218,-96.44039735099338,95.71115973741794,48.02494802494803,0.024420024420024333,3.673769287288758,0.029973580155906066,-1.8067493658414302,1.5681761399173837,1.3366515403875507,2.6445828783148455,-0.45610286953246304,0.02454369260617026,-1.8054953873413997,1.564660403643354,1.3330293046726223,2.6399809359511885,-0.46019423636569234
24184.05617099,3597147943,4050,4049,1,0,10,65.09101299889153,-39,63,2.297551789077218,-96.44039735099338,95.71115973741794,48.02494802494803,0.024420024420024333,3.673769287288758,0.029973580155906066,-1.8067493658414302,1.5681761399173837,1.3366515403875507,2.6445828783148455,-0.45610286953246304,0.02454369260617026,-1.8054953873413997,1.564660403643354,1.3330293046726223,2.6399809359511885,-0.46019423636569234
24184.156275328,3597147943,4053,4052,1,0,9,65.04426199899171,-39,63,2.297551789077218,-96.44039735099338,95.71115973741794,48.02494802494803,0.024420024420024333,3.673769287288758,0.029973580155906066,-1.8067493658414302,1.5681761399173837,1.3366515403875507,2.6445828783148455,-0.45610286953246304,0.02454369260617026,-1.8054953873413997,1.564660403643354,1.3330293046726223,2.6399809359511885,-0.46019423636569234
24184.256187369,3597147943,4056,4053,1,0,26,131.6264939996472,-39,63,2.297551789077218,-96.44039735099338,95.71115973741794,48.02494802494803,0.024420024420024333,3.673769287288758,0.029973580155906066,-1.8067493658414302,1.5681761399173837,1.3366515403875507,2.6445828783148455,-0.45610286953246304,0.02454369260617026,-1.8054953873413997,1.564660403643354,1.3330293046726223,2.6399809359511885,-0.46019423636569234
24184.356309647,3597147943,4059,4058,1,0,8,65.32498299930012,-38,63,2.297551789077218,-96.44039735099338,95.71115973741794,48.02494802494803,0.024420024420024333,3.673769287288758,0.029973580155906066,-1.8067493658414302,1.5681761399173837,1.3366515403875507,2.6445828783148455,-0.45610286953246304,0.02454369260617026,-1.8054953873413997,1.564660403643354,1.3330293046726223,2.6399809359511885,-0.46019423636569234
24184.456109167,3597147943,4062,4061,1,0,13,64.89617400075076,-38,63,2.297551789077218,-96.44039735099338,95.71115973741794,48.02494802494803,0.024420024420024333,3.673769287288758,0.029973580155906066,-1.8067493658414302,1.5681761399173837,1.3366515403875507,2.6445828783148455,-0.45610286953246304,0.02454369260617026,-1.8054953873413997,1.564660403643354,1.3330293046726223,2.6399809359511885,-0.46019423636569234
24184.55601248,3597147943,4065,4064,1,0,10,65.06370299757691,-38,63,2.297551789077218,-96.44039735099338,95.71115973741794,48.02494802494803,0.024420024420024333,3.673769287288758,0.029973580155906066,-1.8067493658414302,1.5681761399173837,1.3366515403875507,2.6445828783148455,-0.45610286953246304,0.02454369260617026,-1.8054953873413997,1.564660403643354,1.3330293046726223,2.6399809359511885,-0.46019423636569234
24184.656005478,3597147943,4068,4067,1,0,10,65.1131649974559,-38,63,2.297551789077218,-96.44039735099338,95.71115973741794,48.02494802494803,0.024420024420024333,3.673769287288758,0.029973580155906066,-1.8067493658414302,1.5681761399173837,1.3366515403875507,2.6445828783148455,-0.45610286953246304,0.02454369260617026,-1.8054953873413997,1.564660403643354,1.3330293046726223,2.6399809359511885,-0.46019423636569234
24184.7561487,3597147943,4071,4070,1,0,9,65.34634299896425,-38,63,2.297551789077218,-96.44039735099338,95.71115973741794,48.02494802494803,0.024420024420024333,3.673769287288758,0.029973580155906066,-1.8067493658414302,1.5681761399173837,1.3366515403875507,2.6445828783148455,-0.45610286953246304,0.02454369260617026,-1.8054953873413997,1.564660403643354,1.3330293046726223,2.6399809359511885,-0.46019423636569234
24184.85607367,3597147943,4074,4073,1,0,9,65.29198399948655,-38,63,2.297551789077218,-96.44039735099338,95.71115973741794,48.02494802494803,0.024420024420024333,3.673769287288758,0.029973580155906066,-1.8067493658414302,1.5681761399173837,1.3366515403875507,2.6445828783148455,-0.45610286953246304,0.02454369260617026,-1.8054953873413997,1.564660403643354,1.3330293046726223,2.6399809359511885,-0.46019423636569234
24184.956167791,3597147943,4077,4076,1,0,8,65.19757799833314,-38,63,2.297551789077218,-96.44039735099338,95.71115973741794,48.02494802494803,0.024420024420024333,3.673769287288758,0.029973580155906066,-1.8067493658414302,1.5681761399173837,1.3366515403875507,2.6445828783148455,-0.45610286953246304,0.02454369260617026,-1.8054953873413997,1.564660403643354,1.3330293046726223,2.6399809359511885,-0.46019423636569234
24185.056060868,3597147943,4080,4079,1,0,9,65.3790639989893,-38,63,2.297551789077218,-96.44039735099338,95.71115973741794,48.02494802494803,0.024420024420024333,3.673769287288758,0.029973580155906066,-1.8067493658414302,1.5681761399173837,1.3366515403875507,2.6445828783148455,-0.45610286953246304,0.02454369260617026,-1.8054953873413997,1.564660403643354,1.3330293046726223,2.6399809359511885,-0.46019423636569234
24185.156075444,3597147943,4083,4082,1,0,13,65.3258009988349,-38,63,2.297551789077218,-96.44039735099338,95.71115973741794,48.02494802494803,0.024420024420024333,3.673769287288758,0.029973580155906066,-1.8067493658414302,1.5681761399173837,1.3366515403875507,2.6445828783148455,-0.45610286953246304,0.02454369260617026,-1.8054953873413997,1.564660403643354,1.3330293046726223,2.6399809359511885,-0.46019423636569234
24185.256199505,3597147943,4086,4085,1,0,13,65.42816500223125,-38,63,2.297551789077218,-96.44039735099338,95.71115973741794,48.02494802494803,0.024420024420024333,3.673769287288758,0.029973580155906066,-1.8067493658414302,1.5681761399173837,1.3366515403875507,2.6445828783148455,-0.45610286953246304,0.02454369260617026,-1.8054953873413997,1.564660403643354,1.3330293046726223,2.6399809359511885,-0.46019423636569234
24185.356138432,3597147943,4089,4088,1,0,12,65.39928399797645,-38,63,2.297551789077218,-96.44039735099338,95.71115973741794,48.02494802494803,0.024420024420024333,3.673769287288758,0.029973580155906066,-1.8067493658414302,1.5681761399173837,1.3366515403875507,2.6445828783148455,-0.45610286953246304,0.02454369260617026,-1.8054953873413997,1.564660403643354,1.3330293046726223,2.6399809359511885,-0.46019423636569234
24185.45604131,3597147943,4092,4091,1,0,10,65.22026099992217,-39,63,2.297551789077218,-96.44039735099338,95.71115973741794,48.02494802494803,0.024420024420024333,3.673769287288758,0.029973580155906066,-1.8067493658414302,1.5681761399173837,1.3366515403875507,2.6445828783148455,-0.45610286953246304,0.02454369260617026,-1.8054953873413997,1.564660403643354,1.3330293046726223,2.6399809359511885,-0.46019423636569234
24185.556095187,3597147943,4095,4094,1,0,14,65.21924999833573,-39,63,2.297551789077218,-96.44039735099338,95.71115973741794,48.02494802494803,0.024420024420024333,3.673769287288758,0.029973580155906066,-1.8067493658414302,1.5681761399173837,1.3366515403875507,2.6445828783148455,-0.45610286953246304,0.02454369260617026,-1.8054953873413997,1.564660403643354,1.3330293046726223,2.6399809359511885,-0.46019423636569234
24185.65617636,3597147943,4098,4097,1,0,10,65.36730099833221,-39,63,2.297551789077218,-96.44039735099338,95.71115973741794,48.02494802494803,0.024420024420024333,3.673769287288758,0.029973580155906066,-1.8067493658414302,1.5681761399173837,1.3366515403875507,2.6445828783148455,-0.45610286953246304,0.02454369260617026,-1.8054953873413997,1.564660403643354,1.3330293046726223,2.6399809359511885,-0.46019423636569234
24185.756022768,3597147943,4101,4100,1,0,10,65.29763499929686,-39,63,2.297551789077218,-96.44039735099338,95.71115973741794,48.02494802494803,0.024420024420024333,3.673769287288758,0.029973580155906066,-1.8067493658414302,1.5681761399173837,1.3366515403875507,2.6445828783148455,-0.45610286953246304,0.02454369260617026,-1.8054953873413997,1.564660403643354,1.3330293046726223,2.6399809359511885,-0.46019423636569234
24185.856007393,3597147943,4104,4103,1,0,9,65.27311299942085,-39,63,2.297551789077218,-96.44039735099338,95.71115973741794,48.02494802494803,0.024420024420024333,3.673769287288758,0.029973580155906066,-1.8067493658414302,1.5681761399173837,1.3366515403875507,2.6445828783148455,-0.45610286953246304,0.02454369260617026,-1.8054953873413997,1.564660403643354,1.3330293046726223,2.6399809359511885,-0.46019423636569234
24185.956150732,3597147943,4107,4106,1,0,10,65.45266999819432,-39,63,2.297551789077218,-96.44039735099338,95.71115973741794,48.02494802494803,0.024420024420024333,3.673769287288758,0.029973580155906066,-1.8067493658414302,1.5681761399173837,1.3366515403875507,2.6445828783148455,-0.45610286953246304,0.02454369260617026,-1.8054953873413997,1.564660403643354,1.3330293046726223,2.6399809359511885,-0.46019423636569234
24186.056188592,3597147943,4110,4109,1,0,10,65.17564599926118,-39,63,2.297551789077218,-96.44039735099338,95.71115973741794,48.02494802494803,0.024420024420024333,3.673769287288758,0.029973580155906066,-1.8067493658414302,1.5681761399173837,1.3366515403875507,2.6445828783148455,-0.45610286953246304,0.02454369260617026,-1.8054953873413997,1.564660403643354,1.3330293046726223,2.6399809359511885,-0.46019423636569234
24186.156162858,3597147943,4113,4112,1,0,10,65.0560050016793,-39,63,2.297551789077218,-96.44039735099338,95.71115973741794,48.02494802494803,0.024420024420024333,3.673769287288758,0.029973580155906066,-1.8067493658414302,1.5681761399173837,1.3366515403875507,2.6445828783148455,-0.45610286953246304,0.02454369260617026,-1.8054953873413997,1.564660403643354,1.3330293046726223,2.6399809359511885,-0.46019423636569234
24186.256201236,3597147943,4116,4115,1,0,10,65.55040899911546,-39,63,2.297551789077218,-96.44039735099338,95.71115973741794,48.02494802494803,0.024420024420024333,3.673769287288758,0.029973580155906066,-1.8067493658414302,1.5681761399173837,1.3366515403875507,2.6445828783148455,-0.45610286953246304,0.02454369260617026,-1.8054953873413997,1.564660403643354,1.3330293046726223,2.6399809359511885,-0.46019423636569234
24186.356263583,3597147943,4119,4118,1,0,10,65.2269599995634,-39,63,2.297551789077218,-96.44039735099338,95.71115973741794,48.02494802494803,0.024420024420024333,3.673769287288758,0.029973580155906066,-1.8067493658414302,1.5681761399173837,1.3366515403875507,2.6445828783148455,-0.45610286953246304,0.02454369260617026,-1.8054953873413997,1.564660403643354,1.3330293046726223,2.6399809359511885,-0.46019423636569234
24186.45598629,3597147943,4122,4121,1,0,10,65.01538500015158,-39,63,2.297551789077218,-96.44039735099338,95.71115973741794,48.02494802494803,0.024420024420024333,3.673769287288758,0.029973580155906066,-1.8067493658414302,1.5681761399173837,1.3366515403875507,2.6445828783148455,-0.45610286953246304,0.02454369260617026,-1.8054953873413997,1.564660403643354,1.3330293046726223,2.6399809359511885,-0.46019423636569234
24186.555987643,3597147943,4125,4124,1,0,10,65.01460100116674,-39,63,2.297551789077218,-96.44039735099338,95.71115973741794,48.02494802494803,0.024420024420024333,3.673769287288758,0.029973580155906066,-1.8067493658414302,1.5681761399173837,1.3366515403875507,2.6445828783148455,-0.45610286953246304,0.02454369260617026,-1.8054953873413997,1.564660403643354,1.3330293046726223,2.6399809359511885,-0.46019423636569234
24186.656123226,3597147943,4128,4127,1,0,12,65.35748600072111,-38,63,2.297551789077218,-96.44039735099338,95.71115973741794,48.02494802494803,0.024420024420024333,3.673769287288758,0.029973580155906066,-1.8067493658414302,1.5681761399173837,1.3366515403875507,2.6445828783148455,-0.45610286953246304,0.02454369260617026,-1.8054953873413997,1.564660403643354,1.3330293046726223,2.6399809359511885,-0.46019423636569234
24186.756315681,3597147943,4131,4129,1,0,47,98.6767790018348,-38,63,2.297551789077218,-96.44039735099338,95.71115973741794,48.02494802494803,0.024420024420024333,3.673769287288758,0.029973580155906066,-1.8067493658414302,1.5681761399173837,1.3366515403875507,2.6445828783148455,-0.45610286953246304,0.02454369260617026,-1.8054953873413997,1.564660403643354,1.3330293046726223,2.6399809359511885,-0.46019423636569234
24186.85629704,3597147943,4134,4133,1,0,13,65.0077889986278,-38,63,2.297551789077218,-96.44039735099338,95.71115973741794,48.02494802494803,0.024420024420024333,3.673769287288758,0.029973580155906066,-1.8067493658414302,1.5681761399173837,1.3366515403875507,2.6445828783148455,-0.45610286953246304,0.02454369260617026,-1.8054953873413997,1.564660403643354,1.3330293046726223,2.6399809359511885,-0.46019423636569234
24186.956304811,3597147943,4137,4136,1,0,9,65.08631000178866,-38,63,2.297551789077218,-96.44039735099338,95.71115973741794,48.02494802494803,0.024420024420024333,3.673769287288758,0.029973580155906066,-1.8067493658414302,1.5681761399173837,1.3366515403875507,2.6445828783148455,-0.45610286953246304,0.02454369260617026,-1.8054953873413997,1.564660403643354,1.3330293046726223,2.6399809359511885,-0.46019423636569234
24187.056277442,3597147943,4140,4139,1,0,9,65.2727140004572,-38,63,2.297551789077218,-96.44039735099338,95.71115973741794,48.02494802494803,0.024420024420024333,3.673769287288758,0.029973580155906066,-1.8067493658414302,1.5681761399173837,1.3366515403875507,2.6445828783148455,-0.45610286953246304,0.02454369260617026,-1.8054953873413997,1.564660403643354,1.3330293046726223,2.6399809359511885,-0.46019423636569234
24187.156134491,3597147943,4143,4142,1,0,9,65.17615399934584,-38,63,2.297551789077218,-96.44039735099338,95.71115973741794,48.02494802494803,0.024420024420024333,3.673769287288758,0.029973580155906066,-1.8067493658414302,1.5681761399173837,1.3366515403875507,2.6445828783148455,-0.45610286953246304,0.02454369260617026,-1.8054953873413997,1.564660403643354,1.3330293046726223,2.6399809359511885,-0.46019423636569234
24187.256130221,3597147943,4146,4145,1,0,13,65.3632870016736,-38,63,2.297551789077218,-96.44039735099338,95.71115973741794,48.02494802494803,0.024420024420024333,3.673769287288758,0.029973580155906066,-1.8067493658414302,1.5681761399173837,1.3366515403875507,2.6445828783148455,-0.45610286953246304,0.02454369260617026,-1.8054953873413997,1.564660403643354,1.3330293046726223,2.6399809359511885,-0.46019423636569234
24187.35620956,3597147943,4149,4148,1,0,13,65.01732999822707,-38,63,2.297551789077218,-96.44039735099338,95.71115973741794,48.02494802494803,0.024420024420024333,3.673769287288758,0.029973580155906066,-1.8067493658414302,1.5681761399173837,1.3366515403875507,2.6445828783148455,-0.45610286953246304,0.02454369260617026,-1.8054953873413997,1.564660403643354,1.3330293046726223,2.6399809359511885,-0.46019423636569234
24187.456130286,3597147943,4152,4151,1,0,9,65.35583099685027,-38,63,2.297551789077218,-96.44039735099338,95.71115973741794,48.02494802494803,0.024420024420024333,3.673769287288758,0.029973580155906066,-1.8067493658414302,1.5681761399173837,1.3366515403875507,2.6445828783148455,-0.45610286953246304,0.02454369260617026,-1.8054953873413997,1.564660403643354,1.3330293046726223,2.6399809359511885,-0.46019423636569234
24187.556062961,3597147943,4155,4154,1,0,9,65.36593700002413,-38,63,2.297551789077218,-96.44039735099338,95.71115973741794,48.02494802494803,0.024420024420024333,3.673769287288758,0.029973580155906066,-1.8067493658414302,1.5681761399173837,1.3366515403875507,2.6445828783148455,-0.45610286953246304,0.02454369260617026,-1.8054953873413997,1.564660403643354,1.3330293046726223,2.6399809359511885,-0.46019423636569234
24187.656187211,3597147943,4158,4157,1,0,9,65.31705299858004,-38,63,2.297551789077218,-96.44039735099338,95.71115973741794,48.02494802494803,0.024420024420024333,3.673769287288758,0.029973580155906066,-1.8067493658414302,1.5681761399173837,1.3366515403875507,2.6445828783148455,-0.45610286953246304,0.02454369260617026,-1.8054953873413997,1.564660403643354,1.3330293046726223,2.6399809359511885,-0.46019423636569234
24187.756221539,3597147943,4161,4160,1,0,6,65.3459160021157,-39,63,2.297551789077218,-96.44039735099338,95.71115973741794,48.02494802494803,0.024420024420024333,3.673769287288758,0.029973580155906066,-1.8067493658414302,1.5681761399173837,1.3366515403875507,2.6445828783148455,-0.45610286953246304,0.02454369260617026,-1.8054953873413997,1.564660403643354,1.3330293046726223,2.6399809359511885,-0.46019423636569234
24187.856099103,3597147943,4164,4163,1,0,9,65.11641100223642,-39,63,2.297551789077218,-96.44039735099338,95.71115973741794,48.02494802494803,0.024420024420024333,3.673769287288758,0.029973580155906066,-1.8067493658414302,1.5681761399173837,1.3366515403875507,2.6445828783148455,-0.45610286953246304,0.02454369260617026,-1.8054953873413997,1.564660403643354,1.3330293046726223,2.6399809359511885,-0.46019423636569234
24187.956212401,3597147943,4167,4166,1,0,9,65.36166700243484,-39,63,2.297551789077218,-96.44039735099338,95.71115973741794,48.02494802494803,0.024420024420024333,3.673769287288758,0.029973580155906066,-1.8067493658414302,1.5681761399173837,1.3366515403875507,2.6445828783148455,-0.45610286953246304,0.02454369260617026,-1.8054953873413997,1.564660403643354,1.3330293046726223,2.6399809359511885,-0.46019423636569234
24188.056052278,3597147943,4170,4169,1,0,9,65.40876900180592,-39,63,2.297551789077218,-96.44039735099338,95.71115973741794,48.02494802494803,0.024420024420024333,3.673769287288758,0.029973580155906066,-1.8067493658414302,1.5681761399173837,1.3366515403875507,2.6445828783148455,-0.45610286953246304,0.02454369260617026,-1.8054953873413997,1.564660403643354,1.3330293046726223,2.6399809359511885,-0.46019423636569234
24188.156070897,3597147943,4173,4172,1,0,13,65.25732800218975,-39,63,2.297551789077218,-96.44039735099338,95.71115973741794,48.02494802494803,0.024420024420024333,3.673769287288758,0.029973580155906066,-1.8067493658414302,1.5681761399173837,1.3366515403875507,2.6445828783148455,-0.45610286953246304,0.02454369260617026,-1.8054953873413997,1.564660403643354,1.3330293046726223,2.6399809359511885,-0.46019423636569234
24188.256211445,3597147943,4176,4175,1,0,13,65.44690000009723,-39,63,2.297551789077218,-96.44039735099338,95.71115973741794,48.02494802494803,0.024420024420024333,3.673769287288758,0.029973580155906066,-1.8067493658414302,1.5681761399173837,1.3366515403875507,2.6445828783148455,-0.45610286953246304,0.02454369260617026,-1.8054953873413997,1.564660403643354,1.3330293046726223,2.6399809359511885,-0.46019423636569234
24188.356168369,3597147943,4179,4178,1,0,13,65.35836599869072,-39,63,2.297551789077218,-96.44039735099338,95.71115973741794,48.02494802494803,0.024420024420024333,3.673769287288758,0.029973580155906066,-1.8067493658414302,1.5681761399173837,1.3366515403875507,2.6445828783148455,-0.45610286953246304,0.02454369260617026,-1.8054953873413997,1.564660403643354,1.3330293046726223,2.6399809359511885,-0.46019423636569234
24188.456151435,3597147943,4182,4181,1,0,13,65.12725399807096,-39,63,2.297551789077218,-96.44039735099338,95.71115973741794,48.02494802494803,0.024420024420024333,3.673769287288758,0.029973580155906066,-1.8067493658414302,1.5681761399173837,1.3366515403875507,2.6445828783148455,-0.45610286953246304,0.02454369260617026,-1.8054953873413997,1.564660403643354,1.3330293046726223,2.6399809359511885,-0.46019423636569234
24188.556102036,3597147943,4185,4184,1,0,9,65.16454499796964,-39,63,2.297551789077218,-96.44039735099338,95.71115973741794,48.02494802494803,0.024420024420024333,3.673769287288758,0.029973580155906066,-1.8067493658414302,1.5681761399173837,1.3366515403875507,2.6445828783148455,-0.45610286953246304,0.02454369260617026,-1.8054953873413997,1.564660403643354,1.3330293046726223,2.6399809359511885,-0.46019423636569234
24188.656037885,3597147943,4188,4187,1,0,10,65.19396700241487,-39,63,2.297551789077218,-96.44039735099338,95.71115973741794,48.02494802494803,0.024420024420024333,3.673769287288758,0.029973580155906066,-1.8067493658414302,1.5681761399173837,1.3366515403875507,2.6445828783148455,-0.45610286953246304,0.02454369260617026,-1.8054953873413997,1.564660403643354,1.3330293046726223,2.6399809359511885,-0.46019423636569234
24188.756020282,3597147943,4191,4190,1,0,10,65.36244999733754,-39,63,2.297551789077218,-96.44039735099338,95.71115973741794,48.02494802494803,0.024420024420024333,3.673769287288758,0.029973580155906066,-1.8067493658414302,1.5681761399173837,1.3366515403875507,2.6445828783148455,-0.45610286953246304,0.02454369260617026,-1.8054953873413997,1.564660403643354,1.3330293046726223,2.6399809359511885,-0.46019423636569234
24188.856130576,3597147943,4194,4193,1,0,9,65.4262509997352,-39,63,2.297551789077218,-96.44039735099338,95.71115973741794,48.02494802494803,0.024420024420024333,3.673769287288758,0.029973580155906066,-1.8067493658414302,1.5681761399173837,1.3366515403875507,2.6445828783148455,-0.45610286953246304,0.02454369260617026,-1.8054953873413997,1.564660403643354,1.3330293046726223,2.6399809359511885,-0.46019423636569234
24188.955942543,3597147943,4197,4196,1,0,14,65.23157500123489,-39,63,2.297551789077218,-96.44039735099338,95.71115973741794,48.02494802494803,0.024420024420024333,3.673769287288758,0.029973580155906066,-1.8067493658414302,1.5681761399173837,1.3366515403875507,2.6445828783148455,-0.45610286953246304,0.02454369260617026,-1.8054953873413997,1.564660403643354,1.3330293046726223,2.6399809359511885,-0.46019423636569234
24189.056177727,3597147943,4200,4199,1,0,10,65.56863199875806,-39,63,2.297551789077218,-96.44039735099338,95.71115973741794,48.02494802494803,0.024420024420024333,3.673769287288758,0.029973580155906066,-1.8067493658414302,1.5681761399173837,1.3366515403875507,2.6445828783148455,-0.45610286953246304,0.02454369260617026,-1.8054953873413997,1.564660403643354,1.3330293046726223,2.6399809359511885,-0.46019423636569234
24189.156183193,3597147943,4203,4202,1,0,14,65.55923099949723,-39,63,2.297551789077218,-96.44039735099338,95.71115973741794,48.02494802494803,0.024420024420024333,3.673769287288758,0.029973580155906066,-1.8067493658414302,1.5681761399173837,1.3366515403875507,2.6445828783148455,-0.45610286953246304,0.02454369260617026,-1.8054953873413997,1.564660403643354,1.3330293046726223,2.6399809359511885,-0.46019423636569234
24189.256103883,3597147943,4206,4205,1,0,9,65.4885749972891,-39,63,2.297551789077218,-96.44039735099338,95.71115973741794,48.02494802494803,0.024420024420024333,3.673769287288758,0.029973580155906066,-1.8067493658414302,1.5681761399173837,1.3366515403875507,2.6445828783148455,-0.45610286953246304,0.02454369260617026,-1.8054953873413997,1.564660403643354,1.3330293046726223,2.6399809359511885,-0.46019423636569234
24189.356343329,3597147943,4209,4208,1,0,13,65.63861800168524,-39,63,2.297551789077218,-96.44039735099338,95.71115973741794,48.02494802494803,0.024420024420024333,3.673769287288758,0.029973580155906066,-1.8067493658414302,1.5681761399173837,1.3366515403875507,2.6445828783148455,-0.45610286953246304,0.02454369260617026,-1.8054953873413997,1.564660403643354,1.3330293046726223,2.6399809359511885,-0.46019423636569234
24189.456271025,3597147943,4212,4210,1,0,45,98.29260100013926,-39,63,2.297551789077218,-96.44039735099338,95.71115973741794,48.02494802494803,0.024420024420024333,3.673769287288758,0.029973580155906066,-1.8067493658414302,1.5681761399173837,1.3366515403875507,2.6445828783148455,-0.45610286953246304,0.02454369260617026,-1.8054953873413997,1.564660403643354,1.3330293046726223,2.6399809359511885,-0.46019423636569234
24189.55605045,3597147943,4215,4214,1,0,9,65.22199400205864,-39,63,2.297551789077218,-96.44039735099338,95.71115973741794,48.02494802494803,0.024420024420024333,3.673769287288758,0.029973580155906066,-1.8067493658414302,1.5681761399173837,1.3366515403875507,2.6445828783148455,-0.45610286953246304,0.02454369260617026,-1.8054953873413997,1.564660403643354,1.3330293046726223,2.6399809359511885,-0.46019423636569234
24189.656122808,3597147943,4218,4217,1,0,9,65.40009899981669,-39,63,2.297551789077218,-96.44039735099338,95.71115973741794,48.02494802494803,0.024420024420024333,3.673769287288758,0.029973580155906066,-1.8067493658414302,1.5681761399173837,1.3366515403875507,2.6445828783148455,-0.45610286953246304,0.02454369260617026,-1.8054953873413997,1.564660403643354,1.3330293046726223,2.6399809359511885,-0.46019423636569234
24189.756064911,3597147943,4221,4220,1,0,9,65.34657700103708,-39,63,2.297551789077218,-96.44039735099338,95.71115973741794,48.02494802494803,0.024420024420024333,3.673769287288758,0.029973580155906066,-1.8067493658414302,1.5681761399173837,1.3366515403875507,2.6445828783148455,-0.45610286953246304,0.02454369260617026,-1.8054953873413997,1.564660403643354,1.3330293046726223,2.6399809359511885,-0.46019423636569234
24189.856253977,3597147943,4224,4223,1,0,9,65.48746499902336,-39,63,2.297551789077218,-96.44039735099338,95.71115973741794,48.02494802494803,0.024420024420024333,3.673769287288758,0.029973580155906066,-1.8067493658414302,1.5681761399173837,1.3366515403875507,2.6445828783148455,-0.45610286953246304,0.02454369260617026,-1.8054953873413997,1.564660403643354,1.3330293046726223,2.6399809359511885,-0.46019423636569234
24189.956062461,3597147943,4227,4226,1,0,13,65.37739300256362,-38,63,2.297551789077218,-96.44039735099338,95.71115973741794,48.02494802494803,0.024420024420024333,3.673769287288758,0.029973580155906066,-1.8067493658414302,1.5681761399173837,1.3366515403875507,2.6445828783148455,-0.45610286953246304,0.02454369260617026,-1.8054953873413997,1.564660403643354,1.3330293046726223,2.6399809359511885,-0.46019423636569234
24190.056185668,3597147943,4230,4229,1,0,9,65.53868199989665,-38,63,2.297551789077218,-96.44039735099338,95.79868708971554,48.02494802494803,0.024420024420024333,3.673769287288758,0.029973580155906066,-1.8067493658414302,1.5697255612121057,1.3366515403875507,2.6445828783148455,-0.45610286953246304,0.02454369260617026,-1.8054953873413997,1.564660403643354,1.3330293046726223,2.6399809359511885,-0.46019423636569234
24190.156179117,3597147943,4233,4232,1,0,13,65.39167700248072,-38,63,1.9962335216572598,-96.77152317880795,95.71115973741794,48.02494802494803,0.024420024420024333,3.673769287288758,0.024424671874605584,-1.8129386227620885,1.5681761399173837,1.3366515403875507,2.6445828783148455,-0.45610286953246304,0.02454369260617026,-1.8054953873413997,1.564660403643354,1.3330293046726223,2.6399809359511885,-0.46019423636569234
24190.256208341,3597147943,4236,4235,1,0,9,65.21241399968858,-38,63,1.6949152542372872,-96.77152317880795,95.79868708971554,48.02494802494803,0.024420024420024333,3.673769287288758,0.01887576359330441,-1.8129386227620885,1.5697255612121057,1.3366515403875507,2.6445828783148455,-0.45610286953246304,0.02454369260617026,-1.8054953873413997,1.564660403643354,1.3330293046726223,2.6399809359511885,-0.46019423636569234
24190.356271998,3597147943,4239,4238,1,0,13,65.41742599802092,-38,63,0.41431261770243566,-96.77152317880795,95.79868708971554,48.02494802494803,0.024420024420024333,3.673769287288758,-0.00470709660222437,-1.8129386227620885,1.5697255612121057,1.3366515403875507,2.6445828783148455,-0.45610286953246304,0.02454369260617026,-1.8054953873413997,1.564660403643354,1.3330293046726223,2.6399809359511885,-0.46019423636569234
24190.456281697,3597147943,4242,4241,1,0,9,65.0400919985259,-38,63,-3.9548022598870034,-96.8543046357616,95.79868708971554,48.02494802494803,0.024420024420024333,3.673769287288758,-0.08516626668108584,-1.8144859369922528,1.5697255612121057,1.3366515403875507,2.6445828783148455,-0.45610286953246304,0.021475731030398976,-1.8054953873413997,1.564660403643354,1.3330293046726223,2.6399809359511885,-0.46019423636569234
24190.555988347,3597147943,4245,4244,1,0,9,64.81684800019138,-38,63,-9.830508474576277,-96.8543046357616,95.79868708971554,48.02494802494803,0.024420024420024333,3.673769287288758,-0.19336997816645216,-1.8144859369922528,1.5697255612121057,1.3366515403875507,2.6445828783148455,-0.45610286953246304,-0.04601942363656923,-1.8054953873413997,1.564660403643354,1.3330293046726223,2.6399809359511885,-0.46019423636569234
24190.65613866,3597147943,4248,4247,1,0,9,65.37377999848104,-38,63,-16.007532956685495,-96.8543046357616,95.79868708971554,48.02494802494803,0.024420024420024333,3.673769287288758,-0.30712259793311897,-1.8144859369922528,1.5697255612121057,1.3366515403875507,2.6445828783148455,-0.45610286953246304,-0.1380582709097077,-1.8054953873413997,1.564660403643354,1.3330293046726223,2.6399809359511885,-0.46019423636569234
24190.756187977,3597147943,4251,4250,1,0,10,65.41815599848633,-38,63,-21.581920903954796,-96.8543046357616,95.79868708971554,48.02494802494803,0.024420024420024333,3.673769287288758,-0.4097774011371844,-1.8144859369922528,1.5697255612121057,1.3366515403875507,2.6445828783148455,-0.45610286953246304,-0.24697090684958822,-1.8054953873413997,1.564660403643354,1.3330293046726223,2.6399809359511885,-0.46019423636569234
24190.856175611,3597147943,4254,4253,1,0,9,65.31694500154117,-38,63,-25.95103578154425,-96.8543046357616,95.79868708971554,48.02494802494803,0.024420024420024333,3.673769287288758,-0.49023657121604625,-1.8144859369922528,1.5697255612121057,1.3366515403875507,2.6445828783148455,-0.45610286953246304,-0.34514567727426926,-1.8054953873413997,1.564660403643354,1.3330293046726223,2.6399809359511885,-0.46019423636569234
24190.956067576,3597147943,4257,4256,1,0,9,65.43565199899604,-38,63,-28.436911487758948,-96.8543046357616,95.79868708971554,48.02494802494803,0.024420024420024333,3.673769287288758,-0.5360150645367784,-1.8144859369922528,1.5697255612121057,1.3366515403875507,2.6445828783148455,-0.45610286953246304,-0.440252486123179,-1.8054953873413997,1.564660403643354,1.3330293046726223,2.6399809359511885,-0.46019423636569234
24191.056185329,3597147943,4260,4259,1,0,9,65.25589100056095,-38,63,-29.642184557438796,-96.8543046357616,95.79868708971554,48.02494802494803,0.024420024420024333,3.673769287288758,-0.5582106976619816,-1.8144859369922528,1.5697255612121057,1.3366515403875507,2.6445828783148455,-0.45610286953246304,-0.5092816215780329,-1.8054953873413997,1.564660403643354,1.3330293046726223,2.6399809359511885,-0.46019423636569234
24191.156100886,3597147943,4263,4262,1,0,11,65.29969999974128,-43,63,-29.943502824858754,-96.8543046357616,95.79868708971554,48.02494802494803,0.024420024420024333,3.673769287288758,-0.5637596059432824,-1.8144859369922528,1.5697255612121057,1.3366515403875507,2.6445828783148455,-0.45610286953246304,-0.5353592949720888,-1.8054953873413997,1.564660403643354,1.3330293046726223,2.6399809359511885,-0.46019423636569234
24191.256109786,3597147943,4266,4265,1,0,9,65.44124900028692,-43,63,-30.094161958568748,-96.77152317880795,95.79868708971554,48.02494802494803,0.024420024420024333,3.673769287288758,-0.566534060083933,-1.8129386227620885,1.5697255612121057,1.3366515403875507,2.6445828783148455,-0.45610286953246304,-0.5537670644267164,-1.8054953873413997,1.564660403643354,1.3330293046726223,2.6399809359511885,-0.46019423636569234
24191.355986941,3597147943,4269,4268,1,0,9,65.2696350007318,-43,63,-30.244821092278713,-96.6887417218543,95.79868708971554,48.02494802494803,0.024420024420024333,3.673769287288758,-0.5693085142245833,-1.8113913085319235,1.5697255612121057,1.3366515403875507,2.6445828783148455,-0.45610286953246304,-0.5599029875782591,-1.8054953873413997,1.564660403643354,1.3330293046726223,2.6399809359511885,-0.46019423636569234
24191.456179707,3597147943,4272,4271,1,0,9,65.40600299922517,-43,63,-30.244821092278713,-96.35761589403974,95.79868708971554,48.02494802494803,0.024420024420024333,3.673769287288758,-0.5693085142245833,-1.805202051611266,1.5697255612121057,1.3366515403875507,2.6445828783148455,-0.45610286953246304,-0.5614369683661447,-1.8054953873413997,1.564660403643354,1.3330293046726223,2.6399809359511885,-0.46019423636569234
24191.556035866,3597147943,4275,4274,1,0,9,65.32884300031583,-43,63,-30.244821092278713,-96.2748344370861,95.79868708971554,48.02494802494803,0.024420024420024333,3.673769287288758,-0.5693085142245833,-1.8036547373811018,1.5697255612121057,1.3366515403875507,2.6445828783148455,-0.45610286953246304,-0.5629709491540303,-1.8054953873413997,1.564660403643354,1.3330293046726223,2.6399809359511885,-0.46019423636569234
24191.656243315,3597147943,4278,4277,1,0,10,65.42575000275974,-43,63,-30.244821092278713,-96.2748344370861,95.79868708971554,48.02494802494803,0.024420024420024333,3.673769287288758,-0.5693085142245833,-1.8036547373811018,1.5697255612121057,1.3366515403875507,2.6445828783148455,-0.45610286953246304,-0.5629709491540303,-1.8054953873413997,1.564660403643354,1.3330293046726223,2.6399809359511885,-0.46019423636569234
24191.756200507,3597147943,4281,4280,1,0,10,65.47944799967809,-43,63,-30.244821092278713,-96.2748344370861,95.79868708971554,48.02494802494803,0.024420024420024333,3.673769287288758,-0.5693085142245833,-1.8036547373811018,1.5697255612121057,1.3366515403875507,2.6445828783148455,-0.45610286953246304,-0.5629709491540303,-1.8054953873413997,1.564660403643354,1.3330293046726223,2.6399809359511885,-0.46019423636569234
24191.856152237,3597147943,4284,4283,1,0,10,65.27092099713627,-43,63,-30.244821092278713,-96.2748344370861,95.79868708971554,48.02494802494803,0.024420024420024333,3.673769287288758,-0.5693085142245833,-1.8036547373811018,1.5697255612121057,1.3366515403875507,2.6445828783148455,-0.45610286953246304,-0.5629709491540303,-1.8054953873413997,1.564660403643354,1.3330293046726223,2.6399809359511885,-0.46019423636569234
24191.956201839,3597147943,4287,4286,1,0,10,65.21997199888574,-43,63,-30.244821092278713,-96.2748344370861,95.79868708971554,48.02494802494803,0.024420024420024333,3.673769287288758,-0.5693085142245833,-1.8036547373811018,1.5697255612121057,1.3366515403875507,2.6445828783148455,-0.45610286953246304,-0.5629709491540303,-1.8054953873413997,1.564660403643354,1.3330293046726223,2.6399809359511885,-0.46019423636569234
24192.056118449,3597147943,4290,4289,1,0,10,65.2142199978698,-43,63,-30.244821092278713,-96.2748344370861,95.79868708971554,48.02494802494803,0.024420024420024333,3.673769287288758,-0.5693085142245833,-1.8036547373811018,1.5697255612121057,1.3366515403875507,2.6445828783148455,-0.45610286953246304,-0.5629709491540303,-1.8054953873413997,1.564660403643354,1.3330293046726223,2.6399809359511885,-0.46019423636569234
24192.156131807,3597147943,4293,4291,1,0,42,98.4708159994625,-43,63,-30.244821092278713,-96.2748344370861,95.79868708971554,48.02494802494803,0.024420024420024333,3.673769287288758,-0.5693085142245833,-1.8036547373811018,1.5697255612121057,1.3366515403875507,2.6445828783148455,-0.45610286953246304,-0.5629709491540303,-1.8054953873413997,1.564660403643354,1.3330293046726223,2.6399809359511885,-0.46019423636569234
24192.256183775,3597147943,4296,4295,1,0,10,65.31533100132947,-45,63,-30.244821092278713,-96.2748344370861,95.79868708971554,48.02494802494803,0.024420024420024333,3.673769287288758,-0.5693085142245833,-1.8036547373811018,1.5697255612121057,1.3366515403875507,2.6445828783148455,-0.45610286953246304,-0.5629709491540303,-1.8054953873413997,1.564660403643354,1.3330293046726223,2.6399809359511885,-0.46019423636569234
24192.356212847,3597147943,4299,4298,1,0,8,65.46247200094513,-45,63,-30.244821092278713,-96.2748344370861,95.79868708971554,48.02494802494803,0.024420024420024333,3.673769287288758,-0.5693085142245833,-1.8036547373811018,1.5697255612121057,1.3366515403875507,2.6445828783148455,-0.45610286953246304,-0.5629709491540303,-1.8054953873413997,1.564660403643354,1.3330293046726223,2.6399809359511885,-0.46019423636569234
24192.456278955,3597147943,4302,4301,1,0,13,65.23990500136279,-45,63,-30.244821092278713,-96.2748344370861,95.79868708971554,48.02494802494803,0.024420024420024333,3.673769287288758,-0.5693085142245833,-1.8036547373811018,1.5697255612121057,1.3366515403875507,2.6445828783148455,-0.45610286953246304,-0.5629709491540303,-1.8054953873413997,1.564660403643354,1.3330293046726223,2.6399809359511885,-0.46019423636569234
24192.556023801,3597147943,4305,4304,1,0,9,64.93283500094549,-45,63,-30.244821092278713,-96.2748344370861,95.79868708971554,48.02494802494803,0.024420024420024333,3.673769287288758,-0.5693085142245833,-1.8036547373811018,1.5697255612121057,1.3366515403875507,2.6445828783148455,-0.45610286953246304,-0.5629709491540303,-1.8054953873413997,1.564660403643354,1.3330293046726223,2.6399809359511885,-0.46019423636569234
24192.655979365,3597147943,4308,4307,1,0,10,65.2183900019736,-45,63,-30.244821092278713,-96.2748344370861,95.79868708971554,48.02494802494803,0.024420024420024333,3.673769287288758,-0.5693085142245833,-1.8036547373811018,1.5697255612121057,1.3366515403875507,2.6445828783148455,-0.45610286953246304,-0.5629709491540303,-1.8054953873413997,1.564660403643354,1.3330293046726223,2.6399809359511885,-0.46019423636569234
24192.756168513,3597147943,4311,4310,1,0,13,65.46760299897869,-45,63,-30.244821092278713,-96.2748344370861,95.79868708971554,48.02494802494803,0.024420024420024333,3.673769287288758,-0.5693085142245833,-1.8036547373811018,1.5697255612121057,1.3366515403875507,2.6445828783148455,-0.45610286953246304,-0.5629709491540303,-1.8054953873413997,1.564660403643354,1.3330293046726223,2.6399809359511885,-0.46019423636569234
