host_monotonic_s,session_id,command_sequence,applied_sequence,state,reject_reason,command_age_ms,ack_latency_ms,rssi_dbm,response_mask,leader_0,leader_1,leader_2,leader_3,leader_4,leader_5,target_0,target_1,target_2,target_3,target_4,target_5,measured_0,measured_1,measured_2,measured_3,measured_4,measured_5,leader_boot_session_id,leader_sample_sequence,leader_sample_gap_ms,leader_sample_age_ms,leader_response_mask,leader_model_mask,leader_torque_off_mask,leader_calibration_crc32,leader_read_errors,leader_torque_errors,leader_rssi_dbm,leader_recovery_count,control_chain_ack_latency_ms
10502.3812894,1890068650,2,1,1,0,35,81.18488599939155,-41,63,,,,,,,,,,,,,-0.03681553890925539,-1.8791264651599104,1.5968740001889525,1.4097283440669042,-0.0966407896367954,-0.4724660826687775,,,,,,,,,,,,,
10502.415454564,1890068650,3,3,1,0,3,33.265817999563296,-41,63,4.632768361581924,-99.83443708609272,95.53610503282275,53.67983367983368,3.8339438339438487,7.274063188831742,-0.03681553890925539,-1.8791264651599104,1.5968740001889525,1.4097283440669042,-0.0966407896367954,-0.4724660826687775,-0.03681553890925539,-1.8791264651599104,1.5968740001889525,1.4097283440669042,-0.0966407896367954,-0.4724660826687775,3883325296,436,,0.7817380010237684,63,63,63,2637611057,0,0,-40,0,34.117397999580135
10502.482032815,1890068650,5,4,1,0,19,66.13891899905866,-42,63,4.632768361581924,-99.83443708609272,95.53610503282275,53.67983367983368,3.8339438339438487,7.274063188831742,-0.03681553890925539,-1.8791264651599104,1.5968740001889525,1.4097283440669042,-0.0966407896367954,-0.4724660826687775,-0.03681553890925539,-1.8791264651599104,1.5968740001889525,1.4097283440669042,-0.0966407896367954,-0.4724660826687775,3883325296,438,34.158684000431094,0.3018890001840191,63,63,63,2637611057,0,0,-40,0,66.5369649996137
10502.548657027,1890068650,7,5,1,0,37,99.3905100003758,-42,63,4.632768361581924,-99.83443708609272,95.53610503282275,53.67983367983368,3.8339438339438487,7.274063188831742,-0.03681553890925539,-1.8791264651599104,1.5968740001889525,1.4097283440669042,-0.0966407896367954,-0.4724660826687775,-0.03681553890925539,-1.8791264651599104,1.5968740001889525,1.4097283440669042,-0.0966407896367954,-0.4724660826687775,3883325296,439,33.28958000020066,0.3915050001523923,63,63,63,2637611057,0,0,-40,0,99.87159699994663
10502.582099042,1890068650,8,6,1,0,3,99.64394199960225,-42,63,4.632768361581924,-99.83443708609272,95.53610503282275,53.67983367983368,3.8339438339438487,7.274063188831742,-0.03681553890925539,-1.8791264651599104,1.5968740001889525,1.4097283440669042,-0.0966407896367954,-0.4724660826687775,-0.03681553890925539,-1.8791264651599104,1.5968740001889525,1.4097283440669042,-0.0966407896367954,-0.4724660826687775,3883325296,441,33.29036499962967,0.30362200050149113,63,63,63,2637611057,0,0,-35,0,100.02324699962628
10502.615393202,1890068650,9,9,1,0,5,32.89389700148604,-42,63,4.632768361581924,-99.83443708609272,95.53610503282275,53.67983367983368,3.8339438339438487,7.274063188831742,-0.03681553890925539,-1.8791264651599104,1.5968740001889525,1.4097283440669042,-0.0966407896367954,-0.4724660826687775,-0.03681553890925539,-1.8791264651599104,1.5968740001889525,1.4097283440669042,-0.0966407896367954,-0.4724660826687775,3883325296,446,33.43880400097987,0.2898339989769738,63,63,63,2637611057,0,0,-35,0,33.25435599981574
10502.682414212,1890068650,11,10,1,0,19,66.60254199960036,-42,63,4.632768361581924,-99.83443708609272,95.53610503282275,53.67983367983368,3.8339438339438487,7.274063188831742,-0.03681553890925539,-1.8791264651599104,1.5968740001889525,1.4097283440669042,-0.0966407896367954,-0.4724660826687775,-0.03681553890925539,-1.8791264651599104,1.5968740001889525,1.4097283440669042,-0.0966407896367954,-0.4724660826687775,3883325296,448,33.295895998890046,0.2998470008606091,63,63,63,2637611057,0,0,-35,0,66.97947000066051
10502.715423052,1890068650,12,12,1,0,5,32.53107899945462,-42,63,4.632768361581924,-99.83443708609272,95.53610503282275,53.67983367983368,3.8339438339438487,7.274063188831742,-0.03681553890925539,-1.8791264651599104,1.5968740001889525,1.4097283440669042,-0.0966407896367954,-0.4724660826687775,-0.03681553890925539,-1.8791264651599104,1.5968740001889525,1.4097283440669042,-0.0966407896367954,-0.4724660826687775,3883325296,451,33.881682000355795,0.31759500052430667,63,63,63,2637611057,0,0,-35,0,32.960611999442335
10502.782368038,1890068650,14,13,1,0,19,66.47106499985966,-42,63,4.632768361581924,-99.83443708609272,95.53610503282275,53.67983367983368,3.8339438339438487,7.274063188831742,-0.03681553890925539,-1.8791264651599104,1.5968740001889525,1.4097283440669042,-0.0966407896367954,-0.4724660826687775,-0.03681553890925539,-1.8791264651599104,1.5968740001889525,1.4097283440669042,-0.0966407896367954,-0.4724660826687775,3883325296,453,33.00734799995553,0.3276170009485213,63,63,63,2637611057,0,0,-35,0,66.89825000103156
10502.815627687,1890068650,15,15,1,0,5,32.788192000225536,-42,63,4.632768361581924,-99.83443708609272,95.53610503282275,53.67983367983368,3.8339438339438487,7.274063188831742,-0.03681553890925539,-1.8791264651599104,1.5968740001889525,1.4097283440669042,-0.0966407896367954,-0.4724660826687775,-0.03681553890925539,-1.8791264651599104,1.5968740001889525,1.4097283440669042,-0.0966407896367954,-0.4724660826687775,3883325296,456,33.52019699923403,0.30277100086095743,63,63,63,2637611057,0,0,-35,0,33.214641000085976
10502.882291544,1890068650,17,16,1,0,15,66.18773199988937,-42,63,4.632768361581924,-99.83443708609272,95.53610503282275,53.67983367983368,3.8339438339438487,7.274063188831742,-0.03681553890925539,-1.8791264651599104,1.5968740001889525,1.4097283440669042,-0.0966407896367954,-0.4724660826687775,-0.03681553890925539,-1.8791264651599104,1.5968740001889525,1.4097283440669042,-0.0966407896367954,-0.4724660826687775,3883325296,457,33.26161500081071,0.323283000398078,63,63,63,2637611057,0,0,-35,0,66.61688299936941
10502.915467177,1890068650,18,18,1,0,5,32.722538999223616,-42,63,4.632768361581924,-99.83443708609272,95.53610503282275,53.67983367983368,3.8339438339438487,7.274063188831742,-0.03681553890925539,-1.8791264651599104,1.5968740001889525,1.4097283440669042,-0.0966407896367954,-0.4724660826687775,-0.03681553890925539,-1.8791264651599104,1.5968740001889525,1.4097283440669042,-0.0966407896367954,-0.4724660826687775,3883325296,461,33.66224900128145,0.304638999296003,63,63,63,2637611057,0,0,-35,0,33.1238549988484
10502.982134572,1890068650,20,19,1,0,19,66.26035699991917,-42,63,4.632768361581924,-99.83443708609272,95.53610503282275,53.67983367983368,3.8339438339438487,7.274063188831742,-0.03681553890925539,-1.8791264651599104,1.5968740001889525,1.4097283440669042,-0.0966407896367954,-0.4724660826687775,-0.03681553890925539,-1.8791264651599104,1.5968740001889525,1.4097283440669042,-0.0966407896367954,-0.4724660826687775,3883325296,463,33.164094000312616,0.28996099899814,63,63,63,2637611057,0,0,-35,0,66.62715599850344
10503.015388373,1890068650,21,21,1,0,5,32.843671999216895,-42,63,4.632768361581924,-99.83443708609272,95.53610503282275,53.67983367983368,3.8339438339438487,7.274063188831742,-0.03681553890925539,-1.8791264651599104,1.5968740001889525,1.4097283440669042,-0.0966407896367954,-0.4724660826687775,-0.03681553890925539,-1.8791264651599104,1.5968740001889525,1.4097283440669042,-0.0966407896367954,-0.4724660826687775,3883325296,466,33.39646099993843,0.2962359994853614,63,63,63,2637611057,0,0,-35,0,33.21021599913365
10503.082338582,1890068650,23,22,1,0,17,66.54829100079951,-42,63,4.632768361581924,-99.83443708609272,95.53610503282275,53.67983367983368,3.8339438339438487,7.274063188831742,-0.03681553890925539,-1.8791264651599104,1.5968740001889525,1.4097283440669042,-0.0966407896367954,-0.4724660826687775,-0.03681553890925539,-1.8791264651599104,1.5968740001889525,1.4097283440669042,-0.0966407896367954,-0.4724660826687775,3883325296,468,33.24903399879986,0.2940970007330179,63,63,63,2637611057,0,0,-35,0,66.91139100075816
10503.115701735,1890068650,24,23,1,0,38,66.17894800001523,-42,63,4.632768361581924,-99.83443708609272,95.53610503282275,53.67983367983368,3.8339438339438487,7.274063188831742,-0.03681553890925539,-1.8791264651599104,1.5968740001889525,1.4097283440669042,-0.0966407896367954,-0.4724660826687775,-0.03681553890925539,-1.8791264651599104,1.5968740001889525,1.4097283440669042,-0.0966407896367954,-0.4724660826687775,3883325296,469,33.54507900075987,0.4055989993503317,63,63,63,2637611057,0,0,-35,0,66.72946499929822
10503.182169464,1890068650,26,25,1,0,19,65.98744500115572,-42,63,4.632768361581924,-99.83443708609272,95.53610503282275,53.67983367983368,3.8339438339438487,7.274063188831742,-0.03681553890925539,-1.8791264651599104,1.5968740001889525,1.4097283440669042,-0.0966407896367954,-0.4724660826687775,-0.03681553890925539,-1.8791264651599104,1.5968740001889525,1.4097283440669042,-0.0966407896367954,-0.4724660826687775,3883325296,472,33.35681299904536,0.32066200037661474,63,63,63,2637611057,0,0,-35,0,66.42131000080553
10503.215677303,1890068650,27,26,1,0,33,66.30219600083365,-42,63,4.632768361581924,-99.83443708609272,95.53610503282275,53.67983367983368,3.8339438339438487,7.274063188831742,-0.03681553890925539,-1.8791264651599104,1.5968740001889525,1.4097283440669042,-0.0966407896367954,-0.4724660826687775,-0.03681553890925539,-1.8791264651599104,1.5968740001889525,1.4097283440669042,-0.0966407896367954,-0.4724660826687775,3883325296,474,33.20167600031709,0.32556500082137063,63,63,63,2637611057,0,0,-35,0,66.72747300035553
10503.282358629,1890068650,29,28,1,0,19,66.19659100033459,-42,63,4.632768361581924,-99.83443708609272,95.53610503282275,53.67983367983368,3.8339438339438487,7.274063188831742,-0.03681553890925539,-1.8791264651599104,1.5968740001889525,1.4097283440669042,-0.0966407896367954,-0.4724660826687775,-0.03681553890925539,-1.8791264651599104,1.5968740001889525,1.4097283440669042,-0.0966407896367954,-0.4724660826687775,3883325296,478,33.48622900011833,0.3334520006319508,63,63,63,2637611057,0,0,-35,0,66.635655999562
10503.315451767,1890068650,30,30,1,0,3,32.62104699933843,-42,63,4.632768361581924,-99.83443708609272,95.53610503282275,53.67983367983368,3.8339438339438487,7.274063188831742,-0.03681553890925539,-1.8791264651599104,1.5968740001889525,1.4097283440669042,-0.0966407896367954,-0.4724660826687775,-0.03681553890925539,-1.8791264651599104,1.5968740001889525,1.4097283440669042,-0.0966407896367954,-0.4724660826687775,3883325296,481,33.68477200092457,0.3165319994877791,63,63,63,2637611057,0,0,-35,0,33.04665899850079
10503.382322949,1890068650,32,31,1,0,19,66.42067600114387,-42,63,4.632768361581924,-99.83443708609272,95.53610503282275,53.67983367983368,3.8339438339438487,7.274063188831742,-0.03681553890925539,-1.8791264651599104,1.5968740001889525,1.4097283440669042,-0.0966407896367954,-0.4724660826687775,-0.03681553890925539,-1.8791264651599104,1.5968740001889525,1.4097283440669042,-0.0966407896367954,-0.4724660826687775,3883325296,483,33.091211998907966,0.306334000924835,63,63,63,2637611057,0,0,-35,0,66.82662900129799
10503.415533525,1890068650,33,33,1,0,3,32.76099799950316,-42,63,4.632768361581924,-99.83443708609272,95.53610503282275,53.67983367983368,3.8339438339438487,7.274063188831742,-0.03681553890925539,-1.8791264651599104,1.5968740001889525,1.4097283440669042,-0.0966407896367954,-0.4724660826687775,-0.03681553890925539,-1.8791264651599104,1.5968740001889525,1.4097283440669042,-0.0966407896367954,-0.4724660826687775,3883325296,486,33.677440998872044,0.30252200122049544,63,63,63,2637611057,0,0,-35,0,33.163869000418345
10503.449035961,1890068650,34,34,1,0,17,33.07533200131729,-42,63,4.632768361581924,-99.83443708609272,95.53610503282275,53.67983367983368,3.8339438339438487,7.274063188831742,-0.03681553890925539,-1.8791264651599104,1.5968740001889525,1.4097283440669042,-0.0966407896367954,-0.4724660826687775,-0.03681553890925539,-1.8791264651599104,1.5968740001889525,1.4097283440669042,-0.0966407896367954,-0.4724660826687775,3883325296,488,33.21200400023372,0.29267900026752613,63,63,63,2637611057,0,0,-35,0,33.45430100125668
10503.51536909,1890068650,36,36,1,0,5,32.626721000269754,-42,63,4.632768361581924,-99.83443708609272,95.53610503282275,53.67983367983368,3.8339438339438487,7.274063188831742,-0.03681553890925539,-1.8791264651599104,1.5968740001889525,1.4097283440669042,-0.0966407896367954,-0.4724660826687775,-0.03681553890925539,-1.8791264651599104,1.5968740001889525,1.4097283440669042,-0.0966407896367954,-0.4724660826687775,3883325296,491,33.17734200027189,0.368144999811193,63,63,63,2637611057,0,0,-35,0,33.110188000136986
10503.582371245,1890068650,38,37,1,0,19,66.5408099994238,-42,63,4.632768361581924,-99.83443708609272,95.53610503282275,53.67983367983368,3.8339438339438487,7.274063188831742,-0.03681553890925539,-1.8791264651599104,1.5968740001889525,1.4097283440669042,-0.0966407896367954,-0.4724660826687775,-0.03681553890925539,-1.8791264651599104,1.5968740001889525,1.4097283440669042,-0.0966407896367954,-0.4724660826687775,3883325296,493,33.19160299906798,0.2912230011133943,63,63,63,2637611057,0,0,-35,0,66.92074000056891
10503.615668974,1890068650,39,39,1,0,5,32.82872700037842,-43,63,4.632768361581924,-99.83443708609272,95.53610503282275,53.67983367983368,3.8339438339438487,7.274063188831742,-0.03681553890925539,-1.8791264651599104,1.5968740001889525,1.4097283440669042,-0.0966407896367954,-0.4724660826687775,-0.03681553890925539,-1.8791264651599104,1.5968740001889525,1.4097283440669042,-0.0966407896367954,-0.4724660826687775,3883325296,496,33.48790899872256,0.30581700048060156,63,63,63,2637611057,0,0,-39,0,33.25218400095764
10503.682449216,1890068650,41,40,1,0,19,66.30400199901487,-43,63,4.632768361581924,-99.83443708609272,95.53610503282275,53.67983367983368,3.8339438339438487,7.274063188831742,-0.03681553890925539,-1.8791264651599104,1.5968740001889525,1.4097283440669042,-0.0966407896367954,-0.4724660826687775,-0.03681553890925539,-1.8791264651599104,1.5968740001889525,1.4097283440669042,-0.0966407896367954,-0.4724660826687775,3883325296,498,33.298324000497814,0.32060500052466523,63,63,63,2637611057,0,0,-39,0,66.73410199982754
10503.715604985,1890068650,42,42,1,0,5,32.69426599945291,-43,63,4.632768361581924,-99.83443708609272,95.53610503282275,53.67983367983368,3.8339438339438487,7.274063188831742,-0.03681553890925539,-1.8791264651599104,1.5968740001889525,1.4097283440669042,-0.0966407896367954,-0.4724660826687775,-0.03681553890925539,-1.8791264651599104,1.5968740001889525,1.4097283440669042,-0.0966407896367954,-0.4724660826687775,3883325296,501,66.77865900019242,0.3022580003744224,63,63,63,2637611057,0,0,-39,0,33.11121200022171
10503.782376228,1890068650,44,43,1,0,19,66.31027200091921,-43,63,4.632768361581924,-99.83443708609272,95.53610503282275,53.67983367983368,3.8339438339438487,7.274063188831742,-0.03681553890925539,-1.8791264651599104,1.5968740001889525,1.4097283440669042,-0.0966407896367954,-0.4724660826687775,-0.03681553890925539,-1.8791264651599104,1.5968740001889525,1.4097283440669042,-0.0966407896367954,-0.4724660826687775,3883325296,503,33.156497000163654,0.30639599935966544,63,63,63,2637611057,0,0,-39,0,66.7259580004611
10503.815726637,1890068650,45,45,1,0,5,32.866198000192526,-43,63,4.632768361581924,-99.83443708609272,95.53610503282275,53.67983367983368,3.8339438339438487,7.274063188831742,-0.03681553890925539,-1.8791264651599104,1.5968740001889525,1.4097283440669042,-0.0966407896367954,-0.4724660826687775,-0.03681553890925539,-1.8791264651599104,1.5968740001889525,1.4097283440669042,-0.0966407896367954,-0.4724660826687775,3883325296,505,33.499428998766234,0.32129999999597203,63,63,63,2637611057,0,0,-39,0,33.30266500051948
10503.882188277,1890068650,47,46,1,0,19,65.98620100157859,-43,63,4.632768361581924,-99.83443708609272,95.53610503282275,53.67983367983368,3.8339438339438487,7.274063188831742,-0.03681553890925539,-1.8791264651599104,1.5968740001889525,1.4097283440669042,-0.0966407896367954,-0.4724660826687775,-0.03681553890925539,-1.8791264651599104,1.5968740001889525,1.4097283440669042,-0.0966407896367954,-0.4724660826687775,3883325296,507,33.347769000101835,0.32036599986895453,63,63,63,2637611057,0,0,-39,0,66.41653600127029
10503.915679463,1890068650,48,48,1,0,5,33.01825699963956,-43,63,4.632768361581924,-99.83443708609272,95.53610503282275,53.67983367983368,3.8339438339438487,7.274063188831742,-0.03681553890925539,-1.8791264651599104,1.5968740001889525,1.4097283440669042,-0.0966407896367954,-0.4724660826687775,-0.03681553890925539,-1.8791264651599104,1.5968740001889525,1.4097283440669042,-0.0966407896367954,-0.4724660826687775,3883325296,511,33.30722999999125,0.3064720003749244,63,63,63,2637611057,0,0,-39,0,33.44499699960579
10503.982406777,1890068650,50,49,1,0,19,66.24755300072138,-43,63,4.632768361581924,-99.83443708609272,95.53610503282275,53.67983367983368,3.8339438339438487,7.274063188831742,-0.03681553890925539,-1.8791264651599104,1.5968740001889525,1.4097283440669042,-0.0966407896367954,-0.4724660826687775,-0.03681553890925539,-1.8791264651599104,1.5968740001889525,1.4097283440669042,-0.0966407896367954,-0.4724660826687775,3883325296,513,33.49039599925163,0.31321200003731064,63,63,63,2637611057,0,0,-39,0,66.68191500102694
10504.048939076,1890068650,52,50,1,0,37,99.50163699977566,-43,63,4.632768361581924,-99.83443708609272,95.53610503282275,53.67983367983368,3.8339438339438487,7.274063188831742,-0.03681553890925539,-1.8791264651599104,1.5968740001889525,1.4097283440669042,-0.0966407896367954,-0.4724660826687775,-0.03681553890925539,-1.8791264651599104,1.5968740001889525,1.4097283440669042,-0.0966407896367954,-0.4724660826687775,3883325296,514,33.199477000380284,0.3788110007008072,63,63,63,2637611057,0,0,-39,0,100.01473699958296
10504.082380819,1890068650,53,52,1,0,21,66.20616100008192,-43,63,4.632768361581924,-99.83443708609272,95.53610503282275,53.67983367983368,3.8339438339438487,7.274063188831742,-0.03681553890925539,-1.8791264651599104,1.5968740001889525,1.4097283440669042,-0.0966407896367954,-0.4724660826687775,-0.03681553890925539,-1.8791264651599104,1.5968740001889525,1.4097283440669042,-0.0966407896367954,-0.4724660826687775,3883325296,518,33.27401200112945,0.32335899959434755,63,63,63,2637611057,0,0,-39,0,66.65249099933135
10504.115440843,1890068650,54,53,1,0,34,65.91295999896829,-43,63,4.632768361581924,-99.83443708609272,95.53610503282275,53.67983367983368,3.8339438339438487,7.274063188831742,-0.03681553890925539,-1.8791264651599104,1.5968740001889525,1.4097283440669042,-0.0966407896367954,-0.4724660826687775,-0.03681553890925539,-1.8791264651599104,1.5968740001889525,1.4097283440669042,-0.0966407896367954,-0.4724660826687775,3883325296,519,33.2671609994577,0.40244299998448696,63,63,63,2637611057,0,0,-39,0,66.44535399937013
10504.182210757,1890068650,56,55,1,0,19,66.2966330000927,-43,63,4.632768361581924,-99.83443708609272,95.53610503282275,53.67983367983368,3.8339438339438487,7.274063188831742,-0.03681553890925539,-1.8791264651599104,1.5968740001889525,1.4097283440669042,-0.0966407896367954,-0.4724660826687775,-0.03681553890925539,-1.8791264651599104,1.5968740001889525,1.4097283440669042,-0.0966407896367954,-0.4724660826687775,3883325296,523,33.060036001188564,0.3147919996990822,63,63,63,2637611057,0,0,-39,0,66.72357000024931
10504.215687707,1890068650,57,57,1,0,5,33.001238998622284,-43,63,4.632768361581924,-99.83443708609272,95.53610503282275,53.67983367983368,3.8339438339438487,7.274063188831742,-0.03681553890925539,-1.8791264651599104,1.5968740001889525,1.4097283440669042,-0.0966407896367954,-0.4724660826687775,-0.03681553890925539,-1.8791264651599104,1.5968740001889525,1.4097283440669042,-0.0966407896367954,-0.4724660826687775,3883325296,525,33.56057599921769,0.3166839996993076,63,63,63,2637611057,0,0,-39,0,33.43023699926562
10504.282281526,1890068650,59,58,1,0,19,66.11708600030397,-43,63,4.632768361581924,-99.83443708609272,95.53610503282275,53.67983367983368,3.8339438339438487,7.274063188831742,-0.03681553890925539,-1.8791264651599104,1.5968740001889525,1.4097283440669042,-0.0966407896367954,-0.4724660826687775,-0.03681553890925539,-1.8791264651599104,1.5968740001889525,1.4097283440669042,-0.0966407896367954,-0.4724660826687775,3883325296,528,33.47671899973648,0.31559300077788066,63,63,63,2637611057,0,0,-39,0,66.547337000884
10504.315490048,1890068650,60,60,1,0,5,32.729419001043425,-43,63,4.632768361581924,-99.83443708609272,95.53610503282275,53.67983367983368,3.8339438339438487,7.274063188831742,-0.03681553890925539,-1.8791264651599104,1.5968740001889525,1.4097283440669042,-0.0966407896367954,-0.4724660826687775,-0.03681553890925539,-1.8791264651599104,1.5968740001889525,1.4097283440669042,-0.0966407896367954,-0.4724660826687775,3883325296,531,33.40517000106047,0.32309299967892,63,63,63,2637611057,0,0,-39,0,33.16405199984729
10504.38216799,1890068650,62,61,1,0,23,66.25419499869167,-43,63,4.632768361581924,-99.83443708609272,95.53610503282275,53.67983367983368,3.8339438339438487,7.274063188831742,-0.03681553890925539,-1.8791264651599104,1.5968740001889525,1.4097283440669042,-0.0966407896367954,-0.4724660826687775,-0.03681553890925539,-1.8791264651599104,1.5968740001889525,1.4097283440669042,-0.0966407896367954,-0.4724660826687775,3883325296,532,33.20428799997899,0.29795699992973823,63,63,63,2637611057,0,0,-39,0,66.63770599880081
10504.415681607,1890068650,63,63,1,0,5,33.114982999904896,-43,63,4.632768361581924,-99.83443708609272,95.53610503282275,53.67983367983368,3.8339438339438487,7.274063188831742,-0.03681553890925539,-1.8791264651599104,1.5968740001889525,1.4097283440669042,-0.0966407896367954,-0.4724660826687775,-0.03681553890925539,-1.8791264651599104,1.5968740001889525,1.4097283440669042,-0.0966407896367954,-0.4724660826687775,3883325296,536,33.560558998942724,0.2853720015991712,63,63,63,2637611057,0,0,-39,0,33.47159600161831
10504.482412973,1890068650,65,64,1,0,17,66.24872500105994,-43,63,4.632768361581924,-99.83443708609272,95.53610503282275,53.67983367983368,3.8339438339438487,7.274063188831742,-0.03681553890925539,-1.8791264651599104,1.5968740001889525,1.4097283440669042,-0.0966407896367954,-0.4724660826687775,-0.03681553890925539,-1.8791264651599104,1.5968740001889525,1.4097283440669042,-0.0966407896367954,-0.4724660826687775,3883325296,538,33.51823200137005,0.32051999914983753,63,63,63,2637611057,0,0,-39,0,66.68472999990627
10504.515696514,1890068650,66,66,1,0,5,32.79597099935927,-43,63,4.632768361581924,-99.83443708609272,95.53610503282275,53.67983367983368,3.8339438339438487,7.274063188831742,-0.03681553890925539,-1.8791264651599104,1.5968740001889525,1.4097283440669042,-0.0966407896367954,-0.4724660826687775,-0.03681553890925539,-1.8791264651599104,1.5968740001889525,1.4097283440669042,-0.0966407896367954,-0.4724660826687775,3883325296,541,33.55274499881489,0.3211230014130706,63,63,63,2637611057,0,0,-39,0,33.235711000088486
10504.582155351,1890068650,68,67,1,0,17,65.97408999914478,-43,63,4.632768361581924,-99.83443708609272,95.53610503282275,53.67983367983368,3.8339438339438487,7.274063188831742,-0.03681553890925539,-1.8791264651599104,1.5968740001889525,1.4097283440669042,-0.0966407896367954,-0.4724660826687775,-0.03681553890925539,-1.8791264651599104,1.5968740001889525,1.4097283440669042,-0.0966407896367954,-0.4724660826687775,3883325296,543,33.282417000009445,0.32184100018639583,63,63,63,2637611057,0,0,-39,0,66.41213100010646
10504.615685454,1890068650,69,68,1,0,38,66.21671399989282,-43,63,4.632768361581924,-99.83443708609272,95.53610503282275,53.67983367983368,3.8339438339438487,7.274063188831742,-0.03681553890925539,-1.8791264651599104,1.5968740001889525,1.4097283440669042,-0.0966407896367954,-0.4724660826687775,-0.03681553890925539,-1.8791264651599104,1.5968740001889525,1.4097283440669042,-0.0966407896367954,-0.4724660826687775,3883325296,544,33.20961000099487,0.3874140002153581,63,63,63,2637611057,0,0,-39,0,66.73262399999658
10504.64910565,1890068650,70,70,1,0,16,32.939695000095526,-43,63,4.632768361581924,-99.83443708609272,95.53610503282275,53.67983367983368,3.8339438339438487,7.274063188831742,-0.03681553890925539,-1.8791264651599104,1.5968740001889525,1.4097283440669042,-0.0966407896367954,-0.4724660826687775,-0.03681553890925539,-1.8791264651599104,1.5968740001889525,1.4097283440669042,-0.0966407896367954,-0.4724660826687775,3883325296,548,33.66232400003355,0.1890599996841047,63,63,63,2637611057,0,0,-39,0,33.23153400015144
10504.715718684,1890068650,72,71,1,0,36,66.11915299981774,-42,63,4.632768361581924,-99.83443708609272,95.53610503282275,53.67983367983368,3.8339438339438487,7.274063188831742,-0.03681553890925539,-1.8791264651599104,1.5968740001889525,1.4097283440669042,-0.0966407896367954,-0.4724660826687775,-0.03681553890925539,-1.8791264651599104,1.5968740001889525,1.4097283440669042,-0.0966407896367954,-0.4724660826687775,3883325296,549,33.288290000200504,0.32811799974297173,63,63,63,2637611057,0,0,-39,0,66.55627799955255
10504.782383618,1890068650,74,73,1,0,17,66.17920499957108,-42,63,4.632768361581924,-99.83443708609272,95.53610503282275,53.67983367983368,3.8339438339438487,7.274063188831742,-0.03681553890925539,-1.8791264651599104,1.5968740001889525,1.4097283440669042,-0.0966407896367954,-0.4724660826687775,-0.03681553890925539,-1.8791264651599104,1.5968740001889525,1.4097283440669042,-0.0966407896367954,-0.4724660826687775,3883325296,553,33.48245899906033,0.3220039998268476,63,63,63,2637611057,0,0,-39,0,66.6184740002791
10504.815686853,1890068650,75,74,1,0,38,66.22321699978784,-42,63,4.632768361581924,-99.83443708609272,95.53610503282275,53.67983367983368,3.8339438339438487,7.274063188831742,-0.03681553890925539,-1.8791264651599104,1.5968740001889525,1.4097283440669042,-0.0966407896367954,-0.4724660826687775,-0.03681553890925539,-1.8791264651599104,1.5968740001889525,1.4097283440669042,-0.0966407896367954,-0.4724660826687775,3883325296,554,33.184419000463095,0.3841090001515113,63,63,63,2637611057,0,0,-39,0,66.73729000067397
10504.848925422,1890068650,76,76,1,0,19,32.73832500053686,-42,63,4.632768361581924,-99.83443708609272,95.53610503282275,53.67983367983368,3.8339438339438487,7.274063188831742,-0.03681553890925539,-1.8791264651599104,1.5968740001889525,1.4097283440669042,-0.0966407896367954,-0.4724660826687775,-0.03681553890925539,-1.8791264651599104,1.5968740001889525,1.4097283440669042,-0.0966407896367954,-0.4724660826687775,3883325296,558,33.305928000118,0.334799000484054,63,63,63,2637611057,0,0,-35,0,33.19029100020998
10504.915428598,1890068650,78,78,1,0,5,32.71602899985737,-42,63,4.632768361581924,-99.83443708609272,95.53610503282275,53.67983367983368,3.8339438339438487,7.274063188831742,-0.03681553890925539,-1.8791264651599104,1.5968740001889525,1.4097283440669042,-0.0966407896367954,-0.4724660826687775,-0.03681553890925539,-1.8791264651599104,1.5968740001889525,1.4097283440669042,-0.0966407896367954,-0.4724660826687775,3883325296,561,33.24668999994174,0.3800270005740458,63,63,63,2637611057,0,0,-35,0,33.209702000021935
10504.982170721,1890068650,80,79,1,0,19,66.30458299878228,-42,63,4.632768361581924,-99.83443708609272,95.53610503282275,53.67983367983368,3.8339438339438487,7.274063188831742,-0.03681553890925539,-1.8791264651599104,1.5968740001889525,1.4097283440669042,-0.0966407896367954,-0.4724660826687775,-0.03681553890925539,-1.8791264651599104,1.5968740001889525,1.4097283440669042,-0.0966407896367954,-0.4724660826687775,3883325296,563,33.25173099983658,0.322216999848024,63,63,63,2637611057,0,0,-35,0,66.70009399931587
10505.048736956,1890068650,82,81,1,0,5,66.14520000039192,-42,63,4.632768361581924,-99.83443708609272,95.53610503282275,53.67983367983368,3.8339438339438487,7.274063188831742,-0.03681553890925539,-1.8791264651599104,1.5968740001889525,1.4097283440669042,-0.0966407896367954,-0.4724660826687775,-0.03681553890925539,-1.8791264651599104,1.5968740001889525,1.4097283440669042,-0.0966407896367954,-0.4724660826687775,3883325296,566,33.409186000426416,0.29573099891422316,63,63,63,2637611057,0,0,-35,0,66.5231919992948
10505.082184477,1890068650,83,82,1,0,15,65.98257299992838,-42,63,4.632768361581924,-99.83443708609272,95.53610503282275,53.67983367983368,3.8339438339438487,7.274063188831742,-0.03681553890925539,-1.8791264651599104,1.5968740001889525,1.4097283440669042,-0.0966407896367954,-0.4724660826687775,-0.03681553890925539,-1.8791264651599104,1.5968740001889525,1.4097283440669042,-0.0966407896367954,-0.4724660826687775,3883325296,567,33.45731700028409,0.39804999869375024,63,63,63,2637611057,0,0,-35,0,66.51339599920902
10505.1822915,1890068650,86,85,1,0,11,66.17096599984507,-42,63,4.632768361581924,-99.83443708609272,95.53610503282275,53.67983367983368,3.8339438339438487,7.274063188831742,-0.03681553890925539,-1.8791264651599104,1.5968740001889525,1.4097283440669042,-0.0966407896367954,-0.4724660826687775,-0.03681553890925539,-1.8791264651599104,1.5968740001889525,1.4097283440669042,-0.0966407896367954,-0.4724660826687775,3883325296,572,33.36857899921597,0.3767479993257439,63,63,63,2637611057,0,0,-35,0,66.69166999927256
10505.215620366,1890068650,87,86,1,0,29,66.19343400052458,-42,63,4.632768361581924,-99.83443708609272,95.53610503282275,53.67983367983368,3.8339438339438487,7.274063188831742,-0.03681553890925539,-1.8791264651599104,1.5968740001889525,1.4097283440669042,-0.0966407896367954,-0.4724660826687775,-0.03681553890925539,-1.8791264651599104,1.5968740001889525,1.4097283440669042,-0.0966407896367954,-0.4724660826687775,3883325296,574,33.30523899967375,0.3914030003215885,63,63,63,2637611057,0,0,-35,0,66.71529699997336
10505.382368756,1890068650,92,90,1,0,55,99.69113499937521,-42,63,4.632768361581924,-99.83443708609272,95.53610503282275,53.67983367983368,3.8339438339438487,7.274063188831742,-0.03681553890925539,-1.8791264651599104,1.5968740001889525,1.4097283440669042,-0.0966407896367954,-0.4724660826687775,-0.03681553890925539,-1.8791264651599104,1.5968740001889525,1.4097283440669042,-0.0966407896367954,-0.4724660826687775,3883325296,578,33.32086599948525,66.85434599967266,63,63,63,2637611057,0,0,-35,0,166.7030110002088
10505.449013857,1890068650,94,92,1,0,37,99.8624160001782,-42,63,4.632768361581924,-99.83443708609272,95.53610503282275,53.67983367983368,3.8339438339438487,7.274063188831742,-0.03681553890925539,-1.8791264651599104,1.5968740001889525,1.4097283440669042,-0.0966407896367954,-0.4724660826687775,-0.03681553890925539,-1.8791264651599104,1.5968740001889525,1.4097283440669042,-0.0966407896367954,-0.4724660826687775,3883325296,581,99.81030299968552,33.59079300025769,63,63,63,2637611057,0,0,-35,0,133.53780900069978
10505.482381532,1890068650,95,94,1,0,13,66.24541699966358,-42,63,4.632768361581924,-99.83443708609272,95.53610503282275,53.67983367983368,3.8339438339438487,7.274063188831742,-0.03681553890925539,-1.8791264651599104,1.5968740001889525,1.4097283440669042,-0.0966407896367954,-0.4724660826687775,-0.03681553890925539,-1.8791264651599104,1.5968740001889525,1.4097283440669042,-0.0966407896367954,-0.4724660826687775,3883325296,586,33.19812299923797,0.3808550009125611,63,63,63,2637611057,0,0,-35,0,66.76820299981046
10505.515673276,1890068650,96,95,1,0,26,66.17517199993017,-42,63,4.632768361581924,-99.83443708609272,95.53610503282275,53.67983367983368,3.8339438339438487,7.274063188831742,-0.03681553890925539,-1.8791264651599104,1.5968740001889525,1.4097283440669042,-0.0966407896367954,-0.4724660826687775,-0.03681553890925539,-1.8791264651599104,1.5968740001889525,1.4097283440669042,-0.0966407896367954,-0.4724660826687775,3883325296,588,33.44985200055817,0.32226300027105026,63,63,63,2637611057,0,0,-35,0,66.61009500021464
10505.582354886,1890068650,98,97,1,0,19,66.20558900067408,-42,63,4.632768361581924,-99.83443708609272,95.53610503282275,53.67983367983368,3.8339438339438487,7.274063188831742,-0.03681553890925539,-1.8791264651599104,1.5968740001889525,1.4097283440669042,-0.0966407896367954,-0.4724660826687775,-0.03681553890925539,-1.8791264651599104,1.5968740001889525,1.4097283440669042,-0.0966407896367954,-0.4724660826687775,3883325296,593,33.292049998635775,0.3206270012015011,63,63,63,2637611057,0,0,-39,0,66.6339120016346
10505.615717338,1890068650,99,99,1,0,5,32.897088000027,-42,63,4.632768361581924,-99.83443708609272,95.53610503282275,53.67983367983368,3.8339438339438487,7.274063188831742,-0.03681553890925539,-1.8791264651599104,1.5968740001889525,1.4097283440669042,-0.0966407896367954,-0.4724660826687775,-0.03681553890925539,-1.8791264651599104,1.5968740001889525,1.4097283440669042,-0.0966407896367954,-0.4724660826687775,3883325296,596,33.504783001262695,0.3059070004383102,63,63,63,2637611057,0,0,-39,0,33.31705699929444
10505.682216323,1890068650,101,100,1,0,19,66.01499099997454,-42,63,4.632768361581924,-99.83443708609272,95.53610503282275,53.67983367983368,3.8339438339438487,7.274063188831742,-0.03681553890925539,-1.8791264651599104,1.5968740001889525,1.4097283440669042,-0.0966407896367954,-0.4724660826687775,-0.03681553890925539,-1.8791264651599104,1.5968740001889525,1.4097283440669042,-0.0966407896367954,-0.4724660826687775,3883325296,598,33.363286000167136,0.3189779999956954,63,63,63,2637611057,0,0,-39,0,66.45275600021705
10505.715686746,1890068650,102,102,1,0,5,32.99434200016549,-42,63,4.632768361581924,-99.83443708609272,95.53610503282275,53.67983367983368,3.8339438339438487,7.274063188831742,-0.03681553890925539,-1.8791264651599104,1.5968740001889525,1.4097283440669042,-0.0966407896367954,-0.4724660826687775,-0.03681553890925539,-1.8791264651599104,1.5968740001889525,1.4097283440669042,-0.0966407896367954,-0.4724660826687775,3883325296,601,33.320167000056244,0.32102899967867415,63,63,63,2637611057,0,0,-39,0,33.42190699913772
10505.78237315,1890068650,104,103,1,0,18,66.20997499885561,-42,63,4.632768361581924,-99.83443708609272,95.53610503282275,53.67983367983368,3.8339438339438487,7.274063188831742,-0.03681553890925539,-1.8791264651599104,1.5968740001889525,1.4097283440669042,-0.0966407896367954,-0.4724660826687775,-0.03681553890925539,-1.8791264651599104,1.5968740001889525,1.4097283440669042,-0.0966407896367954,-0.4724660826687775,3883325296,603,33.46850499838183,0.31383800160256214,63,63,63,2637611057,0,0,-39,0,66.63980600023933
10505.815648909,1890068650,105,104,1,0,37,66.1867290000373,-42,63,4.632768361581924,-99.83443708609272,95.53610503282275,53.67983367983368,3.8339438339438487,7.274063188831742,-0.03681553890925539,-1.8791264651599104,1.5968740001889525,1.4097283440669042,-0.0966407896367954,-0.4724660826687775,-0.03681553890925539,-1.8791264651599104,1.5968740001889525,1.4097283440669042,-0.0966407896367954,-0.4724660826687775,3883325296,604,33.21616100038227,0.3824150007858407,63,63,63,2637611057,0,0,-39,0,66.69940400024643
10505.882141435,1890068650,107,106,1,0,23,66.02721700073744,-42,63,4.632768361581924,-99.83443708609272,95.53610503282275,53.67983367983368,3.8339438339438487,7.274063188831742,-0.03681553890925539,-1.8791264651599104,1.5968740001889525,1.4097283440669042,-0.0966407896367954,-0.4724660826687775,-0.03681553890925539,-1.8791264651599104,1.5968740001889525,1.4097283440669042,-0.0966407896367954,-0.4724660826687775,3883325296,607,33.2633670004725,0.30099700052232947,63,63,63,2637611057,0,0,-39,0,66.4489600003435
10505.915495822,1890068650,108,107,1,0,38,66.26657500055444,-42,63,4.632768361581924,-99.83443708609272,95.53610503282275,53.67983367983368,3.8339438339438487,7.274063188831742,-0.03681553890925539,-1.8791264651599104,1.5968740001889525,1.4097283440669042,-0.0966407896367954,-0.4724660826687775,-0.03681553890925539,-1.8791264651599104,1.5968740001889525,1.4097283440669042,-0.0966407896367954,-0.4724660826687775,3883325296,609,33.088277999922866,0.36875799924018793,63,63,63,2637611057,0,0,-39,0,66.71506900056556
10505.982132352,1890068650,110,109,1,0,19,66.22893999883672,-42,63,4.632768361581924,-99.83443708609272,95.53610503282275,53.67983367983368,3.8339438339438487,7.274063188831742,-0.03681553890925539,-1.8791264651599104,1.5968740001889525,1.4097283440669042,-0.0966407896367954,-0.4724660826687775,-0.03681553890925539,-1.8791264651599104,1.5968740001889525,1.4097283440669042,-0.0966407896367954,-0.4724660826687775,3883325296,613,33.35406900077942,0.29159299992898013,63,63,63,2637611057,0,0,-39,0,66.59574199875351
10506.015499737,1890068650,111,111,1,0,5,32.97329999986687,-42,63,4.632768361581924,-99.83443708609272,95.53610503282275,53.67983367983368,3.8339438339438487,7.274063188831742,-0.03681553890925539,-1.8791264651599104,1.5968740001889525,1.4097283440669042,-0.0966407896367954,-0.4724660826687775,-0.03681553890925539,-1.8791264651599104,1.5968740001889525,1.4097283440669042,-0.0966407896367954,-0.4724660826687775,3883325296,616,33.37539700078196,0.27905599927180447,63,63,63,2637611057,0,0,-39,0,33.322194998618215
10506.082366623,1890068650,113,112,1,0,15,66.45640200076741,-42,63,4.632768361581924,-99.83443708609272,95.53610503282275,53.67983367983368,3.8339438339438487,7.274063188831742,-0.03681553890925539,-1.8791264651599104,1.5968740001889525,1.4097283440669042,-0.0966407896367954,-0.4724660826687775,-0.03681553890925539,-1.8791264651599104,1.5968740001889525,1.4097283440669042,-0.0966407896367954,-0.4724660826687775,3883325296,617,33.36261399999785,0.29326900039450265,63,63,63,2637611057,0,0,-39,0,66.82646700028272
10506.115739128,1890068650,114,113,1,0,36,66.47592999979679,-42,63,4.632768361581924,-99.83443708609272,95.53610503282275,53.67983367983368,3.8339438339438487,7.274063188831742,-0.03681553890925539,-1.8791264651599104,1.5968740001889525,1.4097283440669042,-0.0966407896367954,-0.4724660826687775,-0.03681553890925539,-1.8791264651599104,1.5968740001889525,1.4097283440669042,-0.0966407896367954,-0.4724660826687775,3883325296,619,33.281767999142176,0.36792600076296367,63,63,63,2637611057,0,0,-39,0,66.91720399976475
10506.182351546,1890068650,116,115,1,0,19,66.1389329998201,-42,63,4.632768361581924,-99.83443708609272,95.53610503282275,53.67983367983368,3.8339438339438487,7.274063188831742,-0.03681553890925539,-1.8791264651599104,1.5968740001889525,1.4097283440669042,-0.0966407896367954,-0.4724660826687775,-0.03681553890925539,-1.8791264651599104,1.5968740001889525,1.4097283440669042,-0.0966407896367954,-0.4724660826687775,3883325296,623,33.37146700141602,0.31814799876883626,63,63,63,2637611057,0,0,-39,0,66.56647499949031
10506.215691376,1890068650,117,117,1,0,5,32.8320700009499,-42,63,4.632768361581924,-99.83443708609272,95.53610503282275,53.67983367983368,3.8339438339438487,7.274063188831742,-0.03681553890925539,-1.8791264651599104,1.5968740001889525,1.4097283440669042,-0.0966407896367954,-0.4724660826687775,-0.03681553890925539,-1.8791264651599104,1.5968740001889525,1.4097283440669042,-0.0966407896367954,-0.4724660826687775,3883325296,626,33.47411899994768,0.34348200097156223,63,63,63,2637611057,0,0,-39,0,33.291807001660345
10506.282359926,1890068650,119,118,1,0,23,66.18448999870452,-42,63,4.632768361581924,-99.83443708609272,95.53610503282275,53.67983367983368,3.8339438339438487,7.274063188831742,-0.03681553890925539,-1.8791264651599104,1.5968740001889525,1.4097283440669042,-0.0966407896367954,-0.4724660826687775,-0.03681553890925539,-1.8791264651599104,1.5968740001889525,1.4097283440669042,-0.0966407896367954,-0.4724660826687775,3883325296,628,33.33798499988916,0.32095800088427495,63,63,63,2637611057,0,0,-39,0,66.62237199998344
10506.315641442,1890068650,120,120,1,0,3,32.804456999656395,-42,63,4.632768361581924,-99.83443708609272,95.53610503282275,53.67983367983368,3.8339438339438487,7.274063188831742,-0.03681553890925539,-1.8791264651599104,1.5968740001889525,1.4097283440669042,-0.0966407896367954,-0.4724660826687775,-0.03681553890925539,-1.8791264651599104,1.5968740001889525,1.4097283440669042,-0.0966407896367954,-0.4724660826687775,3883325296,630,33.45906999857107,0.31724200016469695,63,63,63,2637611057,0,0,-39,0,33.234145999813336
10506.382193325,1890068650,122,121,1,0,23,66.10439500036591,-42,63,4.632768361581924,-99.83443708609272,95.53610503282275,53.67983367983368,3.8339438339438487,7.274063188831742,-0.03681553890925539,-1.8791264651599104,1.5968740001889525,1.4097283440669042,-0.0966407896367954,-0.4724660826687775,-0.03681553890925539,-1.8791264651599104,1.5968740001889525,1.4097283440669042,-0.0966407896367954,-0.4724660826687775,3883325296,632,33.27917600108776,0.29919500047981273,63,63,63,2637611057,0,0,-39,0,66.50685299973702
10506.415369749,1890068650,123,123,1,0,5,32.77196800081583,-42,63,4.632768361581924,-99.83443708609272,95.53610503282275,53.67983367983368,3.8339438339438487,7.274063188831742,-0.03681553890925539,-1.8791264651599104,1.5968740001889525,1.4097283440669042,-0.0966407896367954,-0.4724660826687775,-0.03681553890925539,-1.8791264651599104,1.5968740001889525,1.4097283440669042,-0.0966407896367954,-0.4724660826687775,3883325296,636,33.46200899977703,0.29015099971729796,63,63,63,2637611057,0,0,-39,0,33.1310969995684
10506.448887524,1890068650,124,124,1,0,19,33.09833700041054,-42,63,4.632768361581924,-99.83443708609272,95.53610503282275,53.67983367983368,3.8339438339438487,7.274063188831742,-0.03681553890925539,-1.8791264651599104,1.5968740001889525,1.4097283440669042,-0.0966407896367954,-0.4724660826687775,-0.03681553890925539,-1.8791264651599104,1.5968740001889525,1.4097283440669042,-0.0966407896367954,-0.4724660826687775,3883325296,637,33.17162799976359,0.31050100005813874,63,63,63,2637611057,0,0,-39,0,33.47724400009611
10506.548832034,1890068650,127,126,1,0,5,65.87735299945052,-42,63,4.632768361581924,-99.83443708609272,95.53610503282275,53.67983367983368,3.8339438339438487,7.274063188831742,-0.03681553890925539,-1.8791264651599104,1.5968740001889525,1.4097283440669042,-0.0966407896367954,-0.4724660826687775,-0.03681553890925539,-1.8791264651599104,1.5968740001889525,1.4097283440669042,-0.0966407896367954,-0.4724660826687775,3883325296,641,33.48311499939882,0.3960619997087633,63,63,63,2637611057,0,0,-39,0,66.41742399915529
10506.582354367,1890068650,128,127,1,0,5,66.38018099874898,-42,63,4.632768361581924,-99.83443708609272,95.53610503282275,53.67983367983368,3.8339438339438487,7.274063188831742,-0.03681553890925539,-1.8791264651599104,1.5968740001889525,1.4097283440669042,-0.0966407896367954,-0.4724660826687775,-0.03681553890925539,-1.8791264651599104,1.5968740001889525,1.4097283440669042,-0.0966407896367954,-0.4724660826687775,3883325296,642,33.05391100002453,0.37528699976974167,63,63,63,2637611057,0,0,-39,0,66.8858459994226
10506.615690413,1890068650,129,129,1,0,5,32.86443999968469,-42,63,4.632768361581924,-99.83443708609272,95.53610503282275,53.67983367983368,3.8339438339438487,7.274063188831742,-0.03681553890925539,-1.8791264651599104,1.5968740001889525,1.4097283440669042,-0.0966407896367954,-0.4724660826687775,-0.03681553890925539,-1.8791264651599104,1.5968740001889525,1.4097283440669042,-0.0966407896367954,-0.4724660826687775,3883325296,646,33.532247000039206,0.3097749995504273,63,63,63,2637611057,0,0,-35,0,33.287125999777345
10506.682342115,1890068650,131,130,1,0,14,66.14142500075104,-42,63,4.632768361581924,-99.83443708609272,95.53610503282275,53.67983367983368,3.8339438339438487,7.274063188831742,-0.03681553890925539,-1.8791264651599104,1.5968740001889525,1.4097283440669042,-0.0966407896367954,-0.4724660826687775,-0.03681553890925539,-1.8791264651599104,1.5968740001889525,1.4097283440669042,-0.0966407896367954,-0.4724660826687775,3883325296,648,33.49094499935745,0.20145700000284705,63,63,63,2637611057,0,0,-35,0,66.44788300036453
10506.715501152,1890068650,132,132,1,0,5,32.69736299989745,-42,63,4.632768361581924,-99.83443708609272,95.53610503282275,53.67983367983368,3.8339438339438487,7.274063188831742,-0.03681553890925539,-1.8791264651599104,1.5968740001889525,1.4097283440669042,-0.0966407896367954,-0.4724660826687775,-0.03681553890925539,-1.8791264651599104,1.5968740001889525,1.4097283440669042,-0.0966407896367954,-0.4724660826687775,3883325296,651,33.413540999390534,0.3064230004383717,63,63,63,2637611057,0,0,-35,0,33.11381500134303
10506.782379163,1890068650,134,133,1,0,21,66.47550500019861,-42,63,4.632768361581924,-99.83443708609272,95.53610503282275,53.67983367983368,3.8339438339438487,7.274063188831742,-0.03681553890925539,-1.8791264651599104,1.5968740001889525,1.4097283440669042,-0.0966407896367954,-0.4724660826687775,-0.03681553890925539,-1.8791264651599104,1.5968740001889525,1.4097283440669042,-0.0966407896367954,-0.4724660826687775,3883325296,652,33.153950000269106,0.29089000054227654,63,63,63,2637611057,0,0,-35,0,66.83787600013602
10506.815694356,1890068650,135,134,1,0,38,66.22476499978802,-42,63,4.632768361581924,-99.83443708609272,95.53610503282275,53.67983367983368,3.8339438339438487,7.274063188831742,-0.03681553890925539,-1.8791264651599104,1.5968740001889525,1.4097283440669042,-0.0966407896367954,-0.4724660826687775,-0.03681553890925539,-1.8791264651599104,1.5968740001889525,1.4097283440669042,-0.0966407896367954,-0.4724660826687775,3883325296,654,33.40671800106065,0.38671399852319155,63,63,63,2637611057,0,0,-35,0,66.74635099989246
10506.882394782,1890068650,137,136,1,0,19,66.20397900042008,-42,63,4.632768361581924,-99.83443708609272,95.53610503282275,53.67983367983368,3.8339438339438487,7.274063188831742,-0.03681553890925539,-1.8791264651599104,1.5968740001889525,1.4097283440669042,-0.0966407896367954,-0.4724660826687775,-0.03681553890925539,-1.8791264651599104,1.5968740001889525,1.4097283440669042,-0.0966407896367954,-0.4724660826687775,3883325296,658,33.3167790013249,0.3303559988125926,63,63,63,2637611057,0,0,-35,0,66.65135699950042
10506.915740297,1890068650,138,137,1,0,35,66.25004899979103,-42,63,4.632768361581924,-99.83443708609272,95.53610503282275,53.67983367983368,3.8339438339438487,7.274063188831742,-0.03681553890925539,-1.8791264651599104,1.5968740001889525,1.4097283440669042,-0.0966407896367954,-0.4724660826687775,-0.03681553890925539,-1.8791264651599104,1.5968740001889525,1.4097283440669042,-0.0966407896367954,-0.4724660826687775,3883325296,659,33.22534899962193,0.38639199919998646,63,63,63,2637611057,0,0,-35,0,66.77152299926092
10506.948905492,1890068650,139,139,1,0,17,32.67289999894274,-42,63,4.632768361581924,-99.83443708609272,95.53610503282275,53.67983367983368,3.8339438339438487,7.274063188831742,-0.03681553890925539,-1.8791264651599104,1.5968740001889525,1.4097283440669042,-0.0966407896367954,-0.4724660826687775,-0.03681553890925539,-1.8791264651599104,1.5968740001889525,1.4097283440669042,-0.0966407896367954,-0.4724660826687775,3883325296,663,33.617949000472436,0.07118899884517305,63,63,63,2637611057,0,0,-35,0,32.84596899902681
10507.015638208,1890068650,141,141,1,0,5,32.83741999985068,-42,63,4.632768361581924,-99.83443708609272,95.53610503282275,53.67983367983368,3.8339438339438487,7.274063188831742,-0.03681553890925539,-1.8791264651599104,1.5968740001889525,1.4097283440669042,-0.0966407896367954,-0.4724660826687775,-0.03681553890925539,-1.8791264651599104,1.5968740001889525,1.4097283440669042,-0.0966407896367954,-0.4724660826687775,3883325296,666,33.342387001539464,0.3868159983539954,63,63,63,2637611057,0,0,-35,0,33.34361099950911
10507.082291601,1890068650,143,142,1,0,19,66.18933400022797,-42,63,4.632768361581924,-99.83443708609272,95.53610503282275,53.67983367983368,3.8339438339438487,7.274063188831742,-0.03681553890925539,-1.8791264651599104,1.5968740001889525,1.4097283440669042,-0.0966407896367954,-0.4724660826687775,-0.03681553890925539,-1.8791264651599104,1.5968740001889525,1.4097283440669042,-0.0966407896367954,-0.4724660826687775,3883325296,668,33.390967999366694,0.31350599965662695,63,63,63,2637611057,0,0,-35,0,66.6060359999392
10507.115797088,1890068650,144,143,1,0,37,66.20963499881327,-42,63,4.632768361581924,-99.83443708609272,95.53610503282275,53.67983367983368,3.8339438339438487,7.274063188831742,-0.03681553890925539,-1.8791264651599104,1.5968740001889525,1.4097283440669042,-0.0966407896367954,-0.4724660826687775,-0.03681553890925539,-1.8791264651599104,1.5968740001889525,1.4097283440669042,-0.0966407896367954,-0.4724660826687775,3883325296,669,33.354377999785356,0.440056999650551,63,63,63,2637611057,0,0,-35,0,66.75714499942842
10507.182466012,1890068650,146,145,1,0,19,66.18710700058728,-42,63,4.632768361581924,-99.83443708609272,95.53610503282275,53.67983367983368,3.8339438339438487,7.274063188831742,-0.03681553890925539,-1.8791264651599104,1.5968740001889525,1.4097283440669042,-0.0966407896367954,-0.4724660826687775,-0.03681553890925539,-1.8791264651599104,1.5968740001889525,1.4097283440669042,-0.0966407896367954,-0.4724660826687775,3883325296,673,33.49301899834245,0.3267740012233844,63,63,63,2637611057,0,0,-35,0,66.62043300093501
10507.215483248,1890068650,147,146,1,0,38,66.01944599970011,-42,63,4.632768361581924,-99.83443708609272,95.53610503282275,53.67983367983368,3.8339438339438487,7.274063188831742,-0.03681553890925539,-1.8791264651599104,1.5968740001889525,1.4097283440669042,-0.0966407896367954,-0.4724660826687775,-0.03681553890925539,-1.8791264651599104,1.5968740001889525,1.4097283440669042,-0.0966407896367954,-0.4724660826687775,3883325296,674,33.10166400115122,0.3838279990304727,63,63,63,2637611057,0,0,-35,0,66.53600499885215
10507.282370708,1890068650,149,148,1,0,23,66.43950500074425,-42,63,4.632768361581924,-99.83443708609272,95.53610503282275,53.67983367983368,3.8339438339438487,7.274063188831742,-0.03681553890925539,-1.8791264651599104,1.5968740001889525,1.4097283440669042,-0.0966407896367954,-0.4724660826687775,-0.03681553890925539,-1.8791264651599104,1.5968740001889525,1.4097283440669042,-0.0966407896367954,-0.4724660826687775,3883325296,677,33.01302599902556,0.31452300027012825,63,63,63,2637611057,0,0,-35,0,66.84046200098237
10507.31550943,1890068650,150,150,1,0,5,32.67116399911174,-42,63,4.632768361581924,-99.83443708609272,95.53610503282275,53.67983367983368,3.8339438339438487,7.274063188831742,-0.03681553890925539,-1.8791264651599104,1.5968740001889525,1.4097283440669042,-0.0966407896367954,-0.4724660826687775,-0.03681553890925539,-1.8791264651599104,1.5968740001889525,1.4097283440669042,-0.0966407896367954,-0.4724660826687775,3883325296,681,33.352503000060096,0.300330999380094,63,63,63,2637611057,0,0,-35,0,33.09245499985991
10507.382087501,1890068650,152,151,1,0,24,66.07071200050996,-42,63,4.632768361581924,-99.83443708609272,95.53610503282275,53.67983367983368,3.8339438339438487,7.274063188831742,-0.03681553890925539,-1.8791264651599104,1.5968740001889525,1.4097283440669042,-0.0966407896367954,-0.4724660826687775,-0.03681553890925539,-1.8791264651599104,1.5968740001889525,1.4097283440669042,-0.0966407896367954,-0.4724660826687775,3883325296,682,33.146559000670095,0.33838699891930446,63,63,63,2637611057,0,0,-35,0,66.52396699973906
10507.415467136,1890068650,153,153,1,0,3,32.92387100009364,-42,63,4.632768361581924,-99.83443708609272,95.53610503282275,53.67983367983368,3.8339438339438487,7.274063188831742,-0.03681553890925539,-1.8791264651599104,1.5968740001889525,1.4097283440669042,-0.0966407896367954,-0.4724660826687775,-0.03681553890925539,-1.8791264651599104,1.5968740001889525,1.4097283440669042,-0.0966407896367954,-0.4724660826687775,3883325296,686,33.5211170004186,0.3102609989582561,63,63,63,2637611057,0,0,-35,0,33.33489399847167
10507.482173293,1890068650,155,154,1,0,18,66.24047299919766,-42,63,4.632768361581924,-99.83443708609272,95.53610503282275,53.67983367983368,3.8339438339438487,7.274063188831742,-0.03681553890925539,-1.8791264651599104,1.5968740001889525,1.4097283440669042,-0.0966407896367954,-0.4724660826687775,-0.03681553890925539,-1.8791264651599104,1.5968740001889525,1.4097283440669042,-0.0966407896367954,-0.4724660826687775,3883325296,688,33.380576998752076,0.318592001349316,63,63,63,2637611057,0,0,-35,0,66.66047399994568
10507.515408572,1890068650,156,156,1,0,3,32.79045599992969,-42,63,4.632768361581924,-99.83443708609272,95.53610503282275,53.67983367983368,3.8339438339438487,7.274063188831742,-0.03681553890925539,-1.8791264651599104,1.5968740001889525,1.4097283440669042,-0.0966407896367954,-0.4724660826687775,-0.03681553890925539,-1.8791264651599104,1.5968740001889525,1.4097283440669042,-0.0966407896367954,-0.4724660826687775,3883325296,691,33.653947999482625,0.3118470012850594,63,63,63,2637611057,0,0,-35,0,33.190822001415654
10507.582139292,1890068650,158,157,1,0,3,66.30108100034704,-42,63,4.632768361581924,-99.83443708609272,95.53610503282275,53.67983367983368,3.8339438339438487,7.274063188831742,-0.03681553890925539,-1.8791264651599104,1.5968740001889525,1.4097283440669042,-0.0966407896367954,-0.4724660826687775,-0.03681553890925539,-1.8791264651599104,1.5968740001889525,1.4097283440669042,-0.0966407896367954,-0.4724660826687775,3883325296,692,33.23460100000375,0.3009710017067846,63,63,63,2637611057,0,0,-35,0,66.68694100153516
10507.615466045,1890068650,159,159,1,0,5,32.89771799973096,-42,63,4.632768361581924,-99.83443708609272,95.53610503282275,53.67983367983368,3.8339438339438487,7.274063188831742,-0.03681553890925539,-1.8791264651599104,1.5968740001889525,1.4097283440669042,-0.0966407896367954,-0.4724660826687775,-0.03681553890925539,-1.8791264651599104,1.5968740001889525,1.4097283440669042,-0.0966407896367954,-0.4724660826687775,3883325296,696,66.73490200046217,0.3027020011359127,63,63,63,2637611057,0,0,-35,0,33.27879199969175
10507.682155344,1890068650,161,160,1,0,19,66.21501100016758,-42,63,4.632768361581924,-99.83443708609272,95.53610503282275,53.67983367983368,3.8339438339438487,7.274063188831742,-0.03681553890925539,-1.8791264651599104,1.5968740001889525,1.4097283440669042,-0.0966407896367954,-0.4724660826687775,-0.03681553890925539,-1.8791264651599104,1.5968740001889525,1.4097283440669042,-0.0966407896367954,-0.4724660826687775,3883325296,698,33.53422300097009,0.1323649994446896,63,63,63,2637611057,0,0,-35,0,66.43386799987638
10507.715406597,1890068650,162,162,1,0,5,32.841301001099055,-40,63,4.632768361581924,-99.83443708609272,95.53610503282275,53.67983367983368,3.8339438339438487,7.274063188831742,-0.03681553890925539,-1.8791264651599104,1.5968740001889525,1.4097283440669042,-0.0966407896367954,-0.4724660826687775,-0.03681553890925539,-1.8791264651599104,1.5968740001889525,1.4097283440669042,-0.0966407896367954,-0.4724660826687775,3883325296,701,33.648627999355085,0.29139700018276926,63,63,63,2637611057,0,0,-39,0,33.208419001311995
10507.782438451,1890068650,164,163,1,0,19,66.62124499962374,-40,63,4.632768361581924,-99.83443708609272,95.53610503282275,53.67983367983368,3.8339438339438487,7.274063188831742,-0.03681553890925539,-1.8791264651599104,1.5968740001889525,1.4097283440669042,-0.0966407896367954,-0.4724660826687775,-0.03681553890925539,-1.8791264651599104,1.5968740001889525,1.4097283440669042,-0.0966407896367954,-0.4724660826687775,3883325296,703,33.24948699992092,0.2982050009450177,63,63,63,2637611057,0,0,-39,0,66.99078600104258
10507.81562508,1890068650,165,164,1,0,40,66.11623200114991,-40,63,4.632768361581924,-99.83443708609272,95.53610503282275,53.67983367983368,3.8339438339438487,7.274063188831742,-0.03681553890925539,-1.8791264651599104,1.5968740001889525,1.4097283440669042,-0.0966407896367954,-0.4724660826687775,-0.03681553890925539,-1.8791264651599104,1.5968740001889525,1.4097283440669042,-0.0966407896367954,-0.4724660826687775,3883325296,704,33.53682000124536,0.3893140001309803,63,63,63,2637611057,0,0,-39,0,66.64059499962605
10507.882347901,1890068650,167,166,1,0,18,66.25445999998192,-40,63,4.632768361581924,-99.83443708609272,95.53610503282275,53.67983367983368,3.8339438339438487,7.274063188831742,-0.03681553890925539,-1.8791264651599104,1.5968740001889525,1.4097283440669042,-0.0966407896367954,-0.4724660826687775,-0.03681553890925539,-1.8791264651599104,1.5968740001889525,1.4097283440669042,-0.0966407896367954,-0.4724660826687775,3883325296,708,33.186169999680715,0.31420300001627766,63,63,63,2637611057,0,0,-39,0,66.67564900089928
10507.91561684,1890068650,168,167,1,0,39,66.14550800077268,-40,63,4.632768361581924,-99.83443708609272,95.53610503282275,53.67983367983368,3.8339438339438487,7.274063188831742,-0.03681553890925539,-1.8791264651599104,1.5968740001889525,1.4097283440669042,-0.0966407896367954,-0.4724660826687775,-0.03681553890925539,-1.8791264651599104,1.5968740001889525,1.4097283440669042,-0.0966407896367954,-0.4724660826687775,3883325296,709,33.27445099967008,0.3927870002371492,63,63,63,2637611057,0,0,-39,0,66.67013700098323
10507.982205648,1890068650,170,169,1,0,23,66.11789599992335,-40,63,4.632768361581924,-99.83443708609272,95.53610503282275,53.67983367983368,3.8339438339438487,7.274063188831742,-0.03681553890925539,-1.8791264651599104,1.5968740001889525,1.4097283440669042,-0.0966407896367954,-0.4724660826687775,-0.03681553890925539,-1.8791264651599104,1.5968740001889525,1.4097283440669042,-0.0966407896367954,-0.4724660826687775,3883325296,712,33.26934699907724,0.31240400130627677,63,63,63,2637611057,0,0,-39,0,66.54296000124305
10508.015401971,1890068650,171,171,1,0,5,32.797630999994,-40,63,4.632768361581924,-99.83443708609272,95.53610503282275,53.67983367983368,3.8339438339438487,7.274063188831742,-0.03681553890925539,-1.8791264651599104,1.5968740001889525,1.4097283440669042,-0.0966407896367954,-0.4724660826687775,-0.03681553890925539,-1.8791264651599104,1.5968740001889525,1.4097283440669042,-0.0966407896367954,-0.4724660826687775,3883325296,716,33.62097200079006,0.28808400020352565,63,63,63,2637611057,0,0,-39,0,33.15504000056535
10508.082373572,1890068650,173,172,1,0,19,66.58091500139562,-40,63,4.632768361581924,-99.83443708609272,95.53610503282275,53.67983367983368,3.8339438339438487,7.274063188831742,-0.03681553890925539,-1.8791264651599104,1.5968740001889525,1.4097283440669042,-0.0966407896367954,-0.4724660826687775,-0.03681553890925539,-1.8791264651599104,1.5968740001889525,1.4097283440669042,-0.0966407896367954,-0.4724660826687775,3883325296,718,33.195521999004995,0.2810280002449872,63,63,63,2637611057,0,0,-39,0,66.93111900131044
10508.115679758,1890068650,174,173,1,0,37,66.2031730007584,-40,63,4.632768361581924,-99.83443708609272,95.53610503282275,53.67983367983368,3.8339438339438487,7.274063188831742,-0.03681553890925539,-1.8791264651599104,1.5968740001889525,1.4097283440669042,-0.0966407896367954,-0.4724660826687775,-0.03681553890925539,-1.8791264651599104,1.5968740001889525,1.4097283440669042,-0.0966407896367954,-0.4724660826687775,3883325296,719,33.505666000564815,0.3976520001742756,63,63,63,2637611057,0,0,-39,0,66.73163900086365
10508.182362764,1890068650,176,175,1,0,15,66.19161799972062,-40,63,4.632768361581924,-99.83443708609272,95.53610503282275,53.67983367983368,3.8339438339438487,7.274063188831742,-0.03681553890925539,-1.8791264651599104,1.5968740001889525,1.4097283440669042,-0.0966407896367954,-0.4724660826687775,-0.03681553890925539,-1.8791264651599104,1.5968740001889525,1.4097283440669042,-0.0966407896367954,-0.4724660826687775,3883325296,723,33.29923000092094,0.3274159989814507,63,63,63,2637611057,0,0,-39,0,66.63751599990064
10508.215774219,1890068650,177,177,1,0,3,32.94260299844609,-40,63,4.632768361581924,-99.83443708609272,95.53610503282275,53.67983367983368,3.8339438339438487,7.274063188831742,-0.03681553890925539,-1.8791264651599104,1.5968740001889525,1.4097283440669042,-0.0966407896367954,-0.4724660826687775,-0.03681553890925539,-1.8791264651599104,1.5968740001889525,1.4097283440669042,-0.0966407896367954,-0.4724660826687775,3883325296,726,33.43293900070421,0.30989699916972313,63,63,63,2637611057,0,0,-39,0,33.3656009988772
10508.28235035,1890068650,179,178,1,0,19,66.06980099968496,-40,63,4.632768361581924,-99.83443708609272,95.53610503282275,53.67983367983368,3.8339438339438487,7.274063188831742,-0.03681553890925539,-1.8791264651599104,1.5968740001889525,1.4097283440669042,-0.0966407896367954,-0.4724660826687775,-0.03681553890925539,-1.8791264651599104,1.5968740001889525,1.4097283440669042,-0.0966407896367954,-0.4724660826687775,3883325296,728,33.41221899972879,0.35402399953454733,63,63,63,2637611057,0,0,-39,0,66.52951300020504
10508.315477347,1890068650,180,180,1,0,5,32.65310300048441,-40,63,4.632768361581924,-99.83443708609272,95.53610503282275,53.67983367983368,3.8339438339438487,7.274063188831742,-0.03681553890925539,-1.8791264651599104,1.5968740001889525,1.4097283440669042,-0.0966407896367954,-0.4724660826687775,-0.03681553890925539,-1.8791264651599104,1.5968740001889525,1.4097283440669042,-0.0966407896367954,-0.4724660826687775,3883325296,730,33.454279000579845,0.31458599914913066,63,63,63,2637611057,0,0,-39,0,33.082455998737714
10508.38207651,1890068650,182,181,1,0,19,66.14924400128075,-40,63,4.632768361581924,-99.83443708609272,95.53610503282275,53.67983367983368,3.8339438339438487,7.274063188831742,-0.03681553890925539,-1.8791264651599104,1.5968740001889525,1.4097283440669042,-0.0966407896367954,-0.4724660826687775,-0.03681553890925539,-1.8791264651599104,1.5968740001889525,1.4097283440669042,-0.0966407896367954,-0.4724660826687775,3883325296,733,33.30722999999125,0.13481299902196042,63,63,63,2637611057,0,0,-39,0,66.37438899997505
10508.415534924,1890068650,183,183,1,0,5,33.03992800101696,-40,63,4.632768361581924,-99.83443708609272,95.53610503282275,53.67983367983368,3.8339438339438487,7.274063188831742,-0.03681553890925539,-1.8791264651599104,1.5968740001889525,1.4097283440669042,-0.0966407896367954,-0.4724660826687775,-0.03681553890925539,-1.8791264651599104,1.5968740001889525,1.4097283440669042,-0.0966407896367954,-0.4724660826687775,3883325296,736,33.32693200172798,0.3024039997399086,63,63,63,2637611057,0,0,-39,0,33.41532800004643
10508.482074512,1890068650,185,184,1,0,23,66.08224199953838,-40,63,4.632768361581924,-99.83443708609272,95.53610503282275,53.67983367983368,3.8339438339438487,7.274063188831742,-0.03681553890925539,-1.8791264651599104,1.5968740001889525,1.4097283440669042,-0.0966407896367954,-0.4724660826687775,-0.03681553890925539,-1.8791264651599104,1.5968740001889525,1.4097283440669042,-0.0966407896367954,-0.4724660826687775,3883325296,737,33.45800699935353,0.3204080003342824,63,63,63,2637611057,0,0,-39,0,66.49690899939742
10508.515491796,1890068650,186,186,1,0,5,33.004041000822326,-40,63,4.632768361581924,-99.83443708609272,95.53610503282275,53.67983367983368,3.8339438339438487,7.274063188831742,-0.03681553890925539,-1.8791264651599104,1.5968740001889525,1.4097283440669042,-0.0966407896367954,-0.4724660826687775,-0.03681553890925539,-1.8791264651599104,1.5968740001889525,1.4097283440669042,-0.0966407896367954,-0.4724660826687775,3883325296,741,33.2985210006882,0.2966739994008094,63,63,63,2637611057,0,0,-39,0,33.372771000358625
10508.582136361,1890068650,188,187,1,0,19,66.22695599980943,-40,63,4.632768361581924,-99.83443708609272,95.53610503282275,53.67983367983368,3.8339438339438487,7.274063188831742,-0.03681553890925539,-1.8791264651599104,1.5968740001889525,1.4097283440669042,-0.0966407896367954,-0.4724660826687775,-0.03681553890925539,-1.8791264651599104,1.5968740001889525,1.4097283440669042,-0.0966407896367954,-0.4724660826687775,3883325296,743,33.41325399924244,0.297755999781657,63,63,63,2637611057,0,0,-39,0,66.60408199968515
10508.615434384,1890068650,189,189,1,0,5,32.89099200083001,-40,63,4.632768361581924,-99.83443708609272,95.53610503282275,53.67983367983368,3.8339438339438487,7.274063188831742,-0.03681553890925539,-1.8791264651599104,1.5968740001889525,1.4097283440669042,-0.0966407896367954,-0.4724660826687775,-0.03681553890925539,-1.8791264651599104,1.5968740001889525,1.4097283440669042,-0.0966407896367954,-0.4724660826687775,3883325296,746,33.40129200114461,0.2914569995482452,63,63,63,2637611057,0,0,-39,0,33.25416400002723
10508.682352606,1890068650,191,190,1,0,19,66.47712999983924,-40,63,4.632768361581924,-99.83443708609272,95.53610503282275,53.67983367983368,3.8339438339438487,7.274063188831742,-0.03681553890925539,-1.8791264651599104,1.5968740001889525,1.4097283440669042,-0.0966407896367954,-0.4724660826687775,-0.03681553890925539,-1.8791264651599104,1.5968740001889525,1.4097283440669042,-0.0966407896367954,-0.4724660826687775,3883325296,748,33.5544449990266,0.06315800055745058,63,63,63,2637611057,0,0,-39,0,66.61794100000407
10508.715464789,1890068650,192,192,1,0,5,32.625928999550524,-40,63,4.632768361581924,-99.83443708609272,95.53610503282275,53.67983367983368,3.8339438339438487,7.274063188831742,-0.03681553890925539,-1.8791264651599104,1.5968740001889525,1.4097283440669042,-0.0966407896367954,-0.4724660826687775,-0.03681553890925539,-1.8791264651599104,1.5968740001889525,1.4097283440669042,-0.0966407896367954,-0.4724660826687775,3883325296,751,33.68723600033263,0.3143920002912637,63,63,63,2637611057,0,0,-39,0,33.05173599983391
10508.782200052,1890068650,194,193,1,0,21,66.30743599998823,-40,63,4.632768361581924,-99.83443708609272,95.53610503282275,53.67983367983368,3.8339438339438487,7.274063188831742,-0.03681553890925539,-1.8791264651599104,1.5968740001889525,1.4097283440669042,-0.0966407896367954,-0.4724660826687775,-0.03681553890925539,-1.8791264651599104,1.5968740001889525,1.4097283440669042,-0.0966407896367954,-0.4724660826687775,3883325296,753,33.093620999352424,0.29876600092393346,63,63,63,2637611057,0,0,-39,0,66.69337799939967
10508.815668602,1890068650,195,194,1,0,38,66.36250399969867,-40,63,4.632768361581924,-99.83443708609272,95.53610503282275,53.67983367983368,3.8339438339438487,7.274063188831742,-0.03681553890925539,-1.8791264651599104,1.5968740001889525,1.4097283440669042,-0.0966407896367954,-0.4724660826687775,-0.03681553890925539,-1.8791264651599104,1.5968740001889525,1.4097283440669042,-0.0966407896367954,-0.4724660826687775,3883325296,754,33.322605000648764,0.37358100053097587,63,63,63,2637611057,0,0,-39,0,66.83932299893058
10508.882360229,1890068650,197,196,1,0,19,66.2214040003164,-40,63,4.632768361581924,-99.83443708609272,95.53610503282275,53.67983367983368,3.8339438339438487,7.274063188831742,-0.03681553890925539,-1.8791264651599104,1.5968740001889525,1.4097283440669042,-0.0966407896367954,-0.4724660826687775,-0.03681553890925539,-1.8791264651599104,1.5968740001889525,1.4097283440669042,-0.0966407896367954,-0.4724660826687775,3883325296,758,33.47224599929177,0.31596400003763847,63,63,63,2637611057,0,0,-39,0,66.64621399977477
10508.915667393,1890068650,198,198,1,0,5,32.83378699961759,-40,63,4.632768361581924,-99.83443708609272,95.53610503282275,53.67983367983368,3.8339438339438487,7.274063188831742,-0.03681553890925539,-1.8791264651599104,1.5968740001889525,1.4097283440669042,-0.0966407896367954,-0.4724660826687775,-0.03681553890925539,-1.8791264651599104,1.5968740001889525,1.4097283440669042,-0.0966407896367954,-0.4724660826687775,3883325296,760,33.442326999647776,0.3106050007772865,63,63,63,2637611057,0,0,-39,0,33.260448999499204
10508.982074458,1890068650,200,199,1,0,23,65.92975899911835,-40,63,4.632768361581924,-99.83443708609272,95.53610503282275,53.67983367983368,3.8339438339438487,7.274063188831742,-0.03681553890925539,-1.8791264651599104,1.5968740001889525,1.4097283440669042,-0.0966407896367954,-0.4724660826687775,-0.03681553890925539,-1.8791264651599104,1.5968740001889525,1.4097283440669042,-0.0966407896367954,-0.4724660826687775,3883325296,762,33.30486300001212,0.31985399982659146,63,63,63,2637611057,0,0,-39,0,66.36265099950833
10509.015427688,1890068650,201,201,1,0,3,32.927876000030665,-40,63,4.632768361581924,-99.83443708609272,95.53610503282275,53.67983367983368,3.8339438339438487,7.274063188831742,-0.03681553890925539,-1.8791264651599104,1.5968740001889525,1.4097283440669042,-0.0966407896367954,-0.4724660826687775,-0.03681553890925539,-1.8791264651599104,1.5968740001889525,1.4097283440669042,-0.0966407896367954,-0.4724660826687775,3883325296,766,33.342364000418456,0.31015899912745226,63,63,63,2637611057,0,0,-39,0,33.30997699958971
10509.082380336,1890068650,203,202,1,0,19,66.54250700012199,-40,63,4.632768361581924,-99.83443708609272,95.53610503282275,53.67983367983368,3.8339438339438487,7.274063188831742,-0.03681553890925539,-1.8791264651599104,1.5968740001889525,1.4097283440669042,-0.0966407896367954,-0.4724660826687775,-0.03681553890925539,-1.8791264651599104,1.5968740001889525,1.4097283440669042,-0.0966407896367954,-0.4724660826687775,3883325296,768,33.351857999150525,0.29213600100774784,63,63,63,2637611057,0,0,-39,0,66.91076700008125
10509.115423094,1890068650,204,203,1,0,38,66.07748399983393,-40,63,4.632768361581924,-99.83443708609272,95.53610503282275,53.67983367983368,3.8339438339438487,7.274063188831742,-0.03681553890925539,-1.8791264651599104,1.5968740001889525,1.4097283440669042,-0.0966407896367954,-0.4724660826687775,-0.03681553890925539,-1.8791264651599104,1.5968740001889525,1.4097283440669042,-0.0966407896367954,-0.4724660826687775,3883325296,769,33.40727000068,0.3743739998753881,63,63,63,2637611057,0,0,-39,0,66.54625499868416
10509.182301763,1890068650,206,205,1,0,19,66.41617499917629,-40,63,4.632768361581924,-99.83443708609272,95.53610503282275,53.67983367983368,3.8339438339438487,7.274063188831742,-0.03681553890925539,-1.8791264651599104,1.5968740001889525,1.4097283440669042,-0.0966407896367954,-0.4724660826687775,-0.03681553890925539,-1.8791264651599104,1.5968740001889525,1.4097283440669042,-0.0966407896367954,-0.4724660826687775,3883325296,772,33.042324999769335,0.30287499976111576,63,63,63,2637611057,0,0,-39,0,66.83288999920478
10509.21568377,1890068650,207,207,1,0,5,32.93343699988327,-40,63,4.632768361581924,-99.83443708609272,95.53610503282275,53.67983367983368,3.8339438339438487,7.274063188831742,-0.03681553890925539,-1.8791264651599104,1.5968740001889525,1.4097283440669042,-0.0966407896367954,-0.4724660826687775,-0.03681553890925539,-1.8791264651599104,1.5968740001889525,1.4097283440669042,-0.0966407896367954,-0.4724660826687775,3883325296,776,33.41116699994018,0.3009829997608904,63,63,63,2637611057,0,0,-39,0,33.338055000058375
10509.249021897,1890068650,208,208,1,0,19,32.82566899906669,-40,63,4.632768361581924,-99.83443708609272,95.53610503282275,53.67983367983368,3.8339438339438487,7.274063188831742,-0.03681553890925539,-1.8791264651599104,1.5968740001889525,1.4097283440669042,-0.0966407896367954,-0.4724660826687775,-0.03681553890925539,-1.8791264651599104,1.5968740001889525,1.4097283440669042,-0.0966407896367954,-0.4724660826687775,3883325296,777,33.39427299943054,0.3396829997655004,63,63,63,2637611057,0,0,-39,0,33.28190899992478
10509.315556217,1890068650,210,209,1,0,35,66.06782499875408,-40,63,4.632768361581924,-99.83443708609272,95.53610503282275,53.67983367983368,3.8339438339438487,7.274063188831742,-0.03681553890925539,-1.8791264651599104,1.5968740001889525,1.4097283440669042,-0.0966407896367954,-0.4724660826687775,-0.03681553890925539,-1.8791264651599104,1.5968740001889525,1.4097283440669042,-0.0966407896367954,-0.4724660826687775,3883325296,779,33.3276229994226,0.3150240008835681,63,63,63,2637611057,0,0,-39,0,66.48860600034823
10509.382117514,1890068650,212,211,1,0,20,65.75204600085272,-40,63,4.632768361581924,-99.83443708609272,95.53610503282275,53.67983367983368,3.8339438339438487,7.274063188831742,-0.03681553890925539,-1.8791264651599104,1.5968740001889525,1.4097283440669042,-0.0966407896367954,-0.4724660826687775,-0.03681553890925539,-1.8791264651599104,1.5968740001889525,1.4097283440669042,-0.0966407896367954,-0.4724660826687775,3883325296,783,33.49569099918881,0.42011299956357107,63,63,63,2637611057,0,0,-39,0,66.34633300018322
10509.415548932,1890068650,213,212,1,0,42,66.2232890008454,-40,63,4.632768361581924,-99.83443708609272,95.53610503282275,53.67983367983368,3.8339438339438487,7.274063188831742,-0.03681553890925539,-1.8791264651599104,1.5968740001889525,1.4097283440669042,-0.0966407896367954,-0.4724660826687775,-0.03681553890925539,-1.8791264651599104,1.5968740001889525,1.4097283440669042,-0.0966407896367954,-0.4724660826687775,3883325296,784,33.08843599916145,0.3534010011208011,63,63,63,2637611057,0,0,-39,0,66.68931500098552
10509.482223324,1890068650,215,214,1,0,19,66.25003699991794,-40,63,4.632768361581924,-99.83443708609272,95.53610503282275,53.67983367983368,3.8339438339438487,7.274063188831742,-0.03681553890925539,-1.8791264651599104,1.5968740001889525,1.4097283440669042,-0.0966407896367954,-0.4724660826687775,-0.03681553890925539,-1.8791264651599104,1.5968740001889525,1.4097283440669042,-0.0966407896367954,-0.4724660826687775,3883325296,788,33.42045799945481,0.29938400075479876,63,63,63,2637611057,0,0,-39,0,66.63179899987881
10509.51556269,1890068650,216,215,1,0,42,66.29093999981706,-40,63,4.632768361581924,-99.83443708609272,95.53610503282275,53.67983367983368,3.8339438339438487,7.274063188831742,-0.03681553890925539,-1.8791264651599104,1.5968740001889525,1.4097283440669042,-0.0966407896367954,-0.4724660826687775,-0.03681553890925539,-1.8791264651599104,1.5968740001889525,1.4097283440669042,-0.0966407896367954,-0.4724660826687775,3883325296,789,33.21544800019183,0.3747509999811882,63,63,63,2637611057,0,0,-39,0,66.75571699997818
10509.548834682,1890068650,217,217,1,0,17,32.842808999703266,-40,63,4.632768361581924,-99.83443708609272,95.53610503282275,53.67983367983368,3.8339438339438487,7.274063188831742,-0.03681553890925539,-1.8791264651599104,1.5968740001889525,1.4097283440669042,-0.0966407896367954,-0.4724660826687775,-0.03681553890925539,-1.8791264651599104,1.5968740001889525,1.4097283440669042,-0.0966407896367954,-0.4724660826687775,3883325296,793,33.3402100004605,0.3065149994654348,63,63,63,2637611057,0,0,-39,0,33.22993099936866
10509.615433799,1890068650,219,219,1,0,3,32.8635049991135,-40,63,4.632768361581924,-99.83443708609272,95.53610503282275,53.67983367983368,3.8339438339438487,7.274063188831742,-0.03681553890925539,-1.8791264651599104,1.5968740001889525,1.4097283440669042,-0.0966407896367954,-0.4724660826687775,-0.03681553890925539,-1.8791264651599104,1.5968740001889525,1.4097283440669042,-0.0966407896367954,-0.4724660826687775,3883325296,796,33.26389200083213,0.35598599970398936,63,63,63,2637611057,0,0,-39,0,33.293638998657116
10509.648835742,1890068650,220,220,1,0,17,32.98740500031272,-40,63,4.632768361581924,-99.83443708609272,95.53610503282275,53.67983367983368,3.8339438339438487,7.274063188831742,-0.03681553890925539,-1.8791264651599104,1.5968740001889525,1.4097283440669042,-0.0966407896367954,-0.4724660826687775,-0.03681553890925539,-1.8791264651599104,1.5968740001889525,1.4097283440669042,-0.0966407896367954,-0.4724660826687775,3883325296,797,33.33572399969853,0.28983300035179127,63,63,63,2637611057,0,0,-39,0,33.35985800003982
10509.715667724,1890068650,222,221,1,0,35,66.40138600050705,-40,63,4.632768361581924,-99.83443708609272,95.53610503282275,53.67983367983368,3.8339438339438487,7.274063188831742,-0.03681553890925539,-1.8791264651599104,1.5968740001889525,1.4097283440669042,-0.0966407896367954,-0.4724660826687775,-0.03681553890925539,-1.8791264651599104,1.5968740001889525,1.4097283440669042,-0.0966407896367954,-0.4724660826687775,3883325296,799,33.4001890005311,0.3151659984723665,63,63,63,2637611057,0,0,-39,0,66.79165099922102
10509.782363501,1890068650,224,223,1,0,23,66.22044300092966,-40,63,4.632768361581924,-99.83443708609272,95.53610503282275,53.67983367983368,3.8339438339438487,7.274063188831742,-0.03681553890925539,-1.8791264651599104,1.5968740001889525,1.4097283440669042,-0.0966407896367954,-0.4724660826687775,-0.03681553890925539,-1.8791264651599104,1.5968740001889525,1.4097283440669042,-0.0966407896367954,-0.4724660826687775,3883325296,802,33.42377800072427,0.3175879992340924,63,63,63,2637611057,0,0,-39,0,66.64920500043081
10509.815670606,1890068650,225,225,1,0,5,32.840851999935694,-40,63,4.632768361581924,-99.83443708609272,95.53610503282275,53.67983367983368,3.8339438339438487,7.274063188831742,-0.03681553890925539,-1.8791264651599104,1.5968740001889525,1.4097283440669042,-0.0966407896367954,-0.4724660826687775,-0.03681553890925539,-1.8791264651599104,1.5968740001889525,1.4097283440669042,-0.0966407896367954,-0.4724660826687775,3883325296,806,33.488896999188,0.3041660002054414,63,63,63,2637611057,0,0,-39,0,33.26335000019753
10509.88240984,1890068650,227,226,1,0,17,66.24611000006553,-40,63,4.632768361581924,-99.83443708609272,95.53610503282275,53.67983367983368,3.8339438339438487,7.274063188831742,-0.03681553890925539,-1.8791264651599104,1.5968740001889525,1.4097283440669042,-0.0966407896367954,-0.4724660826687775,-0.03681553890925539,-1.8791264651599104,1.5968740001889525,1.4097283440669042,-0.0966407896367954,-0.4724660826687775,3883325296,807,33.30922900022415,0.3197879996150732,63,63,63,2637611057,0,0,-39,0,66.69335500009765
10509.915670615,1890068650,228,228,1,0,4,32.79050200035272,-40,63,4.632768361581924,-99.83443708609272,95.53610503282275,53.67983367983368,3.8339438339438487,7.274063188831742,-0.03681553890925539,-1.8791264651599104,1.5968740001889525,1.4097283440669042,-0.0966407896367954,-0.4724660826687775,-0.03681553890925539,-1.8791264651599104,1.5968740001889525,1.4097283440669042,-0.0966407896367954,-0.4724660826687775,3883325296,810,33.758915998987504,0.31101400054467376,63,63,63,2637611057,0,0,-39,0,33.21431500080507
10509.982367554,1890068650,230,229,1,0,17,66.23416499860468,-40,63,4.632768361581924,-99.83443708609272,95.53610503282275,53.67983367983368,3.8339438339438487,7.274063188831742,-0.03681553890925539,-1.8791264651599104,1.5968740001889525,1.4097283440669042,-0.0966407896367954,-0.4724660826687775,-0.03681553890925539,-1.8791264651599104,1.5968740001889525,1.4097283440669042,-0.0966407896367954,-0.4724660826687775,3883325296,812,33.2596360003663,0.3030459993169643,63,63,63,2637611057,0,0,-39,0,66.65161799901398
10510.08237202,1890068650,233,231,1,0,37,99.50506200038944,-40,63,4.632768361581924,-99.83443708609272,95.53610503282275,53.67983367983368,3.8339438339438487,7.274063188831742,-0.03681553890925539,-1.8791264651599104,1.5968740001889525,1.4097283440669042,-0.0966407896367954,-0.4724660826687775,-0.03681553890925539,-1.8791264651599104,1.5968740001889525,1.4097283440669042,-0.0966407896367954,-0.4724660826687775,3883325296,815,33.49502299897722,0.3326250007376075,63,63,63,2637611057,0,0,-39,0,99.95473200069682
10510.149019515,1890068650,235,234,1,0,5,66.172311999253,-40,63,4.632768361581924,-99.83443708609272,95.53610503282275,53.67983367983368,3.8339438339438487,7.274063188831742,-0.03681553890925539,-1.8791264651599104,1.5968740001889525,1.4097283440669042,-0.0966407896367954,-0.4724660826687775,-0.03681553890925539,-1.8791264651599104,1.5968740001889525,1.4097283440669042,-0.0966407896367954,-0.4724660826687775,3883325296,821,66.97013099983451,0.31310499980463646,63,63,63,2637611057,0,0,-38,0,66.59973599926161
10510.182082981,1890068650,236,235,1,0,11,65.95413700051722,-40,63,4.632768361581924,-99.83443708609272,95.53610503282275,53.67983367983368,3.8339438339438487,7.274063188831742,-0.03681553890925539,-1.8791264651599104,1.5968740001889525,1.4097283440669042,-0.0966407896367954,-0.4724660826687775,-0.03681553890925539,-1.8791264651599104,1.5968740001889525,1.4097283440669042,-0.0966407896367954,-0.4724660826687775,3883325296,822,33.18828000010399,0.3770869989239145,63,63,63,2637611057,0,0,-38,0,66.47492199954286
10510.215674689,1890068650,237,235,1,0,62,65.95413700051722,-40,63,4.632768361581924,-99.83443708609272,95.53610503282275,53.67983367983368,3.8339438339438487,7.274063188831742,-0.03681553890925539,-1.8791264651599104,1.5968740001889525,1.4097283440669042,-0.0966407896367954,-0.4724660826687775,-0.03681553890925539,-1.8791264651599104,1.5968740001889525,1.4097283440669042,-0.0966407896367954,-0.4724660826687775,3883325296,822,33.18828000010399,0.3770869989239145,63,63,63,2637611057,0,0,-38,0,66.47492199954286
10510.282394373,1890068650,239,237,1,0,45,99.87811800056079,-40,63,4.632768361581924,-99.83443708609272,95.53610503282275,53.67983367983368,3.8339438339438487,7.274063188831742,-0.03681553890925539,-1.8791264651599104,1.5968740001889525,1.4097283440669042,-0.0966407896367954,-0.4724660826687775,-0.03681553890925539,-1.8791264651599104,1.5968740001889525,1.4097283440669042,-0.0966407896367954,-0.4724660826687775,3883325296,825,33.05770900078642,0.29692399948544335,63,63,63,2637611057,0,0,-38,0,100.26896999988821
10510.34875087,1890068650,241,239,1,0,20,99.31937100009236,-40,63,4.632768361581924,-99.83443708609272,95.53610503282275,53.67983367983368,3.8339438339438487,7.274063188831742,-0.03681553890925539,-1.8791264651599104,1.5968740001889525,1.4097283440669042,-0.0966407896367954,-0.4724660826687775,-0.03681553890925539,-1.8791264651599104,1.5968740001889525,1.4097283440669042,-0.0966407896367954,-0.4724660826687775,3883325296,829,33.20454599997902,0.37572200017166324,63,63,63,2637611057,0,0,-38,0,99.82659299930674
10510.382150483,1890068650,242,241,1,0,19,66.416751998986,-40,63,4.632768361581924,-99.83443708609272,95.53610503282275,53.67983367983368,3.8339438339438487,7.274063188831742,-0.03681553890925539,-1.8791264651599104,1.5968740001889525,1.4097283440669042,-0.0966407896367954,-0.4724660826687775,-0.03681553890925539,-1.8791264651599104,1.5968740001889525,1.4097283440669042,-0.0966407896367954,-0.4724660826687775,3883325296,830,33.518652999191545,33.17370600052527,63,63,63,2637611057,0,0,-38,0,99.70755299946177
10510.415588717,1890068650,243,242,1,0,35,66.30414100072812,-40,63,4.55743879472692,-99.83443708609272,95.53610503282275,53.76299376299377,3.9804639804639947,7.274063188831742,-0.038202765979580854,-1.8791264651599104,1.5968740001889525,1.411269978812983,-0.09203884727313846,-0.4724660826687775,-0.03681553890925539,-1.8791264651599104,1.5968740001889525,1.4097283440669042,-0.0966407896367954,-0.4724660826687775,3883325296,833,66.36179800079844,0.3864449990942376,63,63,63,2637611057,0,0,-38,0,66.78398899930471
10510.48224249,1890068650,245,244,1,0,9,66.18677299957199,-40,63,4.55743879472692,-99.83443708609272,95.53610503282275,53.76299376299377,3.9804639804639947,7.274063188831742,-0.038202765979580854,-1.8791264651599104,1.5968740001889525,1.411269978812983,-0.09203884727313846,-0.4724660826687775,-0.03681553890925539,-1.8791264651599104,1.5968740001889525,1.4097283440669042,-0.0966407896367954,-0.4724660826687775,3883325296,837,33.441344001403195,0.30394699933822267,63,63,63,2637611057,0,0,-38,0,66.60192599883885
10510.515560153,1890068650,246,246,1,0,5,32.86389099957887,-40,63,4.55743879472692,-99.83443708609272,95.53610503282275,53.76299376299377,3.9804639804639947,7.274063188831742,-0.038202765979580854,-1.8791264651599104,1.5968740001889525,1.411269978812983,-0.09203884727313846,-0.4724660826687775,-0.03681553890925539,-1.8791264651599104,1.5968740001889525,1.4097283440669042,-0.0966407896367954,-0.4724660826687775,3883325296,841,33.30531699975836,0.319528000545688,63,63,63,2637611057,0,0,-38,0,33.271625001361826
10510.582349699,1890068650,248,247,1,0,17,66.3576449987886,-40,63,4.55743879472692,-99.83443708609272,95.53610503282275,53.76299376299377,3.9804639804639947,7.274063188831742,-0.038202765979580854,-1.8791264651599104,1.5968740001889525,1.411269978812983,-0.09203884727313846,-0.4724660826687775,-0.03681553890925539,-1.8791264651599104,1.5968740001889525,1.4097283440669042,-0.0966407896367954,-0.4724660826687775,3883325296,843,33.316465000098106,0.30187199990905356,63,63,63,2637611057,0,0,-38,0,66.74470600046334
10510.615745843,1890068650,249,249,1,0,4,32.92038400104502,-40,63,4.55743879472692,-99.83443708609272,95.53610503282275,53.76299376299377,3.9804639804639947,7.274063188831742,-0.038202765979580854,-1.8791264651599104,1.5968740001889525,1.411269978812983,-0.09203884727313846,-0.4724660826687775,-0.03681553890925539,-1.8791264651599104,1.5968740001889525,1.4097283440669042,-0.0966407896367954,-0.4724660826687775,3883325296,846,33.300505001534475,0.3400770001462661,63,63,63,2637611057,0,0,-38,0,33.34821499993268
10510.682316206,1890068650,251,250,1,0,19,66.11454100129777,-40,63,4.55743879472692,-99.83443708609272,95.53610503282275,53.76299376299377,3.9804639804639947,7.274063188831742,-0.038202765979580854,-1.8791264651599104,1.5968740001889525,1.411269978812983,-0.09203884727313846,-0.4724660826687775,-0.03681553890925539,-1.8791264651599104,1.5968740001889525,1.4097283440669042,-0.0966407896367954,-0.4724660826687775,3883325296,848,33.647525999185746,0.06581100024050102,63,63,63,2637611057,0,0,-38,0,66.27105200095684
10510.71581224,1890068650,252,252,1,0,4,33.08505299901299,-40,63,4.55743879472692,-99.83443708609272,95.53610503282275,53.76299376299377,3.9804639804639947,7.274063188831742,-0.038202765979580854,-1.8791264651599104,1.5968740001889525,1.411269978812983,-0.09203884727313846,-0.4724660826687775,-0.03681553890925539,-1.8791264651599104,1.5968740001889525,1.4097283440669042,-0.0966407896367954,-0.4724660826687775,3883325296,851,33.42544299994188,0.2891889998863917,63,63,63,2637611057,0,0,-38,0,33.454512999014696
10510.749249915,1890068650,253,253,1,0,19,32.866154999283026,-40,63,4.55743879472692,-99.83443708609272,95.53610503282275,53.76299376299377,3.9804639804639947,7.274063188831742,-0.038202765979580854,-1.8791264651599104,1.5968740001889525,1.411269978812983,-0.09203884727313846,-0.4724660826687775,-0.03681553890925539,-1.8791264651599104,1.5968740001889525,1.4097283440669042,-0.0966407896367954,-0.4724660826687775,3883325296,853,33.50173999933759,0.39491400093538687,63,63,63,2637611057,0,0,-38,0,33.390447999408934
10510.815914267,1890068650,255,255,1,0,5,33.026297998731025,-40,63,4.55743879472692,-99.83443708609272,95.53610503282275,53.76299376299377,3.9804639804639947,7.274063188831742,-0.038202765979580854,-1.8791264651599104,1.5968740001889525,1.411269978812983,-0.09203884727313846,-0.4724660826687775,-0.03681553890925539,-1.8791264651599104,1.5968740001889525,1.4097283440669042,-0.0966407896367954,-0.4724660826687775,3883325296,856,33.09698199882405,0.36979600008635316,63,63,63,2637611057,0,0,-38,0,33.52043199993204
10510.882474628,1890068650,257,256,1,0,19,66.06445200122835,-40,63,4.55743879472692,-99.83443708609272,95.53610503282275,53.76299376299377,3.9804639804639947,7.274063188831742,-0.038202765979580854,-1.8791264651599104,1.5968740001889525,1.411269978812983,-0.09203884727313846,-0.4724660826687775,-0.03681553890925539,-1.8791264651599104,1.5968740001889525,1.4097283440669042,-0.0966407896367954,-0.4724660826687775,3883325296,857,33.564938999916194,0.3224930005671922,63,63,63,2637611057,0,0,-38,0,66.51585400140902
10510.915926703,1890068650,258,258,1,0,5,32.97849600130576,-40,63,4.55743879472692,-99.83443708609272,95.53610503282275,53.76299376299377,3.9804639804639947,7.274063188831742,-0.038202765979580854,-1.8791264651599104,1.5968740001889525,1.411269978812983,-0.09203884727313846,-0.4724660826687775,-0.03681553890925539,-1.8791264651599104,1.5968740001889525,1.4097283440669042,-0.0966407896367954,-0.4724660826687775,3883325296,861,33.3436860000802,0.3076779994444223,63,63,63,2637611057,0,0,-38,0,33.405092000975856
10510.98244131,1890068650,260,259,1,0,19,66.01581299946702,-40,63,4.55743879472692,-99.83443708609272,95.53610503282275,53.76299376299377,3.9804639804639947,7.274063188831742,-0.038202765979580854,-1.8791264651599104,1.5968740001889525,1.411269978812983,-0.09203884727313846,-0.4724660826687775,-0.03681553890925539,-1.8791264651599104,1.5968740001889525,1.4097283440669042,-0.0966407896367954,-0.4724660826687775,3883325296,863,33.600914999624365,0.18588599959912244,63,63,63,2637611057,0,0,-38,0,66.31878400003188
10511.015769717,1890068650,261,261,1,0,5,32.90828199897078,-40,63,4.55743879472692,-99.83443708609272,95.53610503282275,53.76299376299377,3.9804639804639947,7.274063188831742,-0.038202765979580854,-1.8791264651599104,1.5968740001889525,1.411269978812983,-0.09203884727313846,-0.4724660826687775,-0.03681553890925539,-1.8791264651599104,1.5968740001889525,1.4097283440669042,-0.0966407896367954,-0.4724660826687775,3883325296,866,33.30438000011782,0.2971520007122308,63,63,63,2637611057,0,0,-38,0,33.28737300034845
10511.082652997,1890068650,263,262,1,0,19,66.38708799982851,-39,63,4.55743879472692,-99.83443708609272,95.53610503282275,53.76299376299377,3.9804639804639947,7.274063188831742,-0.038202765979580854,-1.8791264651599104,1.5968740001889525,1.411269978812983,-0.09203884727313846,-0.4724660826687775,-0.03681553890925539,-1.8791264651599104,1.5968740001889525,1.4097283440669042,-0.0966407896367954,-0.4724660826687775,3883325296,868,33.34037600143347,0.32871199982764665,63,63,63,2637611057,0,0,-38,0,66.83027699909871
10511.115853411,1890068650,264,263,1,0,35,66.41759500053013,-39,63,4.55743879472692,-99.83443708609272,95.53610503282275,53.76299376299377,3.9804639804639947,7.274063188831742,-0.038202765979580854,-1.8791264651599104,1.5968740001889525,1.411269978812983,-0.09203884727313846,-0.4724660826687775,-0.03681553890925539,-1.8791264651599104,1.5968740001889525,1.4097283440669042,-0.0966407896367954,-0.4724660826687775,3883325296,869,33.1710149985156,0.35825300074066035,63,63,63,2637611057,0,0,-38,0,66.85967600060394
10511.182596272,1890068650,266,265,1,0,13,66.27256899992062,-39,63,4.55743879472692,-99.83443708609272,95.53610503282275,53.76299376299377,3.9804639804639947,7.274063188831742,-0.038202765979580854,-1.8791264651599104,1.5968740001889525,1.411269978812983,-0.09203884727313846,-0.4724660826687775,-0.03681553890925539,-1.8791264651599104,1.5968740001889525,1.4097283440669042,-0.0966407896367954,-0.4724660826687775,3883325296,873,33.20051999980933,0.30698199952894356,63,63,63,2637611057,0,0,-38,0,66.69524199969601
10511.215929204,1890068650,267,267,1,0,5,32.824596999489586,-39,63,4.482109227871931,-99.83443708609272,95.53610503282275,53.76299376299377,3.9804639804639947,7.274063188831742,-0.03958999304990598,-1.8791264651599104,1.5968740001889525,1.411269978812983,-0.09203884727313846,-0.4724660826687775,-0.03681553890925539,-1.8791264651599104,1.5968740001889525,1.4097283440669042,-0.0966407896367954,-0.4724660826687775,3883325296,875,33.48760699918785,0.31153000054473523,63,63,63,2637611057,0,0,-38,0,33.27144600007159
10511.282502416,1890068650,269,268,1,0,19,66.0764369986282,-39,63,4.482109227871931,-99.83443708609272,95.53610503282275,53.76299376299377,3.9804639804639947,7.274063188831742,-0.03958999304990598,-1.8791264651599104,1.5968740001889525,1.411269978812983,-0.09203884727313846,-0.4724660826687775,-0.03681553890925539,-1.8791264651599104,1.5968740001889525,1.4097283440669042,-0.0966407896367954,-0.4724660826687775,3883325296,877,33.31806900132506,0.32134100001712795,63,63,63,2637611057,0,0,-38,0,66.5265889983857
10511.348907132,1890068650,271,269,1,0,37,99.14131500045187,-39,63,4.482109227871931,-99.83443708609272,95.53610503282275,53.76299376299377,3.9804639804639947,7.274063188831742,-0.03958999304990598,-1.8791264651599104,1.5968740001889525,1.411269978812983,-0.09203884727313846,-0.4724660826687775,-0.03681553890925539,-1.8791264651599104,1.5968740001889525,1.4097283440669042,-0.0966407896367954,-0.4724660826687775,3883325296,879,33.27428999909898,0.37021100069978274,63,63,63,2637611057,0,0,-38,0,99.65701500004798
10511.382137059,1890068650,272,271,1,0,20,66.07073099985428,-39,63,4.406779661016941,-99.83443708609272,95.53610503282275,53.76299376299377,3.9804639804639947,7.274063188831742,-0.0409772201202311,-1.8791264651599104,1.5968740001889525,1.411269978812983,-0.09203884727313846,-0.4724660826687775,-0.03681553890925539,-1.8791264651599104,1.5968740001889525,1.4097283440669042,-0.0966407896367954,-0.4724660826687775,3883325296,881,33.298692000244046,33.389465999789536,63,63,63,2637611057,0,0,-38,0,99.5882499992149
10511.415569762,1890068650,273,273,1,0,5,32.98082000037539,-39,63,4.406779661016941,-99.83443708609272,95.53610503282275,53.76299376299377,3.9804639804639947,7.274063188831742,-0.0409772201202311,-1.8791264651599104,1.5968740001889525,1.411269978812983,-0.09203884727313846,-0.4724660826687775,-0.03681553890925539,-1.8791264651599104,1.5968740001889525,1.4097283440669042,-0.0966407896367954,-0.4724660826687775,3883325296,886,33.22950099936861,0.32845500027178787,63,63,63,2637611057,0,0,-38,0,33.38889500082587
10511.482517575,1890068650,275,274,1,0,21,66.5272369988088,-39,63,3.879472693032014,-99.83443708609272,95.53610503282275,53.84615384615387,4.029304029304043,7.274063188831742,-0.05068780961250763,-1.8791264651599104,1.5968740001889525,1.4128116135590625,-0.09050486648525283,-0.4724660826687775,-0.03681553890925539,-1.8791264651599104,1.5968740001889525,1.4097283440669042,-0.0966407896367954,-0.4724660826687775,3883325296,888,33.43372699964675,0.28924500111315865,63,63,63,2637611057,0,0,-38,0,66.9029809996573
10511.51590414,1890068650,276,276,1,0,5,32.87820399964403,-39,63,2.9755178907721245,-99.83443708609272,95.53610503282275,54.01247401247403,4.029304029304043,7.274063188831742,-0.06733453445641012,-1.8791264651599104,1.5968740001889525,1.41589488305122,-0.09050486648525283,-0.4724660826687775,-0.03681553890925539,-1.8791264651599104,1.5968740001889525,1.4097283440669042,-0.0966407896367954,-0.4724660826687775,3883325296,891,33.518123000249034,0.33252699904551264,63,63,63,2637611057,0,0,-38,0,33.33742699942377
10511.549207949,1890068650,277,277,1,0,21,32.82218599997577,-39,63,2.4482109227871973,-99.83443708609272,95.53610503282275,54.0956340956341,4.078144078144092,7.274063188831742,-0.0770451239486863,-1.8791264651599104,1.5968740001889525,1.4174365177972985,-0.08897088569736719,-0.4724660826687775,-0.044485442848683596,-1.8791264651599104,1.5968740001889525,1.4097283440669042,-0.0966407896367954,-0.4724660826687775,3883325296,892,33.38265899947146,0.3104480001638876,63,63,63,2637611057,0,0,-38,0,33.25857699928747
10511.61567163,1890068650,279,279,1,0,4,32.68846399987524,-39,63,0.1883239171374811,-99.83443708609272,95.53610503282275,54.0956340956341,4.078144078144092,7.274063188831742,-0.11866193605844268,-1.8791264651599104,1.5968740001889525,1.4174365177972985,-0.08897088569736719,-0.4724660826687775,-0.05829126993965436,-1.8791264651599104,1.5968740001889525,1.4097283440669042,-0.0966407896367954,-0.4724660826687775,3883325296,896,33.23595199981355,0.36542300040309783,63,63,63,2637611057,0,0,-38,0,33.18110500003968
10511.682567918,1890068650,281,280,1,0,19,66.39201200050593,-39,63,-0.7909604519773978,-99.83443708609272,95.53610503282275,54.17879417879419,4.078144078144092,7.274063188831742,-0.1366958879726703,-1.8791264651599104,1.5968740001889525,1.4189781525433773,-0.08897088569736719,-0.4724660826687775,-0.08436894333371027,-1.8791264651599104,1.5968740001889525,1.4097283440669042,-0.0966407896367954,-0.4724660826687775,3883325296,898,33.229341001060675,0.3338719998282613,63,63,63,2637611057,0,0,-38,0,66.84805199984112
10511.715740399,1890068650,282,282,1,0,5,32.70940100082953,-39,63,-1.3935969868173288,-99.83443708609272,95.53610503282275,54.17879417879419,4.078144078144092,7.274063188831742,-0.14779370453527194,-1.8791264651599104,1.5968740001889525,1.4189781525433773,-0.08897088569736719,-0.4724660826687775,-0.10891263593988053,-1.8791264651599104,1.5968740001889525,1.4097283440669042,-0.0966407896367954,-0.4724660826687775,3883325296,901,33.4294639997097,0.29355900005612057,63,63,63,2637611057,0,0,-38,0,33.127226000942755
10511.782538288,1890068650,284,283,1,0,17,66.27822600057698,-39,63,-2.3728813559321935,-99.83443708609272,95.53610503282275,54.17879417879419,4.078144078144092,7.274063188831742,-0.16582765644949954,-1.8791264651599104,1.5968740001889525,1.4189781525433773,-0.08897088569736719,-0.4724660826687775,-0.12118448224296566,-1.8791264651599104,1.5968740001889525,1.4097283440669042,-0.0966407896367954,-0.4724660826687775,3883325296,903,33.174109001265606,0.33194399838976096,63,63,63,2637611057,0,0,-38,0,66.75100599932193
10511.815959098,1890068650,285,284,1,0,39,66.1894980003126,-39,63,-2.7495291902071557,-99.83443708609272,95.53610503282275,54.17879417879419,4.078144078144092,7.274063188831742,-0.17276379180112583,-1.8791264651599104,1.5968740001889525,1.4189781525433773,-0.08897088569736719,-0.4724660826687775,-0.13345632854605077,-1.8791264651599104,1.5968740001889525,1.4097283440669042,-0.0966407896367954,-0.4724660826687775,3883325296,904,33.45450399865513,0.37475600038305856,63,63,63,2637611057,0,0,-38,0,66.71731200003705
10511.849264144,1890068650,286,286,1,0,17,32.81407500071509,-39,63,-2.9755178907721245,-99.83443708609272,95.53610503282275,54.17879417879419,4.078144078144092,7.274063188831742,-0.1769254730121012,-1.8791264651599104,1.5968740001889525,1.4189781525433773,-0.08897088569736719,-0.4724660826687775,-0.1518640980006785,-1.8791264651599104,1.5968740001889525,1.4097283440669042,-0.0966407896367954,-0.4724660826687775,3883325296,907,33.4187890002795,0.3091869984928053,63,63,63,2637611057,0,0,-38,0,33.24818500004767
10511.915954128,1890068650,288,288,1,0,4,32.83518700118293,-39,63,-4.105461393596983,-99.83443708609272,95.53610503282275,54.17879417879419,4.078144078144092,7.274063188831742,-0.1977338790669794,-1.8791264651599104,1.5968740001889525,1.4189781525433773,-0.08897088569736719,-0.4724660826687775,-0.1595340019401067,-1.8791264651599104,1.5968740001889525,1.4097283440669042,-0.0966407896367954,-0.4724660826687775,3883325296,911,33.26134800045111,0.39089799975045025,63,63,63,2637611057,0,0,-38,0,33.38234600050782
10511.982347921,1890068650,290,289,1,0,17,65.91369200032204,-39,63,-5.235404896421841,-99.83443708609272,95.53610503282275,54.17879417879419,4.078144078144092,7.274063188831742,-0.21854228512185758,-1.8791264651599104,1.5968740001889525,1.4189781525433773,-0.08897088569736719,-0.4724660826687775,-0.17333982903107745,-1.8791264651599104,1.5968740001889525,1.4097283440669042,-0.0966407896367954,-0.4724660826687775,3883325296,913,33.43445199971029,0.3026190006494289,63,63,63,2637611057,0,0,-38,0,66.34168700111331
10512.015542198,1890068650,291,291,1,0,3,32.76236800047627,-39,63,-5.913370998116761,-99.83443708609272,95.53610503282275,54.17879417879419,4.078144078144092,7.274063188831742,-0.23102732875478435,-1.8791264651599104,1.5968740001889525,1.4189781525433773,-0.08897088569736719,-0.4724660826687775,-0.1902136176978195,-1.8791264651599104,1.5968740001889525,1.4097283440669042,-0.0966407896367954,-0.4724660826687775,3883325296,916,33.141230000182986,0.30632900052296463,63,63,63,2637611057,0,0,-38,0,33.15312099948642
10512.082632623,1890068650,293,292,1,0,23,66.64900800024043,-39,63,-7.118644067796609,-99.83443708609272,95.53610503282275,54.17879417879419,4.078144078144092,7.274063188831742,-0.25322296187998766,-1.8791264651599104,1.5968740001889525,1.4189781525433773,-0.08897088569736719,-0.4724660826687775,-0.2055534255766759,-1.8791264651599104,1.5968740001889525,1.4097283440669042,-0.0966407896367954,-0.4724660826687775,3883325296,917,33.19282799930079,0.3120790006505558,63,63,63,2637611057,0,0,-38,0,67.05071800024598
10512.115908292,1890068650,294,294,1,0,5,32.775953000964364,-39,63,-7.947269303201509,-99.83443708609272,95.53610503282275,54.17879417879419,4.078144078144092,7.274063188831742,-0.26848245965356504,-1.8791264651599104,1.5968740001889525,1.4189781525433773,-0.08897088569736719,-0.4724660826687775,-0.22089323345553233,-1.8791264651599104,1.5968740001889525,1.4097283440669042,-0.0966407896367954,-0.4724660826687775,3883325296,921,33.739319998858264,0.3309599997010082,63,63,63,2637611057,0,0,-38,0,33.227141000679694
10512.18264139,1890068650,296,295,1,0,19,66.2438489998749,-39,63,-9.303201506591336,-99.83443708609272,95.53610503282275,54.17879417879419,4.078144078144092,7.274063188831742,-0.2934525469194186,-1.8791264651599104,1.5968740001889525,1.4189781525433773,-0.08897088569736719,-0.4724660826687775,-0.23776702212227438,-1.8791264651599104,1.5968740001889525,1.4097283440669042,-0.0966407896367954,-0.4724660826687775,3883325296,923,33.27506700043159,0.3238099998270627,63,63,63,2637611057,0,0,-38,0,66.68517199977941
10512.215954621,1890068650,297,297,1,0,5,32.82304400090652,-41,63,-10.357815442561204,-99.83443708609272,95.53610503282275,54.17879417879419,4.078144078144092,7.274063188831742,-0.31287372590397167,-1.8791264651599104,1.5968740001889525,1.4189781525433773,-0.08897088569736719,-0.4724660826687775,-0.25770877236478773,-1.8791264651599104,1.5968740001889525,1.4097283440669042,-0.0966407896367954,-0.4724660826687775,3883325296,926,33.636156000284245,0.32031800037657376,63,63,63,2637611057,0,0,-34,0,33.26408000066294
10512.282600731,1890068650,299,298,1,0,19,66.14048899973568,-41,63,-11.789077212806035,-99.83443708609272,95.53610503282275,54.17879417879419,4.078144078144092,7.274063188831742,-0.33923104024015066,-1.8791264651599104,1.5968740001889525,1.4189781525433773,-0.08897088569736719,-0.4724660826687775,-0.27765052260730105,-1.8791264651599104,1.5968740001889525,1.4097283440669042,-0.0966407896367954,-0.4724660826687775,3883325296,928,33.31970600083878,0.3155229987896746,63,63,63,2637611057,0,0,-34,0,66.59048399887979
10512.315755311,1890068650,300,300,1,0,5,32.61618000033195,-41,63,-12.7683615819209,-99.83443708609272,95.53610503282275,54.17879417879419,4.078144078144092,7.274063188831742,-0.3572649921543783,-1.8791264651599104,1.5968740001889525,1.4189781525433773,-0.08897088569736719,-0.4724660826687775,-0.30066023442558565,-1.8791264651599104,1.5968740001889525,1.4097283440669042,-0.0966407896367954,-0.4724660826687775,3883325296,931,33.461826998973265,0.3500560014799703,63,63,63,2637611057,0,0,-34,0,33.106752000094275
10512.382614644,1890068650,302,301,1,0,23,66.3616860001639,-41,63,-14.19962335216573,-99.83443708609272,95.53610503282275,54.17879417879419,4.078144078144092,7.274063188831742,-0.3836223064905573,-1.8791264651599104,1.5968740001889525,1.4189781525433773,-0.08897088569736719,-0.4724660826687775,-0.3236699462438703,-1.8791264651599104,1.5968740001889525,1.4097283440669042,-0.0966407896367954,-0.4724660826687775,3883325296,932,33.156315999804065,0.326103001498268,63,63,63,2637611057,0,0,-34,0,66.80976900133828
10512.415882965,1890068650,303,303,1,0,4,32.76205300062429,-41,63,-15.103578154425605,-99.83443708609272,95.53610503282275,54.17879417879419,4.078144078144092,7.274063188831742,-0.4002690313344594,-1.8791264651599104,1.5968740001889525,1.4189781525433773,-0.08897088569736719,-0.4724660826687775,-0.342077715698498,-1.8791264651599104,1.5968740001889525,1.4097283440669042,-0.0966407896367954,-0.4724660826687775,3883325296,936,33.45355099918379,0.3160539999953471,63,63,63,2637611057,0,0,-34,0,33.21992100063653
10512.482396672,1890068650,305,304,1,0,17,66.03463899955386,-41,63,-16.233521657250478,-99.83443708609272,95.53610503282275,54.17879417879419,4.078144078144092,7.274063188831742,-0.42107743738933795,-1.8791264651599104,1.5968740001889525,1.4189781525433773,-0.08897088569736719,-0.4724660826687775,-0.3666214083046682,-1.8791264651599104,1.5968740001889525,1.4097283440669042,-0.0966407896367954,-0.4724660826687775,3883325296,938,33.267443999648094,0.3176990012434544,63,63,63,2637611057,0,0,-34,0,66.46618400009174
10512.51591419,1890068650,306,306,1,0,5,33.081636000133585,-41,63,-16.986817325800374,-99.83443708609272,95.53610503282275,54.17879417879419,4.078144078144092,7.274063188831742,-0.43494970809258987,-1.8791264651599104,1.5968740001889525,1.4189781525433773,-0.08897088569736719,-0.4724660826687775,-0.3911651009108385,-1.8791264651599104,1.5968740001889525,1.4097283440669042,-0.0966407896367954,-0.4724660826687775,3883325296,941,33.27300199998717,0.30096200134721585,63,63,63,2637611057,0,0,-34,0,33.47641500113241
10512.582653871,1890068650,308,307,1,0,17,66.22679000065546,-41,63,-17.589453860640305,-99.83443708609272,95.53610503282275,54.17879417879419,4.078144078144092,7.274063188831742,-0.44604752465519154,-1.8791264651599104,1.5968740001889525,1.4189781525433773,-0.08897088569736719,-0.4724660826687775,-0.40343694721392365,-1.8791264651599104,1.5968740001889525,1.4097283440669042,-0.0966407896367954,-0.4724660826687775,3883325296,943,33.52328000073612,0.3415570008655777,63,63,63,2637611057,0,0,-34,0,66.69281600079557
10512.615945124,1890068650,309,309,1,0,4,32.79532200031099,-41,63,-18.41807909604519,-99.83443708609272,95.53610503282275,54.17879417879419,4.078144078144092,7.274063188831742,-0.46130702242876853,-1.8791264651599104,1.5968740001889525,1.4189781525433773,-0.08897088569736719,-0.4724660826687775,-0.4203107358806657,-1.8791264651599104,1.5968740001889525,1.4097283440669042,-0.0966407896367954,-0.4724660826687775,3883325296,946,66.7389930003992,0.324960999932955,63,63,63,2637611057,0,0,-34,0,33.245075999730034
10512.682430671,1890068650,311,310,1,0,23,65.98882900107128,-41,63,-19.1713747645951,-99.83443708609272,95.53610503282275,54.17879417879419,4.078144078144092,7.274063188831742,-0.4751792931320208,-1.8791264651599104,1.5968740001889525,1.4189781525433773,-0.08897088569736719,-0.4724660826687775,-0.43718452454740775,-1.8791264651599104,1.5968740001889525,1.4097283440669042,-0.0966407896367954,-0.4724660826687775,3883325296,947,33.29256299912231,0.3169450010318542,63,63,63,2637611057,0,0,-34,0,66.43806000101904
10512.715916287,1890068650,312,312,1,0,5,32.88235199943301,-41,63,-19.623352165725052,-99.83443708609272,95.53610503282275,54.17879417879419,4.078144078144092,7.274063188831742,-0.4835026555539722,-1.8791264651599104,1.5968740001889525,1.4189781525433773,-0.08897088569736719,-0.4724660826687775,-0.44638840927472156,-1.8791264651599104,1.5968740001889525,1.4097283440669042,-0.0966407896367954,-0.4724660826687775,3883325296,951,33.465558000898454,0.2942549999715993,63,63,63,2637611057,0,0,-34,0,33.31486499882885
10512.782521215,1890068650,314,313,1,0,19,66.11586799954239,-41,63,-20.15065913370998,-99.83443708609272,95.53610503282275,54.17879417879419,4.078144078144092,7.274063188831742,-0.49321324504624836,-1.8791264651599104,1.5968740001889525,1.4189781525433773,-0.08897088569736719,-0.4724660826687775,-0.4632621979414636,-1.8791264651599104,1.5968740001889525,1.4097283440669042,-0.0966407896367954,-0.4724660826687775,3883325296,953,33.362091999151744,0.3220859998691594,63,63,63,2637611057,0,0,-34,0,66.55770100041991
10512.81569119,1890068650,315,314,1,0,36,66.0010110004805,-41,63,-20.451977401129938,-99.83443708609272,95.53610503282275,54.17879417879419,4.078144078144092,7.274063188831742,-0.4987621533275492,-1.8791264651599104,1.5968740001889525,1.4189781525433773,-0.08897088569736719,-0.4724660826687775,-0.4740000634566631,-1.8791264651599104,1.5968740001889525,1.4097283440669042,-0.0966407896367954,-0.4724660826687775,3883325296,954,33.221314999536844,0.37487700137717184,63,63,63,2637611057,0,0,-34,0,66.50636100130214
10512.88233421,1890068650,317,316,1,0,23,66.21282900050574,-41,63,-20.451977401129938,-99.83443708609272,95.53610503282275,54.17879417879419,4.078144078144092,7.274063188831742,-0.4987621533275492,-1.8791264651599104,1.5968740001889525,1.4189781525433773,-0.08897088569736719,-0.4724660826687775,-0.483203948183977,-1.8791264651599104,1.5968740001889525,1.4097283440669042,-0.0966407896367954,-0.4724660826687775,3883325296,957,33.16643399921304,0.2941390011983458,63,63,63,2637611057,0,0,-34,0,66.60152100084815
10512.915710954,1890068650,318,318,1,0,5,32.91832099966996,-41,63,-20.15065913370998,-99.83443708609272,95.53610503282275,54.17879417879419,4.078144078144092,7.274063188831742,-0.49321324504624836,-1.8791264651599104,1.5968740001889525,1.4189781525433773,-0.08897088569736719,-0.4724660826687775,-0.48933987133551954,-1.8791264651599104,1.5968740001889525,1.4097283440669042,-0.0966407896367954,-0.4724660826687775,3883325296,961,33.293938999122474,0.32901200029300526,63,63,63,2637611057,0,0,-34,0,33.32990399940172
10512.982602621,1890068650,320,319,1,0,19,66.47219499973289,-41,63,-20.07532956685499,-99.83443708609272,95.53610503282275,54.17879417879419,4.078144078144092,7.274063188831742,-0.49182601797592324,-1.8791264651599104,1.5968740001889525,1.4189781525433773,-0.08897088569736719,-0.4724660826687775,-0.48933987133551954,-1.8791264651599104,1.5968740001889525,1.4097283440669042,-0.0966407896367954,-0.4724660826687775,3883325296,962,33.37099800046417,0.29787200037389994,63,63,63,2637611057,0,0,-34,0,66.85057299910113
10513.015805662,1890068650,321,321,1,0,5,32.69342800012964,-41,63,-20.30131826741996,-99.83443708609272,95.53610503282275,54.17879417879419,4.078144078144092,7.274063188831742,-0.49598769918689894,-1.8791264651599104,1.5968740001889525,1.4189781525433773,-0.08897088569736719,-0.4724660826687775,-0.48933987133551954,-1.8791264651599104,1.5968740001889525,1.4097283440669042,-0.0966407896367954,-0.4724660826687775,3883325296,966,33.694952000587364,0.3052770007343497,63,63,63,2637611057,0,0,-34,0,33.15240600022662
10513.082589011,1890068650,323,322,1,0,19,66.3043850017857,-41,63,-20.451977401129938,-99.83443708609272,95.53610503282275,54.17879417879419,4.078144078144092,7.274063188831742,-0.4987621533275492,-1.8791264651599104,1.5968740001889525,1.4189781525433773,-0.08897088569736719,-0.4724660826687775,-0.48933987133551954,-1.8791264651599104,1.5968740001889525,1.4097283440669042,-0.0966407896367954,-0.4724660826687775,3883325296,968,33.19752499919559,0.3168620005453704,63,63,63,2637611057,0,0,-34,0,66.73823000164703
10513.115950337,1890068650,324,324,1,0,5,32.89355400011118,-41,63,-20.451977401129938,-99.83443708609272,95.53610503282275,54.17879417879419,4.078144078144092,7.274063188831742,-0.4987621533275492,-1.8791264651599104,1.5968740001889525,1.4189781525433773,-0.08897088569736719,-0.4724660826687775,-0.48933987133551954,-1.8791264651599104,1.5968740001889525,1.4097283440669042,-0.0966407896367954,-0.4724660826687775,3883325296,971,33.73809300137509,0.3038519989786437,63,63,63,2637611057,0,0,-34,0,33.31758499916759
10513.182774859,1890068650,326,325,1,0,5,66.32336700022279,-41,63,-20.451977401129938,-99.83443708609272,95.53610503282275,54.17879417879419,4.078144078144092,7.274063188831742,-0.4987621533275492,-1.8791264651599104,1.5968740001889525,1.4189781525433773,-0.08897088569736719,-0.4724660826687775,-0.48933987133551954,-1.8791264651599104,1.5968740001889525,1.4097283440669042,-0.0966407896367954,-0.4724660826687775,3883325296,973,33.3666179994907,0.33297299887635745,63,63,63,2637611057,0,0,-34,0,66.77548900006514
10513.215936015,1890068650,327,327,1,0,5,32.66747999987274,-41,63,-20.451977401129938,-99.83443708609272,95.53610503282275,54.17879417879419,4.078144078144092,7.274063188831742,-0.4987621533275492,-1.8791264651599104,1.5968740001889525,1.4189781525433773,-0.08897088569736719,-0.4724660826687775,-0.48933987133551954,-1.8791264651599104,1.5968740001889525,1.4097283440669042,-0.0966407896367954,-0.4724660826687775,3883325296,976,33.82583700113173,0.3182950003974838,63,63,63,2637611057,0,0,-34,0,33.11311499965086
10513.28265485,1890068650,329,328,1,0,19,66.22290199993586,-41,63,-20.451977401129938,-99.83443708609272,95.53610503282275,54.17879417879419,4.078144078144092,7.274063188831742,-0.4987621533275492,-1.8791264651599104,1.5968740001889525,1.4189781525433773,-0.08897088569736719,-0.4724660826687775,-0.48933987133551954,-1.8791264651599104,1.5968740001889525,1.4097283440669042,-0.0966407896367954,-0.4724660826687775,3883325296,978,33.16037399963534,0.3181240008416353,63,63,63,2637611057,0,0,-34,0,66.6715759998624
10513.3157242,1890068650,330,330,1,0,3,32.55895799884456,-43,63,-20.451977401129938,-99.83443708609272,95.53610503282275,54.17879417879419,4.078144078144092,7.274063188831742,-0.4987621533275492,-1.8791264651599104,1.5968740001889525,1.4189781525433773,-0.08897088569736719,-0.4724660826687775,-0.48933987133551954,-1.8791264651599104,1.5968740001889525,1.4097283440669042,-0.0966407896367954,-0.4724660826687775,3883325296,981,33.53142800006026,0.32925300001807045,63,63,63,2637611057,0,0,-34,0,33.02114799953415
10513.382410431,1890068650,332,331,1,0,21,66.14133000039146,-43,63,-20.451977401129938,-99.83443708609272,95.53610503282275,54.17879417879419,4.078144078144092,7.274063188831742,-0.4987621533275492,-1.8791264651599104,1.5968740001889525,1.4189781525433773,-0.08897088569736719,-0.4724660826687775,-0.48933987133551954,-1.8791264651599104,1.5968740001889525,1.4097283440669042,-0.0966407896367954,-0.4724660826687775,3883325296,983,33.07339899947692,0.3733120011020219,63,63,63,2637611057,0,0,-34,0,66.63398000091547
10513.415578224,1890068650,333,333,1,0,5,32.730181999795604,-43,63,-20.451977401129938,-99.83443708609272,95.53610503282275,54.17879417879419,4.078144078144092,7.274063188831742,-0.4987621533275492,-1.8791264651599104,1.5968740001889525,1.4189781525433773,-0.08897088569736719,-0.4724660826687775,-0.48933987133551954,-1.8791264651599104,1.5968740001889525,1.4097283440669042,-0.0966407896367954,-0.4724660826687775,3883325296,986,33.465119000538834,0.2911969986598706,63,63,63,2637611057,0,0,-38,0,33.12446099880617
10513.482407554,1890068650,335,334,1,0,19,66.39779900069698,-43,63,-20.451977401129938,-99.83443708609272,95.53610503282275,54.17879417879419,4.078144078144092,7.274063188831742,-0.4987621533275492,-1.8791264651599104,1.5968740001889525,1.4189781525433773,-0.08897088569736719,-0.4724660826687775,-0.48933987133551954,-1.8791264651599104,1.5968740001889525,1.4097283440669042,-0.0966407896367954,-0.4724660826687775,3883325296,988,33.16715099936118,0.2921390005212743,63,63,63,2637611057,0,0,-38,0,66.7866399999184
10513.515570052,1890068650,336,336,1,0,5,32.70952100137947,-43,63,-20.451977401129938,-99.83443708609272,95.53610503282275,54.17879417879419,4.078144078144092,7.274063188831742,-0.4987621533275492,-1.8791264651599104,1.5968740001889525,1.4189781525433773,-0.08897088569736719,-0.4724660826687775,-0.48933987133551954,-1.8791264651599104,1.5968740001889525,1.4097283440669042,-0.0966407896367954,-0.4724660826687775,3883325296,991,33.422603000872186,0.2989349995914381,63,63,63,2637611057,0,0,-38,0,33.115378000729834
10513.582374943,1890068650,338,337,1,0,19,66.37647599927732,-43,63,-20.451977401129938,-99.83443708609272,95.53610503282275,54.17879417879419,4.078144078144092,7.274063188831742,-0.4987621533275492,-1.8791264651599104,1.5968740001889525,1.4189781525433773,-0.08897088569736719,-0.4724660826687775,-0.48933987133551954,-1.8791264651599104,1.5968740001889525,1.4097283440669042,-0.0966407896367954,-0.4724660826687775,3883325296,993,33.15588000077696,0.29954999990877695,63,63,63,2637611057,0,0,-38,0,66.76438899921777
10513.615561384,1890068650,339,339,1,0,3,32.7304530001129,-43,63,-20.451977401129938,-99.83443708609272,95.53610503282275,54.17879417879419,4.078144078144092,7.274063188831742,-0.4987621533275492,-1.8791264651599104,1.5968740001889525,1.4189781525433773,-0.08897088569736719,-0.4724660826687775,-0.48933987133551954,-1.8791264651599104,1.5968740001889525,1.4097283440669042,-0.0966407896367954,-0.4724660826687775,3883325296,996,33.40922700044757,0.31552399923384655,63,63,63,2637611057,0,0,-38,0,33.140617999379174
10513.649073391,1890068650,340,340,1,0,19,33.08329900028184,-43,63,-20.451977401129938,-99.83443708609272,95.53610503282275,54.17879417879419,4.078144078144092,7.274063188831742,-0.4987621533275492,-1.8791264651599104,1.5968740001889525,1.4189781525433773,-0.08897088569736719,-0.4724660826687775,-0.48933987133551954,-1.8791264651599104,1.5968740001889525,1.4097283440669042,-0.0966407896367954,-0.4724660826687775,3883325296,998,33.189299998412025,0.29297300170583185,63,63,63,2637611057,0,0,-38,0,33.463325000411714
10513.715680906,1890068650,342,342,1,0,5,32.85133899953507,-43,63,-20.451977401129938,-99.83443708609272,95.53610503282275,54.17879417879419,4.078144078144092,7.274063188831742,-0.4987621533275492,-1.8791264651599104,1.5968740001889525,1.4189781525433773,-0.08897088569736719,-0.4724660826687775,-0.48933987133551954,-1.8791264651599104,1.5968740001889525,1.4097283440669042,-0.0966407896367954,-0.4724660826687775,3883325296,1001,33.25613800006977,0.36247500065655913,63,63,63,2637611057,0,0,-38,0,33.310333999907016
10513.782580871,1890068650,344,343,1,0,19,66.47873600013554,-43,63,-20.451977401129938,-99.83443708609272,95.53610503282275,54.17879417879419,4.078144078144092,7.274063188831742,-0.4987621533275492,-1.8791264651599104,1.5968740001889525,1.4189781525433773,-0.08897088569736719,-0.4724660826687775,-0.48933987133551954,-1.8791264651599104,1.5968740001889525,1.4097283440669042,-0.0966407896367954,-0.4724660826687775,3883325296,1003,33.35580100065272,0.2924589989561355,63,63,63,2637611057,0,0,-38,0,66.85449799988419
10513.849351851,1890068650,346,345,1,0,5,66.27737900089414,-43,63,-20.451977401129938,-99.83443708609272,95.53610503282275,54.17879417879419,4.078144078144092,7.274063188831742,-0.4987621533275492,-1.8791264651599104,1.5968740001889525,1.4189781525433773,-0.08897088569736719,-0.4724660826687775,-0.48933987133551954,-1.8791264651599104,1.5968740001889525,1.4097283440669042,-0.0966407896367954,-0.4724660826687775,3883325296,1006,33.40013300112332,0.3017630006070249,63,63,63,2637611057,0,0,-38,0,66.71695600016392
10513.882589911,1890068650,347,346,1,0,23,66.30879799922695,-43,63,-20.451977401129938,-99.83443708609272,95.53610503282275,54.17879417879419,4.078144078144092,7.274063188831742,-0.4987621533275492,-1.8791264651599104,1.5968740001889525,1.4189781525433773,-0.08897088569736719,-0.4724660826687775,-0.48933987133551954,-1.8791264651599104,1.5968740001889525,1.4097283440669042,-0.0966407896367954,-0.4724660826687775,3883325296,1006,33.40013300112332,33.46551299910061,63,63,63,2637611057,0,0,-38,0,99.9550159995124
10513.915880582,1890068650,348,348,1,0,5,32.807878000312485,-43,63,-20.451977401129938,-99.83443708609272,95.53610503282275,54.17879417879419,4.078144078144092,7.274063188831742,-0.4987621533275492,-1.8791264651599104,1.5968740001889525,1.4189781525433773,-0.08897088569736719,-0.4724660826687775,-0.48933987133551954,-1.8791264651599104,1.5968740001889525,1.4097283440669042,-0.0966407896367954,-0.4724660826687775,3883325296,1011,33.23515000010957,0.2991999990626937,63,63,63,2637611057,0,0,-38,0,33.24474900000496
10513.98260465,1890068650,350,349,1,0,14,66.22323100054928,-43,63,-20.451977401129938,-99.83443708609272,95.53610503282275,54.17879417879419,4.078144078144092,7.274063188831742,-0.4987621533275492,-1.8791264651599104,1.5968740001889525,1.4189781525433773,-0.08897088569736719,-0.4724660826687775,-0.48933987133551954,-1.8791264651599104,1.5968740001889525,1.4097283440669042,-0.0966407896367954,-0.4724660826687775,3883325296,1013,33.29337399918586,0.32377400020777714,63,63,63,2637611057,0,0,-38,0,66.67544300034933
10514.015792056,1890068650,351,351,1,0,5,32.68534899871156,-43,63,-20.451977401129938,-99.83443708609272,95.53610503282275,54.17879417879419,4.078144078144092,7.274063188831742,-0.4987621533275492,-1.8791264651599104,1.5968740001889525,1.4189781525433773,-0.08897088569736719,-0.4724660826687775,-0.48933987133551954,-1.8791264651599104,1.5968740001889525,1.4097283440669042,-0.0966407896367954,-0.4724660826687775,3883325296,1016,33.41331999945396,0.30722100018465426,63,63,63,2637611057,0,0,-38,0,33.14086600039445
10514.082396599,1890068650,353,352,1,0,23,66.11023799996474,-43,63,-20.451977401129938,-99.83443708609272,95.53610503282275,54.17879417879419,4.078144078144092,7.274063188831742,-0.4987621533275492,-1.8791264651599104,1.5968740001889525,1.4189781525433773,-0.08897088569736719,-0.4724660826687775,-0.48933987133551954,-1.8791264651599104,1.5968740001889525,1.4097283440669042,-0.0966407896367954,-0.4724660826687775,3883325296,1017,33.18612600014603,0.31966100141289644,63,63,63,2637611057,0,0,-38,0,66.55928300097003
10514.115910622,1890068650,354,354,1,0,5,33.09352699943702,-43,63,-20.451977401129938,-99.83443708609272,95.53610503282275,54.17879417879419,4.078144078144092,7.274063188831742,-0.4987621533275492,-1.8791264651599104,1.5968740001889525,1.4189781525433773,-0.08897088569736719,-0.4724660826687775,-0.48933987133551954,-1.8791264651599104,1.5968740001889525,1.4097283440669042,-0.0966407896367954,-0.4724660826687775,3883325296,1021,33.30684699903941,0.2956570006062975,63,63,63,2637611057,0,0,-38,0,33.472663000793546
10514.18266149,1890068650,356,355,1,0,19,66.24754199947347,-43,63,-20.451977401129938,-99.83443708609272,95.53610503282275,54.17879417879419,4.078144078144092,7.274063188831742,-0.4987621533275492,-1.8791264651599104,1.5968740001889525,1.4189781525433773,-0.08897088569736719,-0.4724660826687775,-0.48933987133551954,-1.8791264651599104,1.5968740001889525,1.4097283440669042,-0.0966407896367954,-0.4724660826687775,3883325296,1023,33.51881300113746,0.3252690003137104,63,63,63,2637611057,0,0,-38,0,66.70471799952793
10514.215906107,1890068650,357,357,1,0,5,32.74717199929,-43,63,-20.451977401129938,-99.83443708609272,95.53610503282275,54.17879417879419,4.078144078144092,7.274063188831742,-0.4987621533275492,-1.8791264651599104,1.5968740001889525,1.4189781525433773,-0.08897088569736719,-0.4724660826687775,-0.48933987133551954,-1.8791264651599104,1.5968740001889525,1.4097283440669042,-0.0966407896367954,-0.4724660826687775,3883325296,1026,33.52186299889581,0.3188070004398469,63,63,63,2637611057,0,0,-38,0,33.197622000443516
10514.28260634,1890068650,359,358,1,0,19,66.20901600035722,-43,63,-20.451977401129938,-99.83443708609272,95.53610503282275,54.17879417879419,4.078144078144092,7.274063188831742,-0.4987621533275492,-1.8791264651599104,1.5968740001889525,1.4189781525433773,-0.08897088569736719,-0.4724660826687775,-0.48933987133551954,-1.8791264651599104,1.5968740001889525,1.4097283440669042,-0.0966407896367954,-0.4724660826687775,3883325296,1028,33.24765900106286,0.3133569989586249,63,63,63,2637611057,0,0,-38,0,66.65019600040978
10514.315666443,1890068650,360,360,1,0,5,32.569595001405105,-43,63,-20.451977401129938,-99.83443708609272,95.53610503282275,54.17879417879419,4.078144078144092,7.274063188831742,-0.4987621533275492,-1.8791264651599104,1.5968740001889525,1.4189781525433773,-0.08897088569736719,-0.4724660826687775,-0.48933987133551954,-1.8791264651599104,1.5968740001889525,1.4097283440669042,-0.0966407896367954,-0.4724660826687775,3883325296,1031,33.47467499952472,0.29870899925299454,63,63,63,2637611057,0,0,-38,0,33.00459700039937
10514.382382991,1890068650,362,361,1,0,22,66.2138829993637,-43,63,-20.451977401129938,-99.83443708609272,95.53610503282275,54.17879417879419,4.078144078144092,7.274063188831742,-0.4987621533275492,-1.8791264651599104,1.5968740001889525,1.4189781525433773,-0.08897088569736719,-0.4724660826687775,-0.48933987133551954,-1.8791264651599104,1.5968740001889525,1.4097283440669042,-0.0966407896367954,-0.4724660826687775,3883325296,1032,33.053818999178475,0.32073300099000335,63,63,63,2637611057,0,0,-38,0,66.66732600024261
10514.415609689,1890068650,363,363,1,0,3,32.79469200060703,-43,63,-20.451977401129938,-99.83443708609272,95.53610503282275,54.17879417879419,4.078144078144092,7.274063188831742,-0.4987621533275492,-1.8791264651599104,1.5968740001889525,1.4189781525433773,-0.08897088569736719,-0.4724660826687775,-0.48933987133551954,-1.8791264651599104,1.5968740001889525,1.4097283440669042,-0.0966407896367954,-0.4724660826687775,3883325296,1036,33.495403000415536,0.30946599872549996,63,63,63,2637611057,0,0,-38,0,33.185263999257586
10514.449061953,1890068650,364,364,1,0,21,33.036169999832055,-46,63,-20.451977401129938,-99.83443708609272,95.53610503282275,54.17879417879419,4.078144078144092,7.274063188831742,-0.4987621533275492,-1.8791264651599104,1.5968740001889525,1.4189781525433773,-0.08897088569736719,-0.4724660826687775,-0.48933987133551954,-1.8791264651599104,1.5968740001889525,1.4097283440669042,-0.0966407896367954,-0.4724660826687775,3883325296,1038,33.22554199985461,0.2911199990194291,63,63,63,2637611057,0,0,-38,0,33.411985999919125
10514.515879888,1890068650,366,366,1,0,5,33.06261999932758,-46,63,-20.451977401129938,-99.83443708609272,95.53610503282275,54.17879417879419,4.078144078144092,7.274063188831742,-0.4987621533275492,-1.8791264651599104,1.5968740001889525,1.4189781525433773,-0.08897088569736719,-0.4724660826687775,-0.48933987133551954,-1.8791264651599104,1.5968740001889525,1.4097283440669042,-0.0966407896367954,-0.4724660826687775,3883325296,1041,33.2716459997755,0.35951500103692524,63,63,63,2637611057,0,0,-37,0,33.50334800052224
10514.549147369,1890068650,367,367,1,0,19,32.76563600047666,-46,63,-20.451977401129938,-99.83443708609272,95.53610503282275,54.17879417879419,4.078144078144092,7.274063188831742,-0.4987621533275492,-1.8791264651599104,1.5968740001889525,1.4189781525433773,-0.08897088569736719,-0.4724660826687775,-0.48933987133551954,-1.8791264651599104,1.5968740001889525,1.4097283440669042,-0.0966407896367954,-0.4724660826687775,3883325296,1043,33.55578700029582,0.3218509991711471,63,63,63,2637611057,0,0,-37,0,33.21504199993797
10514.615941887,1890068650,369,369,1,0,3,32.88482599964482,-46,63,-20.451977401129938,-99.83443708609272,95.53610503282275,54.17879417879419,4.078144078144092,7.274063188831742,-0.4987621533275492,-1.8791264651599104,1.5968740001889525,1.4189781525433773,-0.08897088569736719,-0.4724660826687775,-0.48933987133551954,-1.8791264651599104,1.5968740001889525,1.4097283440669042,-0.0966407896367954,-0.4724660826687775,3883325296,1046,33.33261700026924,0.37916099972790107,63,63,63,2637611057,0,0,-37,0,33.41429399915796
10514.682568488,1890068650,371,370,1,0,18,66.11141299981682,-46,63,-20.451977401129938,-99.83443708609272,95.53610503282275,54.17879417879419,4.078144078144092,7.274063188831742,-0.4987621533275492,-1.8791264651599104,1.5968740001889525,1.4189781525433773,-0.08897088569736719,-0.4724660826687775,-0.48933987133551954,-1.8791264651599104,1.5968740001889525,1.4097283440669042,-0.0966407896367954,-0.4724660826687775,3883325296,1048,33.46329499981948,0.3446080008870922,63,63,63,2637611057,0,0,-37,0,66.57760000052804
10514.715890607,1890068650,372,371,1,0,32,66.18173899914837,-46,63,-20.451977401129938,-99.83443708609272,95.53610503282275,54.17879417879419,4.078144078144092,7.274063188831742,-0.4987621533275492,-1.8791264651599104,1.5968740001889525,1.4189781525433773,-0.08897088569736719,-0.4724660826687775,-0.48933987133551954,-1.8791264651599104,1.5968740001889525,1.4097283440669042,-0.0966407896367954,-0.4724660826687775,3883325296,1049,33.18663900063257,0.3790439986914862,63,63,63,2637611057,0,0,-37,0,66.71307999931742
10514.749077859,1890068650,373,373,1,0,19,32.70546599924273,-46,63,-20.451977401129938,-99.83443708609272,95.53610503282275,54.17879417879419,4.078144078144092,7.274063188831742,-0.4987621533275492,-1.8791264651599104,1.5968740001889525,1.4189781525433773,-0.08897088569736719,-0.4724660826687775,-0.48933987133551954,-1.8791264651599104,1.5968740001889525,1.4097283440669042,-0.0966407896367954,-0.4724660826687775,3883325296,1053,33.32294600113528,0.31825699988985434,63,63,63,2637611057,0,0,-37,0,33.13785399950575
10514.815941457,1890068650,375,375,1,0,3,33.136182000816916,-46,63,-20.451977401129938,-99.83443708609272,95.53610503282275,54.17879417879419,4.078144078144092,7.274063188831742,-0.4987621533275492,-1.8791264651599104,1.5968740001889525,1.4189781525433773,-0.08897088569736719,-0.4724660826687775,-0.48933987133551954,-1.8791264651599104,1.5968740001889525,1.4097283440669042,-0.0966407896367954,-0.4724660826687775,3883325296,1056,33.237894998819684,0.3529229998093797,63,63,63,2637611057,0,0,-37,0,33.5706570003822
10514.88261155,1890068650,377,376,1,0,15,66.16195300011896,-46,63,-20.451977401129938,-99.83443708609272,95.53610503282275,54.17879417879419,4.078144078144092,7.274063188831742,-0.4987621533275492,-1.8791264651599104,1.5968740001889525,1.4189781525433773,-0.08897088569736719,-0.4724660826687775,-0.48933987133551954,-1.8791264651599104,1.5968740001889525,1.4097283440669042,-0.0966407896367954,-0.4724660826687775,3883325296,1058,33.61969199977466,0.325589000567561,63,63,63,2637611057,0,0,-37,0,66.6210580002371
10514.916011405,1890068650,378,378,1,0,5,32.90345299865294,-46,63,-20.451977401129938,-99.83443708609272,95.53610503282275,54.17879417879419,4.078144078144092,7.274063188831742,-0.4987621533275492,-1.8791264651599104,1.5968740001889525,1.4189781525433773,-0.08897088569736719,-0.4724660826687775,-0.48933987133551954,-1.8791264651599104,1.5968740001889525,1.4097283440669042,-0.0966407896367954,-0.4724660826687775,3883325296,1061,33.60350699949777,0.30707600126334,63,63,63,2637611057,0,0,-37,0,33.35245699963707
10514.982467849,1890068650,380,379,1,0,19,65.95863900110999,-46,63,-20.451977401129938,-99.83443708609272,95.53610503282275,54.17879417879419,4.078144078144092,7.274063188831742,-0.4987621533275492,-1.8791264651599104,1.5968740001889525,1.4189781525433773,-0.08897088569736719,-0.4724660826687775,-0.48933987133551954,-1.8791264651599104,1.5968740001889525,1.4097283440669042,-0.0966407896367954,-0.4724660826687775,3883325296,1063,33.40281900091213,0.3149069998471532,63,63,63,2637611057,0,0,-37,0,66.40608199995768
10515.015665297,1890068650,381,381,1,0,5,32.75294999912148,-46,63,-20.451977401129938,-99.83443708609272,95.53610503282275,54.17879417879419,4.078144078144092,7.274063188831742,-0.4987621533275492,-1.8791264651599104,1.5968740001889525,1.4189781525433773,-0.08897088569736719,-0.4724660826687775,-0.48933987133551954,-1.8791264651599104,1.5968740001889525,1.4097283440669042,-0.0966407896367954,-0.4724660826687775,3883325296,1065,33.39219599911303,0.3131440007564379,63,63,63,2637611057,0,0,-37,0,33.153891999972984
10515.115786471,1890068650,384,384,1,0,7,33.08753199962666,-46,63,-20.451977401129938,-99.83443708609272,95.53610503282275,54.17879417879419,4.078144078144092,7.274063188831742,-0.4987621533275492,-1.8791264651599104,1.5968740001889525,1.4189781525433773,-0.08897088569736719,-0.4724660826687775,-0.48933987133551954,-1.8791264651599104,1.5968740001889525,1.4097283440669042,-0.0966407896367954,-0.4724660826687775,3883325296,1069,33.12922400073148,33.38780299964128,63,63,63,2637611057,0,0,-37,0,66.64249700043001
10515.182678545,1890068650,386,385,1,0,19,66.43005099977017,-46,63,-20.451977401129938,-99.83443708609272,95.53610503282275,54.17879417879419,4.078144078144092,7.274063188831742,-0.4987621533275492,-1.8791264651599104,1.5968740001889525,1.4189781525433773,-0.08897088569736719,-0.4724660826687775,-0.48933987133551954,-1.8791264651599104,1.5968740001889525,1.4097283440669042,-0.0966407896367954,-0.4724660826687775,3883325296,1073,66.68854500094312,0.3265569994255202,63,63,63,2637611057,0,0,-37,0,66.84602599852951
10515.215941285,1890068650,387,387,1,0,5,32.74663299998792,-46,63,-20.451977401129938,-99.83443708609272,95.53610503282275,54.17879417879419,4.078144078144092,7.274063188831742,-0.4987621533275492,-1.8791264651599104,1.5968740001889525,1.4189781525433773,-0.08897088569736719,-0.4724660826687775,-0.48933987133551954,-1.8791264651599104,1.5968740001889525,1.4097283440669042,-0.0966407896367954,-0.4724660826687775,3883325296,1076,66.89654099864129,0.3335090004839003,63,63,63,2637611057,0,0,-37,0,33.21222500017029
10515.282643567,1890068650,389,388,1,0,19,66.20382399887603,-46,63,-20.451977401129938,-99.83443708609272,95.53610503282275,54.17879417879419,4.078144078144092,7.274063188831742,-0.4987621533275492,-1.8791264651599104,1.5968740001889525,1.4189781525433773,-0.08897088569736719,-0.4724660826687775,-0.48933987133551954,-1.8791264651599104,1.5968740001889525,1.4097283440669042,-0.0966407896367954,-0.4724660826687775,3883325296,1078,33.260035001148935,0.3200009996362496,63,63,63,2637611057,0,0,-37,0,66.65447199884511
10515.315685604,1890068650,390,390,1,0,5,32.54990700042981,-46,63,-20.451977401129938,-99.83443708609272,95.53610503282275,54.17879417879419,4.078144078144092,7.274063188831742,-0.4987621533275492,-1.8791264651599104,1.5968740001889525,1.4189781525433773,-0.08897088569736719,-0.4724660826687775,-0.48933987133551954,-1.8791264651599104,1.5968740001889525,1.4097283440669042,-0.0966407896367954,-0.4724660826687775,3883325296,1081,33.487941000203136,0.3069399990636157,63,63,63,2637611057,0,0,-37,0,32.99324399995385
10515.382330057,1890068650,392,391,1,0,19,66.15706900083751,-46,63,-20.451977401129938,-99.83443708609272,95.53610503282275,54.17879417879419,4.078144078144092,7.274063188831742,-0.4987621533275492,-1.8791264651599104,1.5968740001889525,1.4189781525433773,-0.08897088569736719,-0.4724660826687775,-0.48933987133551954,-1.8791264651599104,1.5968740001889525,1.4097283440669042,-0.0966407896367954,-0.4724660826687775,3883325296,1083,33.03875299934589,0.31569000020681415,63,63,63,2637611057,0,0,-37,0,66.59894400036137
10515.449048802,1890068650,394,392,1,0,31,99.61658900101611,-46,63,-20.451977401129938,-99.83443708609272,95.53610503282275,54.17879417879419,4.078144078144092,7.274063188831742,-0.4987621533275492,-1.8791264651599104,1.5968740001889525,1.4189781525433773,-0.08897088569736719,-0.4724660826687775,-0.48933987133551954,-1.8791264651599104,1.5968740001889525,1.4097283440669042,-0.0966407896367954,-0.4724660826687775,3883325296,1084,33.22504000061599,0.36992099921917543,63,63,63,2637611057,0,0,-37,0,100.09264899963455
10515.548985637,1890068650,397,396,1,0,5,66.24109800031874,-46,63,-20.451977401129938,-99.83443708609272,95.53610503282275,54.17879417879419,4.078144078144092,7.274063188831742,-0.4987621533275492,-1.8791264651599104,1.5968740001889525,1.4189781525433773,-0.08897088569736719,-0.4724660826687775,-0.48933987133551954,-1.8791264651599104,1.5968740001889525,1.4097283440669042,-0.0966407896367954,-0.4724660826687775,3883325296,1089,66.7223489999742,33.52119800001674,63,63,63,2637611057,0,0,-37,0,99.89379299986467
10515.582379411,1890068650,398,397,1,0,4,66.33812300060526,-51,63,-20.451977401129938,-99.83443708609272,95.53610503282275,54.17879417879419,4.078144078144092,7.274063188831742,-0.4987621533275492,-1.8791264651599104,1.5968740001889525,1.4189781525433773,-0.08897088569736719,-0.4724660826687775,-0.48933987133551954,-1.8791264651599104,1.5968740001889525,1.4097283440669042,-0.0966407896367954,-0.4724660826687775,3883325296,1091,66.50062199878448,0.3349660000822041,63,63,63,2637611057,0,0,-37,0,66.78694500078564
10515.615706401,1890068650,399,399,1,0,4,32.88768400125264,-51,63,-20.376647834274948,-99.83443708609272,95.53610503282275,54.17879417879419,4.078144078144092,7.274063188831742,-0.49737492625722407,-1.8791264651599104,1.5968740001889525,1.4189781525433773,-0.08897088569736719,-0.4724660826687775,-0.48933987133551954,-1.8791264651599104,1.5968740001889525,1.4097283440669042,-0.0966407896367954,-0.4724660826687775,3883325296,1096,33.37348500099324,0.29915499908383936,63,63,63,2637611057,0,0,-37,0,33.284563000052
10515.682620179,1890068650,401,400,1,0,13,66.05867899997975,-51,63,-20.376647834274948,-99.83443708609272,95.53610503282275,54.17879417879419,4.078144078144092,7.274063188831742,-0.49737492625722407,-1.8791264651599104,1.5968740001889525,1.4189781525433773,-0.08897088569736719,-0.4724660826687775,-0.48933987133551954,-1.8791264651599104,1.5968740001889525,1.4097283440669042,-0.0966407896367954,-0.4724660826687775,3883325296,1097,33.402418999685324,0.6278580003709067,63,63,63,2637611057,0,0,-42,0,66.79592200089246
10515.715764528,1890068650,402,401,1,0,11,66.3526999996975,-51,63,-20.376647834274948,-99.83443708609272,95.53610503282275,54.17879417879419,4.078144078144092,7.274063188831742,-0.49737492625722407,-1.8791264651599104,1.5968740001889525,1.4189781525433773,-0.08897088569736719,-0.4724660826687775,-0.48933987133551954,-1.8791264651599104,1.5968740001889525,1.4097283440669042,-0.0966407896367954,-0.4724660826687775,3883325296,1097,33.402418999685324,33.454850999987684,63,63,63,2637611057,0,0,-42,0,99.94027100037783
10515.782618976,1890068650,404,403,1,0,19,65.8633019993431,-51,63,-20.376647834274948,-99.83443708609272,95.53610503282275,54.17879417879419,4.078144078144092,7.274063188831742,-0.49737492625722407,-1.8791264651599104,1.5968740001889525,1.4189781525433773,-0.08897088569736719,-0.4724660826687775,-0.48933987133551954,-1.8791264651599104,1.5968740001889525,1.4097283440669042,-0.0966407896367954,-0.4724660826687775,3883325296,1097,33.402418999685324,100.73471500072628,63,63,63,2637611057,0,0,-42,0,166.7947189998813
10515.816973803,1890068650,404,404,1,0,37,67.51568599975144,-51,63,-20.376647834274948,-99.83443708609272,95.53610503282275,54.17879417879419,4.078144078144092,7.274063188831742,-0.49737492625722407,-1.8791264651599104,1.5968740001889525,1.4189781525433773,-0.08897088569736719,-0.4724660826687775,-0.48933987133551954,-1.8791264651599104,1.5968740001889525,1.4097283440669042,-0.0966407896367954,-0.4724660826687775,3883325296,1097,33.402418999685324,133.54045800042513,63,63,63,2637611057,0,0,-42,0,201.14954599921475
10515.885603312,1890068650,404,404,1,0,87,67.51568599975144,-51,63,-20.376647834274948,-99.83443708609272,95.53610503282275,54.17879417879419,4.078144078144092,7.274063188831742,-0.49737492625722407,-1.8791264651599104,1.5968740001889525,1.4189781525433773,-0.08897088569736719,-0.4724660826687775,-0.48933987133551954,-1.8791264651599104,1.5968740001889525,1.4097283440669042,-0.0966407896367954,-0.4724660826687775,3883325296,1097,33.402418999685324,133.54045800042513,63,63,63,2637611057,0,0,-42,0,201.14954599921475
10515.919992695,1890068650,404,404,1,0,137,67.51568599975144,-51,63,-20.376647834274948,-99.83443708609272,95.53610503282275,54.17879417879419,4.078144078144092,7.274063188831742,-0.49737492625722407,-1.8791264651599104,1.5968740001889525,1.4189781525433773,-0.08897088569736719,-0.4724660826687775,-0.48933987133551954,-1.8791264651599104,1.5968740001889525,1.4097283440669042,-0.0966407896367954,-0.4724660826687775,3883325296,1097,33.402418999685324,133.54045800042513,63,63,63,2637611057,0,0,-42,0,201.14954599921475
10515.95434772,1890068650,404,404,1,0,187,67.51568599975144,-51,63,-20.376647834274948,-99.83443708609272,95.53610503282275,54.17879417879419,4.078144078144092,7.274063188831742,-0.49737492625722407,-1.8791264651599104,1.5968740001889525,1.4189781525433773,-0.08897088569736719,-0.4724660826687775,-0.48933987133551954,-1.8791264651599104,1.5968740001889525,1.4097283440669042,-0.0966407896367954,-0.4724660826687775,3883325296,1097,33.402418999685324,133.54045800042513,63,63,63,2637611057,0,0,-42,0,201.14954599921475
10516.022922066,1890068650,404,404,1,0,237,67.51568599975144,-51,63,-20.376647834274948,-99.83443708609272,95.53610503282275,54.17879417879419,4.078144078144092,7.274063188831742,-0.49737492625722407,-1.8791264651599104,1.5968740001889525,1.4189781525433773,-0.08897088569736719,-0.4724660826687775,-0.48933987133551954,-1.8791264651599104,1.5968740001889525,1.4097283440669042,-0.0966407896367954,-0.4724660826687775,3883325296,1097,33.402418999685324,133.54045800042513,63,63,63,2637611057,0,0,-42,0,201.14954599921475
10516.057360075,1890068650,404,404,1,0,287,67.51568599975144,-51,63,-20.376647834274948,-99.83443708609272,95.53610503282275,54.17879417879419,4.078144078144092,7.274063188831742,-0.49737492625722407,-1.8791264651599104,1.5968740001889525,1.4189781525433773,-0.08897088569736719,-0.4724660826687775,-0.48933987133551954,-1.8791264651599104,1.5968740001889525,1.4097283440669042,-0.0966407896367954,-0.4724660826687775,3883325296,1097,33.402418999685324,133.54045800042513,63,63,63,2637611057,0,0,-42,0,201.14954599921475
10516.125991084,1890068650,404,404,1,0,337,67.51568599975144,-51,63,-20.376647834274948,-99.83443708609272,95.53610503282275,54.17879417879419,4.078144078144092,7.274063188831742,-0.49737492625722407,-1.8791264651599104,1.5968740001889525,1.4189781525433773,-0.08897088569736719,-0.4724660826687775,-0.48933987133551954,-1.8791264651599104,1.5968740001889525,1.4097283440669042,-0.0966407896367954,-0.4724660826687775,3883325296,1097,33.402418999685324,133.54045800042513,63,63,63,2637611057,0,0,-42,0,201.14954599921475
10516.160432929,1890068650,404,404,1,0,387,67.51568599975144,-51,63,-20.376647834274948,-99.83443708609272,95.53610503282275,54.17879417879419,4.078144078144092,7.274063188831742,-0.49737492625722407,-1.8791264651599104,1.5968740001889525,1.4189781525433773,-0.08897088569736719,-0.4724660826687775,-0.48933987133551954,-1.8791264651599104,1.5968740001889525,1.4097283440669042,-0.0966407896367954,-0.4724660826687775,3883325296,1097,33.402418999685324,133.54045800042513,63,63,63,2637611057,0,0,-42,0,201.14954599921475
10516.228999909,1890068650,404,404,1,0,437,67.51568599975144,-51,63,-20.376647834274948,-99.83443708609272,95.53610503282275,54.17879417879419,4.078144078144092,7.274063188831742,-0.49737492625722407,-1.8791264651599104,1.5968740001889525,1.4189781525433773,-0.08897088569736719,-0.4724660826687775,-0.48933987133551954,-1.8791264651599104,1.5968740001889525,1.4097283440669042,-0.0966407896367954,-0.4724660826687775,3883325296,1097,33.402418999685324,133.54045800042513,63,63,63,2637611057,0,0,-42,0,201.14954599921475
10516.263342528,1890068650,404,404,1,0,487,67.51568599975144,-51,63,-20.376647834274948,-99.83443708609272,95.53610503282275,54.17879417879419,4.078144078144092,7.274063188831742,-0.49737492625722407,-1.8791264651599104,1.5968740001889525,1.4189781525433773,-0.08897088569736719,-0.4724660826687775,-0.48933987133551954,-1.8791264651599104,1.5968740001889525,1.4097283440669042,-0.0966407896367954,-0.4724660826687775,3883325296,1097,33.402418999685324,133.54045800042513,63,63,63,2637611057,0,0,-42,0,201.14954599921475
10516.331652087,1890068650,404,404,2,0,537,67.51568599975144,-51,63,-20.376647834274948,-99.83443708609272,95.53610503282275,54.17879417879419,4.078144078144092,7.274063188831742,-0.49737492625722407,-1.8791264651599104,1.5968740001889525,1.4189781525433773,-0.08897088569736719,-0.4724660826687775,-0.48933987133551954,-1.8791264651599104,1.5968740001889525,1.4097283440669042,-0.0966407896367954,-0.4724660826687775,3883325296,1097,33.402418999685324,133.54045800042513,63,63,63,2637611057,0,0,-42,0,201.14954599921475
10516.366095982,1890068650,404,404,2,0,587,67.51568599975144,-51,63,-20.376647834274948,-99.83443708609272,95.53610503282275,54.17879417879419,4.078144078144092,7.274063188831742,-0.49737492625722407,-1.8791264651599104,1.5968740001889525,1.4189781525433773,-0.08897088569736719,-0.4724660826687775,-0.48933987133551954,-1.8791264651599104,1.5968740001889525,1.4097283440669042,-0.0966407896367954,-0.4724660826687775,3883325296,1097,33.402418999685324,133.54045800042513,63,63,63,2637611057,0,0,-42,0,201.14954599921475
10516.434227462,1890068650,404,404,2,0,637,67.51568599975144,-51,63,-20.376647834274948,-99.83443708609272,95.53610503282275,54.17879417879419,4.078144078144092,7.274063188831742,-0.49737492625722407,-1.8791264651599104,1.5968740001889525,1.4189781525433773,-0.08897088569736719,-0.4724660826687775,-0.48933987133551954,-1.8791264651599104,1.5968740001889525,1.4097283440669042,-0.0966407896367954,-0.4724660826687775,3883325296,1097,33.402418999685324,133.54045800042513,63,63,63,2637611057,0,0,-42,0,201.14954599921475
10516.468407928,1890068650,404,404,2,0,687,67.51568599975144,-51,63,-20.376647834274948,-99.83443708609272,95.53610503282275,54.17879417879419,4.078144078144092,7.274063188831742,-0.49737492625722407,-1.8791264651599104,1.5968740001889525,1.4189781525433773,-0.08897088569736719,-0.4724660826687775,-0.48933987133551954,-1.8791264651599104,1.5968740001889525,1.4097283440669042,-0.0966407896367954,-0.4724660826687775,3883325296,1097,33.402418999685324,133.54045800042513,63,63,63,2637611057,0,0,-42,0,201.14954599921475
10516.502399573,1890068650,404,404,2,0,737,67.51568599975144,-51,63,-20.376647834274948,-99.83443708609272,95.53610503282275,54.17879417879419,4.078144078144092,7.274063188831742,-0.49737492625722407,-1.8791264651599104,1.5968740001889525,1.4189781525433773,-0.08897088569736719,-0.4724660826687775,-0.48933987133551954,-1.8791264651599104,1.5968740001889525,1.4097283440669042,-0.0966407896367954,-0.4724660826687775,3883325296,1097,33.402418999685324,133.54045800042513,63,63,63,2637611057,0,0,-42,0,201.14954599921475
10516.570513154,1890068650,404,404,2,0,786,67.51568599975144,-51,63,-20.376647834274948,-99.83443708609272,95.53610503282275,54.17879417879419,4.078144078144092,7.274063188831742,-0.49737492625722407,-1.8791264651599104,1.5968740001889525,1.4189781525433773,-0.08897088569736719,-0.4724660826687775,-0.48933987133551954,-1.8791264651599104,1.5968740001889525,1.4097283440669042,-0.0966407896367954,-0.4724660826687775,3883325296,1097,33.402418999685324,133.54045800042513,63,63,63,2637611057,0,0,-42,0,201.14954599921475
10516.604569629,1890068650,404,404,2,0,836,67.51568599975144,-51,63,-20.376647834274948,-99.83443708609272,95.53610503282275,54.17879417879419,4.078144078144092,7.274063188831742,-0.49737492625722407,-1.8791264651599104,1.5968740001889525,1.4189781525433773,-0.08897088569736719,-0.4724660826687775,-0.48933987133551954,-1.8791264651599104,1.5968740001889525,1.4097283440669042,-0.0966407896367954,-0.4724660826687775,3883325296,1097,33.402418999685324,133.54045800042513,63,63,63,2637611057,0,0,-42,0,201.14954599921475
10516.672806663,1890068650,404,404,2,0,886,67.51568599975144,-51,63,-20.376647834274948,-99.83443708609272,95.53610503282275,54.17879417879419,4.078144078144092,7.274063188831742,-0.49737492625722407,-1.8791264651599104,1.5968740001889525,1.4189781525433773,-0.08897088569736719,-0.4724660826687775,-0.48933987133551954,-1.8791264651599104,1.5968740001889525,1.4097283440669042,-0.0966407896367954,-0.4724660826687775,3883325296,1097,33.402418999685324,133.54045800042513,63,63,63,2637611057,0,0,-42,0,201.14954599921475
10516.707189062,1890068650,404,404,2,0,936,67.51568599975144,-42,63,-20.376647834274948,-99.83443708609272,95.53610503282275,54.17879417879419,4.078144078144092,7.274063188831742,-0.49737492625722407,-1.8791264651599104,1.5968740001889525,1.4189781525433773,-0.08897088569736719,-0.4724660826687775,-0.48933987133551954,-1.8791264651599104,1.5968740001889525,1.4097283440669042,-0.0966407896367954,-0.4724660826687775,3883325296,1097,33.402418999685324,133.54045800042513,63,63,63,2637611057,0,0,-42,0,201.14954599921475
10516.775796096,1890068650,404,404,2,0,986,67.51568599975144,-42,63,-20.376647834274948,-99.83443708609272,95.53610503282275,54.17879417879419,4.078144078144092,7.274063188831742,-0.49737492625722407,-1.8791264651599104,1.5968740001889525,1.4189781525433773,-0.08897088569736719,-0.4724660826687775,-0.48933987133551954,-1.8791264651599104,1.5968740001889525,1.4097283440669042,-0.0966407896367954,-0.4724660826687775,3883325296,1097,33.402418999685324,133.54045800042513,63,63,63,2637611057,0,0,-42,0,201.14954599921475
10516.810220063,1890068650,404,404,2,0,1036,67.51568599975144,-42,63,-20.376647834274948,-99.83443708609272,95.53610503282275,54.17879417879419,4.078144078144092,7.274063188831742,-0.49737492625722407,-1.8791264651599104,1.5968740001889525,1.4189781525433773,-0.08897088569736719,-0.4724660826687775,-0.48933987133551954,-1.8791264651599104,1.5968740001889525,1.4097283440669042,-0.0966407896367954,-0.4724660826687775,3883325296,1097,33.402418999685324,133.54045800042513,63,63,63,2637611057,0,0,-42,0,201.14954599921475
10516.878810733,1890068650,404,404,2,0,1086,67.51568599975144,-42,63,-20.376647834274948,-99.83443708609272,95.53610503282275,54.17879417879419,4.078144078144092,7.274063188831742,-0.49737492625722407,-1.8791264651599104,1.5968740001889525,1.4189781525433773,-0.08897088569736719,-0.4724660826687775,-0.48933987133551954,-1.8791264651599104,1.5968740001889525,1.4097283440669042,-0.0966407896367954,-0.4724660826687775,3883325296,1097,33.402418999685324,133.54045800042513,63,63,63,2637611057,0,0,-42,0,201.14954599921475
10516.913195735,1890068650,404,404,2,0,1136,67.51568599975144,-42,63,-20.376647834274948,-99.83443708609272,95.53610503282275,54.17879417879419,4.078144078144092,7.274063188831742,-0.49737492625722407,-1.8791264651599104,1.5968740001889525,1.4189781525433773,-0.08897088569736719,-0.4724660826687775,-0.48933987133551954,-1.8791264651599104,1.5968740001889525,1.4097283440669042,-0.0966407896367954,-0.4724660826687775,3883325296,1097,33.402418999685324,133.54045800042513,63,63,63,2637611057,0,0,-42,0,201.14954599921475
10516.981476291,1890068650,404,404,2,0,1186,67.51568599975144,-42,63,-20.376647834274948,-99.83443708609272,95.53610503282275,54.17879417879419,4.078144078144092,7.274063188831742,-0.49737492625722407,-1.8791264651599104,1.5968740001889525,1.4189781525433773,-0.08897088569736719,-0.4724660826687775,-0.48933987133551954,-1.8791264651599104,1.5968740001889525,1.4097283440669042,-0.0966407896367954,-0.4724660826687775,3883325296,1097,33.402418999685324,133.54045800042513,63,63,63,2637611057,0,0,-42,0,201.14954599921475
10517.015795549,1890068650,404,404,2,0,1236,67.51568599975144,-42,63,-20.376647834274948,-99.83443708609272,95.53610503282275,54.17879417879419,4.078144078144092,7.274063188831742,-0.49737492625722407,-1.8791264651599104,1.5968740001889525,1.4189781525433773,-0.08897088569736719,-0.4724660826687775,-0.48933987133551954,-1.8791264651599104,1.5968740001889525,1.4097283440669042,-0.0966407896367954,-0.4724660826687775,3883325296,1097,33.402418999685324,133.54045800042513,63,63,63,2637611057,0,0,-42,0,201.14954599921475
10517.084309096,1890068650,404,404,2,0,1286,67.51568599975144,-42,63,-20.376647834274948,-99.83443708609272,95.53610503282275,54.17879417879419,4.078144078144092,7.274063188831742,-0.49737492625722407,-1.8791264651599104,1.5968740001889525,1.4189781525433773,-0.08897088569736719,-0.4724660826687775,-0.48933987133551954,-1.8791264651599104,1.5968740001889525,1.4097283440669042,-0.0966407896367954,-0.4724660826687775,3883325296,1097,33.402418999685324,133.54045800042513,63,63,63,2637611057,0,0,-42,0,201.14954599921475
10517.118642141,1890068650,404,404,2,0,1336,67.51568599975144,-42,63,-20.376647834274948,-99.83443708609272,95.53610503282275,54.17879417879419,4.078144078144092,7.274063188831742,-0.49737492625722407,-1.8791264651599104,1.5968740001889525,1.4189781525433773,-0.08897088569736719,-0.4724660826687775,-0.48933987133551954,-1.8791264651599104,1.5968740001889525,1.4097283440669042,-0.0966407896367954,-0.4724660826687775,3883325296,1097,33.402418999685324,133.54045800042513,63,63,63,2637611057,0,0,-42,0,201.14954599921475
10517.153008237,1890068650,404,404,2,0,1386,67.51568599975144,-42,63,-20.376647834274948,-99.83443708609272,95.53610503282275,54.17879417879419,4.078144078144092,7.274063188831742,-0.49737492625722407,-1.8791264651599104,1.5968740001889525,1.4189781525433773,-0.08897088569736719,-0.4724660826687775,-0.48933987133551954,-1.8791264651599104,1.5968740001889525,1.4097283440669042,-0.0966407896367954,-0.4724660826687775,3883325296,1097,33.402418999685324,133.54045800042513,63,63,63,2637611057,0,0,-42,0,201.14954599921475
10517.221623509,1890068650,404,404,2,0,1436,67.51568599975144,-42,63,-20.376647834274948,-99.83443708609272,95.53610503282275,54.17879417879419,4.078144078144092,7.274063188831742,-0.49737492625722407,-1.8791264651599104,1.5968740001889525,1.4189781525433773,-0.08897088569736719,-0.4724660826687775,-0.48933987133551954,-1.8791264651599104,1.5968740001889525,1.4097283440669042,-0.0966407896367954,-0.4724660826687775,3883325296,1097,33.402418999685324,133.54045800042513,63,63,63,2637611057,0,0,-42,0,201.14954599921475
10517.255986592,1890068650,404,404,2,0,1486,67.51568599975144,-42,63,-20.376647834274948,-99.83443708609272,95.53610503282275,54.17879417879419,4.078144078144092,7.274063188831742,-0.49737492625722407,-1.8791264651599104,1.5968740001889525,1.4189781525433773,-0.08897088569736719,-0.4724660826687775,-0.48933987133551954,-1.8791264651599104,1.5968740001889525,1.4097283440669042,-0.0966407896367954,-0.4724660826687775,3883325296,1097,33.402418999685324,133.54045800042513,63,63,63,2637611057,0,0,-42,0,201.14954599921475
10517.324529514,1890068650,404,404,2,0,1536,67.51568599975144,-42,63,-20.376647834274948,-99.83443708609272,95.53610503282275,54.17879417879419,4.078144078144092,7.274063188831742,-0.49737492625722407,-1.8791264651599104,1.5968740001889525,1.4189781525433773,-0.08897088569736719,-0.4724660826687775,-0.48933987133551954,-1.8791264651599104,1.5968740001889525,1.4097283440669042,-0.0966407896367954,-0.4724660826687775,3883325296,1097,33.402418999685324,133.54045800042513,63,63,63,2637611057,0,0,-42,0,201.14954599921475
10517.358738695,1890068650,404,404,2,0,1586,67.51568599975144,-42,63,-20.376647834274948,-99.83443708609272,95.53610503282275,54.17879417879419,4.078144078144092,7.274063188831742,-0.49737492625722407,-1.8791264651599104,1.5968740001889525,1.4189781525433773,-0.08897088569736719,-0.4724660826687775,-0.48933987133551954,-1.8791264651599104,1.5968740001889525,1.4097283440669042,-0.0966407896367954,-0.4724660826687775,3883325296,1097,33.402418999685324,133.54045800042513,63,63,63,2637611057,0,0,-42,0,201.14954599921475
10517.427332609,1890068650,404,404,2,0,1636,67.51568599975144,-42,63,-20.376647834274948,-99.83443708609272,95.53610503282275,54.17879417879419,4.078144078144092,7.274063188831742,-0.49737492625722407,-1.8791264651599104,1.5968740001889525,1.4189781525433773,-0.08897088569736719,-0.4724660826687775,-0.48933987133551954,-1.8791264651599104,1.5968740001889525,1.4097283440669042,-0.0966407896367954,-0.4724660826687775,3883325296,1097,33.402418999685324,133.54045800042513,63,63,63,2637611057,0,0,-42,0,201.14954599921475
10517.461635145,1890068650,404,404,2,0,1686,67.51568599975144,-42,63,-20.376647834274948,-99.83443708609272,95.53610503282275,54.17879417879419,4.078144078144092,7.274063188831742,-0.49737492625722407,-1.8791264651599104,1.5968740001889525,1.4189781525433773,-0.08897088569736719,-0.4724660826687775,-0.48933987133551954,-1.8791264651599104,1.5968740001889525,1.4097283440669042,-0.0966407896367954,-0.4724660826687775,3883325296,1097,33.402418999685324,133.54045800042513,63,63,63,2637611057,0,0,-42,0,201.14954599921475
10517.530431815,1890068650,404,404,2,0,1736,67.51568599975144,-42,63,-20.376647834274948,-99.83443708609272,95.53610503282275,54.17879417879419,4.078144078144092,7.274063188831742,-0.49737492625722407,-1.8791264651599104,1.5968740001889525,1.4189781525433773,-0.08897088569736719,-0.4724660826687775,-0.48933987133551954,-1.8791264651599104,1.5968740001889525,1.4097283440669042,-0.0966407896367954,-0.4724660826687775,3883325296,1097,33.402418999685324,133.54045800042513,63,63,63,2637611057,0,0,-42,0,201.14954599921475
10517.564643951,1890068650,404,404,2,0,1786,67.51568599975144,-42,63,-20.376647834274948,-99.83443708609272,95.53610503282275,54.17879417879419,4.078144078144092,7.274063188831742,-0.49737492625722407,-1.8791264651599104,1.5968740001889525,1.4189781525433773,-0.08897088569736719,-0.4724660826687775,-0.48933987133551954,-1.8791264651599104,1.5968740001889525,1.4097283440669042,-0.0966407896367954,-0.4724660826687775,3883325296,1097,33.402418999685324,133.54045800042513,63,63,63,2637611057,0,0,-42,0,201.14954599921475
10517.633303606,1890068650,404,404,2,0,1836,67.51568599975144,-42,63,-20.376647834274948,-99.83443708609272,95.53610503282275,54.17879417879419,4.078144078144092,7.274063188831742,-0.49737492625722407,-1.8791264651599104,1.5968740001889525,1.4189781525433773,-0.08897088569736719,-0.4724660826687775,-0.48933987133551954,-1.8791264651599104,1.5968740001889525,1.4097283440669042,-0.0966407896367954,-0.4724660826687775,3883325296,1097,33.402418999685324,133.54045800042513,63,63,63,2637611057,0,0,-42,0,201.14954599921475
10517.667529191,1890068650,404,404,2,0,1886,67.51568599975144,-42,63,-20.376647834274948,-99.83443708609272,95.53610503282275,54.17879417879419,4.078144078144092,7.274063188831742,-0.49737492625722407,-1.8791264651599104,1.5968740001889525,1.4189781525433773,-0.08897088569736719,-0.4724660826687775,-0.48933987133551954,-1.8791264651599104,1.5968740001889525,1.4097283440669042,-0.0966407896367954,-0.4724660826687775,3883325296,1097,33.402418999685324,133.54045800042513,63,63,63,2637611057,0,0,-42,0,201.14954599921475
10517.736079658,1890068650,404,404,2,0,1936,67.51568599975144,-42,63,-20.376647834274948,-99.83443708609272,95.53610503282275,54.17879417879419,4.078144078144092,7.274063188831742,-0.49737492625722407,-1.8791264651599104,1.5968740001889525,1.4189781525433773,-0.08897088569736719,-0.4724660826687775,-0.48933987133551954,-1.8791264651599104,1.5968740001889525,1.4097283440669042,-0.0966407896367954,-0.4724660826687775,3883325296,1097,33.402418999685324,133.54045800042513,63,63,63,2637611057,0,0,-42,0,201.14954599921475
10517.770464616,1890068650,404,404,2,0,1986,67.51568599975144,-42,63,-20.376647834274948,-99.83443708609272,95.53610503282275,54.17879417879419,4.078144078144092,7.274063188831742,-0.49737492625722407,-1.8791264651599104,1.5968740001889525,1.4189781525433773,-0.08897088569736719,-0.4724660826687775,-0.48933987133551954,-1.8791264651599104,1.5968740001889525,1.4097283440669042,-0.0966407896367954,-0.4724660826687775,3883325296,1097,33.402418999685324,133.54045800042513,63,63,63,2637611057,0,0,-42,0,201.14954599921475
10517.80494186,1890068650,404,404,2,0,2036,67.51568599975144,-42,63,-20.376647834274948,-99.83443708609272,95.53610503282275,54.17879417879419,4.078144078144092,7.274063188831742,-0.49737492625722407,-1.8791264651599104,1.5968740001889525,1.4189781525433773,-0.08897088569736719,-0.4724660826687775,-0.48933987133551954,-1.8791264651599104,1.5968740001889525,1.4097283440669042,-0.0966407896367954,-0.4724660826687775,3883325296,1097,33.402418999685324,133.54045800042513,63,63,63,2637611057,0,0,-42,0,201.14954599921475
10517.873411483,1890068650,404,404,2,0,2086,67.51568599975144,-41,63,-20.376647834274948,-99.83443708609272,95.53610503282275,54.17879417879419,4.078144078144092,7.274063188831742,-0.49737492625722407,-1.8791264651599104,1.5968740001889525,1.4189781525433773,-0.08897088569736719,-0.4724660826687775,-0.48933987133551954,-1.8791264651599104,1.5968740001889525,1.4097283440669042,-0.0966407896367954,-0.4724660826687775,3883325296,1097,33.402418999685324,133.54045800042513,63,63,63,2637611057,0,0,-42,0,201.14954599921475
10517.907711916,1890068650,404,404,2,0,2136,67.51568599975144,-41,63,-20.376647834274948,-99.83443708609272,95.53610503282275,54.17879417879419,4.078144078144092,7.274063188831742,-0.49737492625722407,-1.8791264651599104,1.5968740001889525,1.4189781525433773,-0.08897088569736719,-0.4724660826687775,-0.48933987133551954,-1.8791264651599104,1.5968740001889525,1.4097283440669042,-0.0966407896367954,-0.4724660826687775,3883325296,1097,33.402418999685324,133.54045800042513,63,63,63,2637611057,0,0,-42,0,201.14954599921475
10517.976223931,1890068650,404,404,2,0,2186,67.51568599975144,-41,63,-20.376647834274948,-99.83443708609272,95.53610503282275,54.17879417879419,4.078144078144092,7.274063188831742,-0.49737492625722407,-1.8791264651599104,1.5968740001889525,1.4189781525433773,-0.08897088569736719,-0.4724660826687775,-0.48933987133551954,-1.8791264651599104,1.5968740001889525,1.4097283440669042,-0.0966407896367954,-0.4724660826687775,3883325296,1097,33.402418999685324,133.54045800042513,63,63,63,2637611057,0,0,-42,0,201.14954599921475
10518.010555109,1890068650,404,404,2,0,2236,67.51568599975144,-41,63,-20.376647834274948,-99.83443708609272,95.53610503282275,54.17879417879419,4.078144078144092,7.274063188831742,-0.49737492625722407,-1.8791264651599104,1.5968740001889525,1.4189781525433773,-0.08897088569736719,-0.4724660826687775,-0.48933987133551954,-1.8791264651599104,1.5968740001889525,1.4097283440669042,-0.0966407896367954,-0.4724660826687775,3883325296,1097,33.402418999685324,133.54045800042513,63,63,63,2637611057,0,0,-42,0,201.14954599921475
10518.078741348,1890068650,404,404,2,0,2286,67.51568599975144,-41,63,-20.376647834274948,-99.83443708609272,95.53610503282275,54.17879417879419,4.078144078144092,7.274063188831742,-0.49737492625722407,-1.8791264651599104,1.5968740001889525,1.4189781525433773,-0.08897088569736719,-0.4724660826687775,-0.48933987133551954,-1.8791264651599104,1.5968740001889525,1.4097283440669042,-0.0966407896367954,-0.4724660826687775,3883325296,1097,33.402418999685324,133.54045800042513,63,63,63,2637611057,0,0,-42,0,201.14954599921475
10518.147252638,1890068650,404,404,2,0,2336,67.51568599975144,-41,63,-20.376647834274948,-99.83443708609272,95.53610503282275,54.17879417879419,4.078144078144092,7.274063188831742,-0.49737492625722407,-1.8791264651599104,1.5968740001889525,1.4189781525433773,-0.08897088569736719,-0.4724660826687775,-0.48933987133551954,-1.8791264651599104,1.5968740001889525,1.4097283440669042,-0.0966407896367954,-0.4724660826687775,3883325296,1097,33.402418999685324,133.54045800042513,63,63,63,2637611057,0,0,-42,0,201.14954599921475
10518.181604027,1890068650,404,404,2,0,2386,67.51568599975144,-41,63,-20.376647834274948,-99.83443708609272,95.53610503282275,54.17879417879419,4.078144078144092,7.274063188831742,-0.49737492625722407,-1.8791264651599104,1.5968740001889525,1.4189781525433773,-0.08897088569736719,-0.4724660826687775,-0.48933987133551954,-1.8791264651599104,1.5968740001889525,1.4097283440669042,-0.0966407896367954,-0.4724660826687775,3883325296,1097,33.402418999685324,133.54045800042513,63,63,63,2637611057,0,0,-42,0,201.14954599921475
10518.215984569,1890068650,404,404,2,0,2436,67.51568599975144,-41,63,-20.376647834274948,-99.83443708609272,95.53610503282275,54.17879417879419,4.078144078144092,7.274063188831742,-0.49737492625722407,-1.8791264651599104,1.5968740001889525,1.4189781525433773,-0.08897088569736719,-0.4724660826687775,-0.48933987133551954,-1.8791264651599104,1.5968740001889525,1.4097283440669042,-0.0966407896367954,-0.4724660826687775,3883325296,1097,33.402418999685324,133.54045800042513,63,63,63,2637611057,0,0,-42,0,201.14954599921475
10518.284642024,1890068650,404,404,2,0,2486,67.51568599975144,-41,63,-20.376647834274948,-99.83443708609272,95.53610503282275,54.17879417879419,4.078144078144092,7.274063188831742,-0.49737492625722407,-1.8791264651599104,1.5968740001889525,1.4189781525433773,-0.08897088569736719,-0.4724660826687775,-0.48933987133551954,-1.8791264651599104,1.5968740001889525,1.4097283440669042,-0.0966407896367954,-0.4724660826687775,3883325296,1097,33.402418999685324,133.54045800042513,63,63,63,2637611057,0,0,-42,0,201.14954599921475
10518.318859866,1890068650,404,404,2,0,2536,67.51568599975144,-41,63,-20.376647834274948,-99.83443708609272,95.53610503282275,54.17879417879419,4.078144078144092,7.274063188831742,-0.49737492625722407,-1.8791264651599104,1.5968740001889525,1.4189781525433773,-0.08897088569736719,-0.4724660826687775,-0.48933987133551954,-1.8791264651599104,1.5968740001889525,1.4097283440669042,-0.0966407896367954,-0.4724660826687775,3883325296,1097,33.402418999685324,133.54045800042513,63,63,63,2637611057,0,0,-42,0,201.14954599921475
10518.35288466,1890068650,404,404,2,0,2586,67.51568599975144,-41,63,-20.376647834274948,-99.83443708609272,95.53610503282275,54.17879417879419,4.078144078144092,7.274063188831742,-0.49737492625722407,-1.8791264651599104,1.5968740001889525,1.4189781525433773,-0.08897088569736719,-0.4724660826687775,-0.48933987133551954,-1.8791264651599104,1.5968740001889525,1.4097283440669042,-0.0966407896367954,-0.4724660826687775,3883325296,1097,33.402418999685324,133.54045800042513,63,63,63,2637611057,0,0,-42,0,201.14954599921475
10518.421436317,1890068650,404,404,2,0,2636,67.51568599975144,-41,63,-20.376647834274948,-99.83443708609272,95.53610503282275,54.17879417879419,4.078144078144092,7.274063188831742,-0.49737492625722407,-1.8791264651599104,1.5968740001889525,1.4189781525433773,-0.08897088569736719,-0.4724660826687775,-0.48933987133551954,-1.8791264651599104,1.5968740001889525,1.4097283440669042,-0.0966407896367954,-0.4724660826687775,3883325296,1097,33.402418999685324,133.54045800042513,63,63,63,2637611057,0,0,-42,0,201.14954599921475
10518.455803828,1890068650,404,404,2,0,2686,67.51568599975144,-41,63,-20.376647834274948,-99.83443708609272,95.53610503282275,54.17879417879419,4.078144078144092,7.274063188831742,-0.49737492625722407,-1.8791264651599104,1.5968740001889525,1.4189781525433773,-0.08897088569736719,-0.4724660826687775,-0.48933987133551954,-1.8791264651599104,1.5968740001889525,1.4097283440669042,-0.0966407896367954,-0.4724660826687775,3883325296,1097,33.402418999685324,133.54045800042513,63,63,63,2637611057,0,0,-42,0,201.14954599921475
10518.52437434,1890068650,404,404,2,0,2736,67.51568599975144,-41,63,-20.376647834274948,-99.83443708609272,95.53610503282275,54.17879417879419,4.078144078144092,7.274063188831742,-0.49737492625722407,-1.8791264651599104,1.5968740001889525,1.4189781525433773,-0.08897088569736719,-0.4724660826687775,-0.48933987133551954,-1.8791264651599104,1.5968740001889525,1.4097283440669042,-0.0966407896367954,-0.4724660826687775,3883325296,1097,33.402418999685324,133.54045800042513,63,63,63,2637611057,0,0,-42,0,201.14954599921475
10518.592994473,1890068650,404,404,2,0,2786,67.51568599975144,-41,63,-20.376647834274948,-99.83443708609272,95.53610503282275,54.17879417879419,4.078144078144092,7.274063188831742,-0.49737492625722407,-1.8791264651599104,1.5968740001889525,1.4189781525433773,-0.08897088569736719,-0.4724660826687775,-0.48933987133551954,-1.8791264651599104,1.5968740001889525,1.4097283440669042,-0.0966407896367954,-0.4724660826687775,3883325296,1097,33.402418999685324,133.54045800042513,63,63,63,2637611057,0,0,-42,0,201.14954599921475
10518.627452776,1890068650,404,404,2,0,2836,67.51568599975144,-41,63,-20.376647834274948,-99.83443708609272,95.53610503282275,54.17879417879419,4.078144078144092,7.274063188831742,-0.49737492625722407,-1.8791264651599104,1.5968740001889525,1.4189781525433773,-0.08897088569736719,-0.4724660826687775,-0.48933987133551954,-1.8791264651599104,1.5968740001889525,1.4097283440669042,-0.0966407896367954,-0.4724660826687775,3883325296,1097,33.402418999685324,133.54045800042513,63,63,63,2637611057,0,0,-42,0,201.14954599921475
10518.661834212,1890068650,404,404,2,0,2886,67.51568599975144,-41,63,-20.376647834274948,-99.83443708609272,95.53610503282275,54.17879417879419,4.078144078144092,7.274063188831742,-0.49737492625722407,-1.8791264651599104,1.5968740001889525,1.4189781525433773,-0.08897088569736719,-0.4724660826687775,-0.48933987133551954,-1.8791264651599104,1.5968740001889525,1.4097283440669042,-0.0966407896367954,-0.4724660826687775,3883325296,1097,33.402418999685324,133.54045800042513,63,63,63,2637611057,0,0,-42,0,201.14954599921475
10518.730421205,1890068650,404,404,2,0,2936,67.51568599975144,-41,63,-20.376647834274948,-99.83443708609272,95.53610503282275,54.17879417879419,4.078144078144092,7.274063188831742,-0.49737492625722407,-1.8791264651599104,1.5968740001889525,1.4189781525433773,-0.08897088569736719,-0.4724660826687775,-0.48933987133551954,-1.8791264651599104,1.5968740001889525,1.4097283440669042,-0.0966407896367954,-0.4724660826687775,3883325296,1097,33.402418999685324,133.54045800042513,63,63,63,2637611057,0,0,-42,0,201.14954599921475
10518.76482379,1890068650,404,404,2,0,2986,67.51568599975144,-41,63,-20.376647834274948,-99.83443708609272,95.53610503282275,54.17879417879419,4.078144078144092,7.274063188831742,-0.49737492625722407,-1.8791264651599104,1.5968740001889525,1.4189781525433773,-0.08897088569736719,-0.4724660826687775,-0.48933987133551954,-1.8791264651599104,1.5968740001889525,1.4097283440669042,-0.0966407896367954,-0.4724660826687775,3883325296,1097,33.402418999685324,133.54045800042513,63,63,63,2637611057,0,0,-42,0,201.14954599921475
10518.833421672,1890068650,404,404,2,0,3036,67.51568599975144,-41,63,-20.376647834274948,-99.83443708609272,95.53610503282275,54.17879417879419,4.078144078144092,7.274063188831742,-0.49737492625722407,-1.8791264651599104,1.5968740001889525,1.4189781525433773,-0.08897088569736719,-0.4724660826687775,-0.48933987133551954,-1.8791264651599104,1.5968740001889525,1.4097283440669042,-0.0966407896367954,-0.4724660826687775,3883325296,1097,33.402418999685324,133.54045800042513,63,63,63,2637611057,0,0,-42,0,201.14954599921475
10518.867753682,1890068650,404,404,2,0,3086,67.51568599975144,-41,63,-20.376647834274948,-99.83443708609272,95.53610503282275,54.17879417879419,4.078144078144092,7.274063188831742,-0.49737492625722407,-1.8791264651599104,1.5968740001889525,1.4189781525433773,-0.08897088569736719,-0.4724660826687775,-0.48933987133551954,-1.8791264651599104,1.5968740001889525,1.4097283440669042,-0.0966407896367954,-0.4724660826687775,3883325296,1097,33.402418999685324,133.54045800042513,63,63,63,2637611057,0,0,-42,0,201.14954599921475
10518.936341755,1890068650,404,404,2,0,3136,67.51568599975144,-41,63,-20.376647834274948,-99.83443708609272,95.53610503282275,54.17879417879419,4.078144078144092,7.274063188831742,-0.49737492625722407,-1.8791264651599104,1.5968740001889525,1.4189781525433773,-0.08897088569736719,-0.4724660826687775,-0.48933987133551954,-1.8791264651599104,1.5968740001889525,1.4097283440669042,-0.0966407896367954,-0.4724660826687775,3883325296,1097,33.402418999685324,133.54045800042513,63,63,63,2637611057,0,0,-42,0,201.14954599921475
10518.970739953,1890068650,404,404,2,0,3186,67.51568599975144,-42,63,-20.376647834274948,-99.83443708609272,95.53610503282275,54.17879417879419,4.078144078144092,7.274063188831742,-0.49737492625722407,-1.8791264651599104,1.5968740001889525,1.4189781525433773,-0.08897088569736719,-0.4724660826687775,-0.48933987133551954,-1.8791264651599104,1.5968740001889525,1.4097283440669042,-0.0966407896367954,-0.4724660826687775,3883325296,1097,33.402418999685324,133.54045800042513,63,63,63,2637611057,0,0,-42,0,201.14954599921475
10519.005041148,1890068650,404,404,2,0,3236,67.51568599975144,-42,63,-20.376647834274948,-99.83443708609272,95.53610503282275,54.17879417879419,4.078144078144092,7.274063188831742,-0.49737492625722407,-1.8791264651599104,1.5968740001889525,1.4189781525433773,-0.08897088569736719,-0.4724660826687775,-0.48933987133551954,-1.8791264651599104,1.5968740001889525,1.4097283440669042,-0.0966407896367954,-0.4724660826687775,3883325296,1097,33.402418999685324,133.54045800042513,63,63,63,2637611057,0,0,-42,0,201.14954599921475
10519.073542281,1890068650,404,404,2,0,3286,67.51568599975144,-42,63,-20.376647834274948,-99.83443708609272,95.53610503282275,54.17879417879419,4.078144078144092,7.274063188831742,-0.49737492625722407,-1.8791264651599104,1.5968740001889525,1.4189781525433773,-0.08897088569736719,-0.4724660826687775,-0.48933987133551954,-1.8791264651599104,1.5968740001889525,1.4097283440669042,-0.0966407896367954,-0.4724660826687775,3883325296,1097,33.402418999685324,133.54045800042513,63,63,63,2637611057,0,0,-42,0,201.14954599921475
10519.107912067,1890068650,404,404,2,0,3336,67.51568599975144,-42,63,-20.376647834274948,-99.83443708609272,95.53610503282275,54.17879417879419,4.078144078144092,7.274063188831742,-0.49737492625722407,-1.8791264651599104,1.5968740001889525,1.4189781525433773,-0.08897088569736719,-0.4724660826687775,-0.48933987133551954,-1.8791264651599104,1.5968740001889525,1.4097283440669042,-0.0966407896367954,-0.4724660826687775,3883325296,1097,33.402418999685324,133.54045800042513,63,63,63,2637611057,0,0,-42,0,201.14954599921475
10519.176247601,1890068650,404,404,2,0,3386,67.51568599975144,-42,63,-20.376647834274948,-99.83443708609272,95.53610503282275,54.17879417879419,4.078144078144092,7.274063188831742,-0.49737492625722407,-1.8791264651599104,1.5968740001889525,1.4189781525433773,-0.08897088569736719,-0.4724660826687775,-0.48933987133551954,-1.8791264651599104,1.5968740001889525,1.4097283440669042,-0.0966407896367954,-0.4724660826687775,3883325296,1097,33.402418999685324,133.54045800042513,63,63,63,2637611057,0,0,-42,0,201.14954599921475
10519.210570883,1890068650,404,404,2,0,3436,67.51568599975144,-42,63,-20.376647834274948,-99.83443708609272,95.53610503282275,54.17879417879419,4.078144078144092,7.274063188831742,-0.49737492625722407,-1.8791264651599104,1.5968740001889525,1.4189781525433773,-0.08897088569736719,-0.4724660826687775,-0.48933987133551954,-1.8791264651599104,1.5968740001889525,1.4097283440669042,-0.0966407896367954,-0.4724660826687775,3883325296,1097,33.402418999685324,133.54045800042513,63,63,63,2637611057,0,0,-42,0,201.14954599921475
10519.279142602,1890068650,404,404,2,0,3486,67.51568599975144,-42,63,-20.376647834274948,-99.83443708609272,95.53610503282275,54.17879417879419,4.078144078144092,7.274063188831742,-0.49737492625722407,-1.8791264651599104,1.5968740001889525,1.4189781525433773,-0.08897088569736719,-0.4724660826687775,-0.48933987133551954,-1.8791264651599104,1.5968740001889525,1.4097283440669042,-0.0966407896367954,-0.4724660826687775,3883325296,1097,33.402418999685324,133.54045800042513,63,63,63,2637611057,0,0,-42,0,201.14954599921475
10519.313327384,1890068650,404,404,2,0,3536,67.51568599975144,-42,63,-20.376647834274948,-99.83443708609272,95.53610503282275,54.17879417879419,4.078144078144092,7.274063188831742,-0.49737492625722407,-1.8791264651599104,1.5968740001889525,1.4189781525433773,-0.08897088569736719,-0.4724660826687775,-0.48933987133551954,-1.8791264651599104,1.5968740001889525,1.4097283440669042,-0.0966407896367954,-0.4724660826687775,3883325296,1097,33.402418999685324,133.54045800042513,63,63,63,2637611057,0,0,-42,0,201.14954599921475
10519.381712509,1890068650,404,404,2,0,3587,67.51568599975144,-42,63,-20.376647834274948,-99.83443708609272,95.53610503282275,54.17879417879419,4.078144078144092,7.274063188831742,-0.49737492625722407,-1.8791264651599104,1.5968740001889525,1.4189781525433773,-0.08897088569736719,-0.4724660826687775,-0.48933987133551954,-1.8791264651599104,1.5968740001889525,1.4097283440669042,-0.0966407896367954,-0.4724660826687775,3883325296,1097,33.402418999685324,133.54045800042513,63,63,63,2637611057,0,0,-42,0,201.14954599921475
10519.416079767,1890068650,404,404,2,0,3636,67.51568599975144,-42,63,-20.376647834274948,-99.83443708609272,95.53610503282275,54.17879417879419,4.078144078144092,7.274063188831742,-0.49737492625722407,-1.8791264651599104,1.5968740001889525,1.4189781525433773,-0.08897088569736719,-0.4724660826687775,-0.48933987133551954,-1.8791264651599104,1.5968740001889525,1.4097283440669042,-0.0966407896367954,-0.4724660826687775,3883325296,1097,33.402418999685324,133.54045800042513,63,63,63,2637611057,0,0,-42,0,201.14954599921475
10519.484739075,1890068650,404,404,2,0,3686,67.51568599975144,-42,63,-20.376647834274948,-99.83443708609272,95.53610503282275,54.17879417879419,4.078144078144092,7.274063188831742,-0.49737492625722407,-1.8791264651599104,1.5968740001889525,1.4189781525433773,-0.08897088569736719,-0.4724660826687775,-0.48933987133551954,-1.8791264651599104,1.5968740001889525,1.4097283440669042,-0.0966407896367954,-0.4724660826687775,3883325296,1097,33.402418999685324,133.54045800042513,63,63,63,2637611057,0,0,-42,0,201.14954599921475
10519.518869764,1890068650,404,404,2,0,3736,67.51568599975144,-42,63,-20.376647834274948,-99.83443708609272,95.53610503282275,54.17879417879419,4.078144078144092,7.274063188831742,-0.49737492625722407,-1.8791264651599104,1.5968740001889525,1.4189781525433773,-0.08897088569736719,-0.4724660826687775,-0.48933987133551954,-1.8791264651599104,1.5968740001889525,1.4097283440669042,-0.0966407896367954,-0.4724660826687775,3883325296,1097,33.402418999685324,133.54045800042513,63,63,63,2637611057,0,0,-42,0,201.14954599921475
10519.587468136,1890068650,404,404,2,0,3787,67.51568599975144,-42,63,-20.376647834274948,-99.83443708609272,95.53610503282275,54.17879417879419,4.078144078144092,7.274063188831742,-0.49737492625722407,-1.8791264651599104,1.5968740001889525,1.4189781525433773,-0.08897088569736719,-0.4724660826687775,-0.48933987133551954,-1.8791264651599104,1.5968740001889525,1.4097283440669042,-0.0966407896367954,-0.4724660826687775,3883325296,1097,33.402418999685324,133.54045800042513,63,63,63,2637611057,0,0,-42,0,201.14954599921475
10519.621837986,1890068650,404,404,2,0,3837,67.51568599975144,-42,63,-20.376647834274948,-99.83443708609272,95.53610503282275,54.17879417879419,4.078144078144092,7.274063188831742,-0.49737492625722407,-1.8791264651599104,1.5968740001889525,1.4189781525433773,-0.08897088569736719,-0.4724660826687775,-0.48933987133551954,-1.8791264651599104,1.5968740001889525,1.4097283440669042,-0.0966407896367954,-0.4724660826687775,3883325296,1097,33.402418999685324,133.54045800042513,63,63,63,2637611057,0,0,-42,0,201.14954599921475
10519.690451648,1890068650,404,404,2,0,3887,67.51568599975144,-42,63,-20.376647834274948,-99.83443708609272,95.53610503282275,54.17879417879419,4.078144078144092,7.274063188831742,-0.49737492625722407,-1.8791264651599104,1.5968740001889525,1.4189781525433773,-0.08897088569736719,-0.4724660826687775,-0.48933987133551954,-1.8791264651599104,1.5968740001889525,1.4097283440669042,-0.0966407896367954,-0.4724660826687775,3883325296,1097,33.402418999685324,133.54045800042513,63,63,63,2637611057,0,0,-42,0,201.14954599921475
10519.724942881,1890068650,404,404,2,0,3937,67.51568599975144,-42,63,-20.376647834274948,-99.83443708609272,95.53610503282275,54.17879417879419,4.078144078144092,7.274063188831742,-0.49737492625722407,-1.8791264651599104,1.5968740001889525,1.4189781525433773,-0.08897088569736719,-0.4724660826687775,-0.48933987133551954,-1.8791264651599104,1.5968740001889525,1.4097283440669042,-0.0966407896367954,-0.4724660826687775,3883325296,1097,33.402418999685324,133.54045800042513,63,63,63,2637611057,0,0,-42,0,201.14954599921475
10519.759388013,1890068650,404,404,2,0,3987,67.51568599975144,-42,63,-20.376647834274948,-99.83443708609272,95.53610503282275,54.17879417879419,4.078144078144092,7.274063188831742,-0.49737492625722407,-1.8791264651599104,1.5968740001889525,1.4189781525433773,-0.08897088569736719,-0.4724660826687775,-0.48933987133551954,-1.8791264651599104,1.5968740001889525,1.4097283440669042,-0.0966407896367954,-0.4724660826687775,3883325296,1097,33.402418999685324,133.54045800042513,63,63,63,2637611057,0,0,-42,0,201.14954599921475
10519.827936183,1890068650,404,404,2,0,4037,67.51568599975144,-42,63,-20.376647834274948,-99.83443708609272,95.53610503282275,54.17879417879419,4.078144078144092,7.274063188831742,-0.49737492625722407,-1.8791264651599104,1.5968740001889525,1.4189781525433773,-0.08897088569736719,-0.4724660826687775,-0.48933987133551954,-1.8791264651599104,1.5968740001889525,1.4097283440669042,-0.0966407896367954,-0.4724660826687775,3883325296,1097,33.402418999685324,133.54045800042513,63,63,63,2637611057,0,0,-42,0,201.14954599921475
10519.896717733,1890068650,404,404,2,0,4087,67.51568599975144,-42,63,-20.376647834274948,-99.83443708609272,95.53610503282275,54.17879417879419,4.078144078144092,7.274063188831742,-0.49737492625722407,-1.8791264651599104,1.5968740001889525,1.4189781525433773,-0.08897088569736719,-0.4724660826687775,-0.48933987133551954,-1.8791264651599104,1.5968740001889525,1.4097283440669042,-0.0966407896367954,-0.4724660826687775,3883325296,1097,33.402418999685324,133.54045800042513,63,63,63,2637611057,0,0,-42,0,201.14954599921475
10519.930879558,1890068650,404,404,2,0,4137,67.51568599975144,-42,63,-20.376647834274948,-99.83443708609272,95.53610503282275,54.17879417879419,4.078144078144092,7.274063188831742,-0.49737492625722407,-1.8791264651599104,1.5968740001889525,1.4189781525433773,-0.08897088569736719,-0.4724660826687775,-0.48933987133551954,-1.8791264651599104,1.5968740001889525,1.4097283440669042,-0.0966407896367954,-0.4724660826687775,3883325296,1097,33.402418999685324,133.54045800042513,63,63,63,2637611057,0,0,-42,0,201.14954599921475
10519.999470406,1890068650,404,404,2,0,4187,67.51568599975144,-42,63,-20.376647834274948,-99.83443708609272,95.53610503282275,54.17879417879419,4.078144078144092,7.274063188831742,-0.49737492625722407,-1.8791264651599104,1.5968740001889525,1.4189781525433773,-0.08897088569736719,-0.4724660826687775,-0.48933987133551954,-1.8791264651599104,1.5968740001889525,1.4097283440669042,-0.0966407896367954,-0.4724660826687775,3883325296,1097,33.402418999685324,133.54045800042513,63,63,63,2637611057,0,0,-42,0,201.14954599921475
10520.033828197,1890068650,404,404,2,0,4237,67.51568599975144,-42,63,-20.376647834274948,-99.83443708609272,95.53610503282275,54.17879417879419,4.078144078144092,7.274063188831742,-0.49737492625722407,-1.8791264651599104,1.5968740001889525,1.4189781525433773,-0.08897088569736719,-0.4724660826687775,-0.48933987133551954,-1.8791264651599104,1.5968740001889525,1.4097283440669042,-0.0966407896367954,-0.4724660826687775,3883325296,1097,33.402418999685324,133.54045800042513,63,63,63,2637611057,0,0,-42,0,201.14954599921475
10520.0682161,1890068650,404,404,2,0,4287,67.51568599975144,-42,63,-20.376647834274948,-99.83443708609272,95.53610503282275,54.17879417879419,4.078144078144092,7.274063188831742,-0.49737492625722407,-1.8791264651599104,1.5968740001889525,1.4189781525433773,-0.08897088569736719,-0.4724660826687775,-0.48933987133551954,-1.8791264651599104,1.5968740001889525,1.4097283440669042,-0.0966407896367954,-0.4724660826687775,3883325296,1097,33.402418999685324,133.54045800042513,63,63,63,2637611057,0,0,-42,0,201.14954599921475
10520.136787266,1890068650,404,404,2,0,4337,67.51568599975144,-48,63,-20.376647834274948,-99.83443708609272,95.53610503282275,54.17879417879419,4.078144078144092,7.274063188831742,-0.49737492625722407,-1.8791264651599104,1.5968740001889525,1.4189781525433773,-0.08897088569736719,-0.4724660826687775,-0.48933987133551954,-1.8791264651599104,1.5968740001889525,1.4097283440669042,-0.0966407896367954,-0.4724660826687775,3883325296,1097,33.402418999685324,133.54045800042513,63,63,63,2637611057,0,0,-42,0,201.14954599921475
10520.171036501,1890068650,404,404,2,0,4387,67.51568599975144,-48,63,-20.376647834274948,-99.83443708609272,95.53610503282275,54.17879417879419,4.078144078144092,7.274063188831742,-0.49737492625722407,-1.8791264651599104,1.5968740001889525,1.4189781525433773,-0.08897088569736719,-0.4724660826687775,-0.48933987133551954,-1.8791264651599104,1.5968740001889525,1.4097283440669042,-0.0966407896367954,-0.4724660826687775,3883325296,1097,33.402418999685324,133.54045800042513,63,63,63,2637611057,0,0,-42,0,201.14954599921475
10520.239332315,1890068650,404,404,2,0,4437,67.51568599975144,-48,63,-20.376647834274948,-99.83443708609272,95.53610503282275,54.17879417879419,4.078144078144092,7.274063188831742,-0.49737492625722407,-1.8791264651599104,1.5968740001889525,1.4189781525433773,-0.08897088569736719,-0.4724660826687775,-0.48933987133551954,-1.8791264651599104,1.5968740001889525,1.4097283440669042,-0.0966407896367954,-0.4724660826687775,3883325296,1097,33.402418999685324,133.54045800042513,63,63,63,2637611057,0,0,-42,0,201.14954599921475
10520.307959112,1890068650,404,404,2,0,4487,67.51568599975144,-48,63,-20.376647834274948,-99.83443708609272,95.53610503282275,54.17879417879419,4.078144078144092,7.274063188831742,-0.49737492625722407,-1.8791264651599104,1.5968740001889525,1.4189781525433773,-0.08897088569736719,-0.4724660826687775,-0.48933987133551954,-1.8791264651599104,1.5968740001889525,1.4097283440669042,-0.0966407896367954,-0.4724660826687775,3883325296,1097,33.402418999685324,133.54045800042513,63,63,63,2637611057,0,0,-42,0,201.14954599921475
10520.342007776,1890068650,404,404,2,0,4537,67.51568599975144,-48,63,-20.376647834274948,-99.83443708609272,95.53610503282275,54.17879417879419,4.078144078144092,7.274063188831742,-0.49737492625722407,-1.8791264651599104,1.5968740001889525,1.4189781525433773,-0.08897088569736719,-0.4724660826687775,-0.48933987133551954,-1.8791264651599104,1.5968740001889525,1.4097283440669042,-0.0966407896367954,-0.4724660826687775,3883325296,1097,33.402418999685324,133.54045800042513,63,63,63,2637611057,0,0,-42,0,201.14954599921475
10520.376353405,1890068650,404,404,2,0,4587,67.51568599975144,-48,63,-20.376647834274948,-99.83443708609272,95.53610503282275,54.17879417879419,4.078144078144092,7.274063188831742,-0.49737492625722407,-1.8791264651599104,1.5968740001889525,1.4189781525433773,-0.08897088569736719,-0.4724660826687775,-0.48933987133551954,-1.8791264651599104,1.5968740001889525,1.4097283440669042,-0.0966407896367954,-0.4724660826687775,3883325296,1097,33.402418999685324,133.54045800042513,63,63,63,2637611057,0,0,-42,0,201.14954599921475
10520.444890504,1890068650,404,404,2,0,4637,67.51568599975144,-48,63,-20.376647834274948,-99.83443708609272,95.53610503282275,54.17879417879419,4.078144078144092,7.274063188831742,-0.49737492625722407,-1.8791264651599104,1.5968740001889525,1.4189781525433773,-0.08897088569736719,-0.4724660826687775,-0.48933987133551954,-1.8791264651599104,1.5968740001889525,1.4097283440669042,-0.0966407896367954,-0.4724660826687775,3883325296,1097,33.402418999685324,133.54045800042513,63,63,63,2637611057,0,0,-42,0,201.14954599921475
10520.479342864,1890068650,404,404,2,0,4687,67.51568599975144,-48,63,-20.376647834274948,-99.83443708609272,95.53610503282275,54.17879417879419,4.078144078144092,7.274063188831742,-0.49737492625722407,-1.8791264651599104,1.5968740001889525,1.4189781525433773,-0.08897088569736719,-0.4724660826687775,-0.48933987133551954,-1.8791264651599104,1.5968740001889525,1.4097283440669042,-0.0966407896367954,-0.4724660826687775,3883325296,1097,33.402418999685324,133.54045800042513,63,63,63,2637611057,0,0,-42,0,201.14954599921475
10520.547707464,1890068650,404,404,2,0,4737,67.51568599975144,-48,63,-20.376647834274948,-99.83443708609272,95.53610503282275,54.17879417879419,4.078144078144092,7.274063188831742,-0.49737492625722407,-1.8791264651599104,1.5968740001889525,1.4189781525433773,-0.08897088569736719,-0.4724660826687775,-0.48933987133551954,-1.8791264651599104,1.5968740001889525,1.4097283440669042,-0.0966407896367954,-0.4724660826687775,3883325296,1097,33.402418999685324,133.54045800042513,63,63,63,2637611057,0,0,-42,0,201.14954599921475
10520.582100408,1890068650,404,404,2,0,4796,67.51568599975144,-48,63,-20.376647834274948,-99.83443708609272,95.53610503282275,54.17879417879419,4.078144078144092,7.274063188831742,-0.49737492625722407,-1.8791264651599104,1.5968740001889525,1.4189781525433773,-0.08897088569736719,-0.4724660826687775,-0.48933987133551954,-1.8791264651599104,1.5968740001889525,1.4097283440669042,-0.0966407896367954,-0.4724660826687775,3883325296,1097,33.402418999685324,133.54045800042513,63,63,63,2637611057,0,0,-42,0,201.14954599921475
10520.616245983,1890068650,404,404,2,0,4836,67.51568599975144,-48,63,-20.376647834274948,-99.83443708609272,95.53610503282275,54.17879417879419,4.078144078144092,7.274063188831742,-0.49737492625722407,-1.8791264651599104,1.5968740001889525,1.4189781525433773,-0.08897088569736719,-0.4724660826687775,-0.48933987133551954,-1.8791264651599104,1.5968740001889525,1.4097283440669042,-0.0966407896367954,-0.4724660826687775,3883325296,1097,33.402418999685324,133.54045800042513,63,63,63,2637611057,0,0,-42,0,201.14954599921475
10520.684897008,1890068650,404,404,2,0,4886,67.51568599975144,-48,63,-20.376647834274948,-99.83443708609272,95.53610503282275,54.17879417879419,4.078144078144092,7.274063188831742,-0.49737492625722407,-1.8791264651599104,1.5968740001889525,1.4189781525433773,-0.08897088569736719,-0.4724660826687775,-0.48933987133551954,-1.8791264651599104,1.5968740001889525,1.4097283440669042,-0.0966407896367954,-0.4724660826687775,3883325296,1097,33.402418999685324,133.54045800042513,63,63,63,2637611057,0,0,-42,0,201.14954599921475
10520.719300622,1890068650,404,404,2,0,4936,67.51568599975144,-48,63,-20.376647834274948,-99.83443708609272,95.53610503282275,54.17879417879419,4.078144078144092,7.274063188831742,-0.49737492625722407,-1.8791264651599104,1.5968740001889525,1.4189781525433773,-0.08897088569736719,-0.4724660826687775,-0.48933987133551954,-1.8791264651599104,1.5968740001889525,1.4097283440669042,-0.0966407896367954,-0.4724660826687775,3883325296,1097,33.402418999685324,133.54045800042513,63,63,63,2637611057,0,0,-42,0,201.14954599921475
10520.787671091,1890068650,404,404,2,0,4986,67.51568599975144,-48,63,-20.376647834274948,-99.83443708609272,95.53610503282275,54.17879417879419,4.078144078144092,7.274063188831742,-0.49737492625722407,-1.8791264651599104,1.5968740001889525,1.4189781525433773,-0.08897088569736719,-0.4724660826687775,-0.48933987133551954,-1.8791264651599104,1.5968740001889525,1.4097283440669042,-0.0966407896367954,-0.4724660826687775,3883325296,1097,33.402418999685324,133.54045800042513,63,63,63,2637611057,0,0,-42,0,201.14954599921475
10520.821889455,1890068650,404,404,2,0,5036,67.51568599975144,-48,63,-20.376647834274948,-99.83443708609272,95.53610503282275,54.17879417879419,4.078144078144092,7.274063188831742,-0.49737492625722407,-1.8791264651599104,1.5968740001889525,1.4189781525433773,-0.08897088569736719,-0.4724660826687775,-0.48933987133551954,-1.8791264651599104,1.5968740001889525,1.4097283440669042,-0.0966407896367954,-0.4724660826687775,3883325296,1097,33.402418999685324,133.54045800042513,63,63,63,2637611057,0,0,-42,0,201.14954599921475
10520.890482995,1890068650,404,404,2,0,5086,67.51568599975144,-48,63,-20.376647834274948,-99.83443708609272,95.53610503282275,54.17879417879419,4.078144078144092,7.274063188831742,-0.49737492625722407,-1.8791264651599104,1.5968740001889525,1.4189781525433773,-0.08897088569736719,-0.4724660826687775,-0.48933987133551954,-1.8791264651599104,1.5968740001889525,1.4097283440669042,-0.0966407896367954,-0.4724660826687775,3883325296,1097,33.402418999685324,133.54045800042513,63,63,63,2637611057,0,0,-42,0,201.14954599921475
10521.198020963,1890068650,404,404,2,0,5386,67.51568599975144,-45,63,-20.376647834274948,-99.83443708609272,95.53610503282275,54.17879417879419,4.078144078144092,7.274063188831742,-0.49737492625722407,-1.8791264651599104,1.5968740001889525,1.4189781525433773,-0.08897088569736719,-0.4724660826687775,-0.48933987133551954,-1.8791264651599104,1.5968740001889525,1.4097283440669042,-0.0966407896367954,-0.4724660826687775,3883325296,1097,33.402418999685324,133.54045800042513,63,63,63,2637611057,0,0,-42,0,201.14954599921475
10521.232203691,1890068650,404,404,2,0,5436,67.51568599975144,-45,63,-20.376647834274948,-99.83443708609272,95.53610503282275,54.17879417879419,4.078144078144092,7.274063188831742,-0.49737492625722407,-1.8791264651599104,1.5968740001889525,1.4189781525433773,-0.08897088569736719,-0.4724660826687775,-0.48933987133551954,-1.8791264651599104,1.5968740001889525,1.4097283440669042,-0.0966407896367954,-0.4724660826687775,3883325296,1097,33.402418999685324,133.54045800042513,63,63,63,2637611057,0,0,-42,0,201.14954599921475
10521.266584052,1890068650,404,404,2,0,5486,67.51568599975144,-45,63,-20.376647834274948,-99.83443708609272,95.53610503282275,54.17879417879419,4.078144078144092,7.274063188831742,-0.49737492625722407,-1.8791264651599104,1.5968740001889525,1.4189781525433773,-0.08897088569736719,-0.4724660826687775,-0.48933987133551954,-1.8791264651599104,1.5968740001889525,1.4097283440669042,-0.0966407896367954,-0.4724660826687775,3883325296,1097,33.402418999685324,133.54045800042513,63,63,63,2637611057,0,0,-42,0,201.14954599921475
10521.335063722,1890068650,404,404,2,0,5536,67.51568599975144,-45,63,-20.376647834274948,-99.83443708609272,95.53610503282275,54.17879417879419,4.078144078144092,7.274063188831742,-0.49737492625722407,-1.8791264651599104,1.5968740001889525,1.4189781525433773,-0.08897088569736719,-0.4724660826687775,-0.48933987133551954,-1.8791264651599104,1.5968740001889525,1.4097283440669042,-0.0966407896367954,-0.4724660826687775,3883325296,1097,33.402418999685324,133.54045800042513,63,63,63,2637611057,0,0,-42,0,201.14954599921475
10521.403345138,1890068650,404,404,2,0,5636,67.51568599975144,-45,63,-20.376647834274948,-99.83443708609272,95.53610503282275,54.17879417879419,4.078144078144092,7.274063188831742,-0.49737492625722407,-1.8791264651599104,1.5968740001889525,1.4189781525433773,-0.08897088569736719,-0.4724660826687775,-0.48933987133551954,-1.8791264651599104,1.5968740001889525,1.4097283440669042,-0.0966407896367954,-0.4724660826687775,3883325296,1097,33.402418999685324,133.54045800042513,63,63,63,2637611057,0,0,-42,0,201.14954599921475
10521.471571185,1890068650,404,404,2,0,5686,67.51568599975144,-45,63,-20.376647834274948,-99.83443708609272,95.53610503282275,54.17879417879419,4.078144078144092,7.274063188831742,-0.49737492625722407,-1.8791264651599104,1.5968740001889525,1.4189781525433773,-0.08897088569736719,-0.4724660826687775,-0.48933987133551954,-1.8791264651599104,1.5968740001889525,1.4097283440669042,-0.0966407896367954,-0.4724660826687775,3883325296,1097,33.402418999685324,133.54045800042513,63,63,63,2637611057,0,0,-42,0,201.14954599921475
10521.505776613,1890068650,404,404,2,0,5736,67.51568599975144,-45,63,-20.376647834274948,-99.83443708609272,95.53610503282275,54.17879417879419,4.078144078144092,7.274063188831742,-0.49737492625722407,-1.8791264651599104,1.5968740001889525,1.4189781525433773,-0.08897088569736719,-0.4724660826687775,-0.48933987133551954,-1.8791264651599104,1.5968740001889525,1.4097283440669042,-0.0966407896367954,-0.4724660826687775,3883325296,1097,33.402418999685324,133.54045800042513,63,63,63,2637611057,0,0,-42,0,201.14954599921475
10521.574080852,1890068650,404,404,2,0,5786,67.51568599975144,-45,63,-20.376647834274948,-99.83443708609272,95.53610503282275,54.17879417879419,4.078144078144092,7.274063188831742,-0.49737492625722407,-1.8791264651599104,1.5968740001889525,1.4189781525433773,-0.08897088569736719,-0.4724660826687775,-0.48933987133551954,-1.8791264651599104,1.5968740001889525,1.4097283440669042,-0.0966407896367954,-0.4724660826687775,3883325296,1097,33.402418999685324,133.54045800042513,63,63,63,2637611057,0,0,-42,0,201.14954599921475
10521.608264532,1890068650,404,404,2,0,5836,67.51568599975144,-45,63,-20.376647834274948,-99.83443708609272,95.53610503282275,54.17879417879419,4.078144078144092,7.274063188831742,-0.49737492625722407,-1.8791264651599104,1.5968740001889525,1.4189781525433773,-0.08897088569736719,-0.4724660826687775,-0.48933987133551954,-1.8791264651599104,1.5968740001889525,1.4097283440669042,-0.0966407896367954,-0.4724660826687775,3883325296,1097,33.402418999685324,133.54045800042513,63,63,63,2637611057,0,0,-42,0,201.14954599921475
10521.676628611,1890068650,404,404,2,0,5886,67.51568599975144,-45,63,-20.376647834274948,-99.83443708609272,95.53610503282275,54.17879417879419,4.078144078144092,7.274063188831742,-0.49737492625722407,-1.8791264651599104,1.5968740001889525,1.4189781525433773,-0.08897088569736719,-0.4724660826687775,-0.48933987133551954,-1.8791264651599104,1.5968740001889525,1.4097283440669042,-0.0966407896367954,-0.4724660826687775,3883325296,1097,33.402418999685324,133.54045800042513,63,63,63,2637611057,0,0,-42,0,201.14954599921475
10521.710768448,1890068650,404,404,2,0,5936,67.51568599975144,-45,63,-20.376647834274948,-99.83443708609272,95.53610503282275,54.17879417879419,4.078144078144092,7.274063188831742,-0.49737492625722407,-1.8791264651599104,1.5968740001889525,1.4189781525433773,-0.08897088569736719,-0.4724660826687775,-0.48933987133551954,-1.8791264651599104,1.5968740001889525,1.4097283440669042,-0.0966407896367954,-0.4724660826687775,3883325296,1097,33.402418999685324,133.54045800042513,63,63,63,2637611057,0,0,-42,0,201.14954599921475
10521.779384447,1890068650,404,404,2,0,5986,67.51568599975144,-45,63,-20.376647834274948,-99.83443708609272,95.53610503282275,54.17879417879419,4.078144078144092,7.274063188831742,-0.49737492625722407,-1.8791264651599104,1.5968740001889525,1.4189781525433773,-0.08897088569736719,-0.4724660826687775,-0.48933987133551954,-1.8791264651599104,1.5968740001889525,1.4097283440669042,-0.0966407896367954,-0.4724660826687775,3883325296,1097,33.402418999685324,133.54045800042513,63,63,63,2637611057,0,0,-42,0,201.14954599921475
10521.813735461,1890068650,404,404,2,0,6036,67.51568599975144,-45,63,-20.376647834274948,-99.83443708609272,95.53610503282275,54.17879417879419,4.078144078144092,7.274063188831742,-0.49737492625722407,-1.8791264651599104,1.5968740001889525,1.4189781525433773,-0.08897088569736719,-0.4724660826687775,-0.48933987133551954,-1.8791264651599104,1.5968740001889525,1.4097283440669042,-0.0966407896367954,-0.4724660826687775,3883325296,1097,33.402418999685324,133.54045800042513,63,63,63,2637611057,0,0,-42,0,201.14954599921475
10521.882287969,1890068650,404,404,2,0,6086,67.51568599975144,-45,63,-20.376647834274948,-99.83443708609272,95.53610503282275,54.17879417879419,4.078144078144092,7.274063188831742,-0.49737492625722407,-1.8791264651599104,1.5968740001889525,1.4189781525433773,-0.08897088569736719,-0.4724660826687775,-0.48933987133551954,-1.8791264651599104,1.5968740001889525,1.4097283440669042,-0.0966407896367954,-0.4724660826687775,3883325296,1097,33.402418999685324,133.54045800042513,63,63,63,2637611057,0,0,-42,0,201.14954599921475
10521.916530747,1890068650,404,404,2,0,6136,67.51568599975144,-45,63,-20.376647834274948,-99.83443708609272,95.53610503282275,54.17879417879419,4.078144078144092,7.274063188831742,-0.49737492625722407,-1.8791264651599104,1.5968740001889525,1.4189781525433773,-0.08897088569736719,-0.4724660826687775,-0.48933987133551954,-1.8791264651599104,1.5968740001889525,1.4097283440669042,-0.0966407896367954,-0.4724660826687775,3883325296,1097,33.402418999685324,133.54045800042513,63,63,63,2637611057,0,0,-42,0,201.14954599921475
10521.984917726,1890068650,404,404,2,0,6186,67.51568599975144,-45,63,-20.376647834274948,-99.83443708609272,95.53610503282275,54.17879417879419,4.078144078144092,7.274063188831742,-0.49737492625722407,-1.8791264651599104,1.5968740001889525,1.4189781525433773,-0.08897088569736719,-0.4724660826687775,-0.48933987133551954,-1.8791264651599104,1.5968740001889525,1.4097283440669042,-0.0966407896367954,-0.4724660826687775,3883325296,1097,33.402418999685324,133.54045800042513,63,63,63,2637611057,0,0,-42,0,201.14954599921475
10522.019132567,1890068650,404,404,2,0,6237,67.51568599975144,-45,63,-20.376647834274948,-99.83443708609272,95.53610503282275,54.17879417879419,4.078144078144092,7.274063188831742,-0.49737492625722407,-1.8791264651599104,1.5968740001889525,1.4189781525433773,-0.08897088569736719,-0.4724660826687775,-0.48933987133551954,-1.8791264651599104,1.5968740001889525,1.4097283440669042,-0.0966407896367954,-0.4724660826687775,3883325296,1097,33.402418999685324,133.54045800042513,63,63,63,2637611057,0,0,-42,0,201.14954599921475
10522.087489844,1890068650,404,404,2,0,6287,67.51568599975144,-45,63,-20.376647834274948,-99.83443708609272,95.53610503282275,54.17879417879419,4.078144078144092,7.274063188831742,-0.49737492625722407,-1.8791264651599104,1.5968740001889525,1.4189781525433773,-0.08897088569736719,-0.4724660826687775,-0.48933987133551954,-1.8791264651599104,1.5968740001889525,1.4097283440669042,-0.0966407896367954,-0.4724660826687775,3883325296,1097,33.402418999685324,133.54045800042513,63,63,63,2637611057,0,0,-42,0,201.14954599921475
10522.121613417,1890068650,404,404,2,0,6337,67.51568599975144,-45,63,-20.376647834274948,-99.83443708609272,95.53610503282275,54.17879417879419,4.078144078144092,7.274063188831742,-0.49737492625722407,-1.8791264651599104,1.5968740001889525,1.4189781525433773,-0.08897088569736719,-0.4724660826687775,-0.48933987133551954,-1.8791264651599104,1.5968740001889525,1.4097283440669042,-0.0966407896367954,-0.4724660826687775,3883325296,1097,33.402418999685324,133.54045800042513,63,63,63,2637611057,0,0,-42,0,201.14954599921475
10522.15570485,1890068650,404,404,2,0,6387,67.51568599975144,-40,63,-20.376647834274948,-99.83443708609272,95.53610503282275,54.17879417879419,4.078144078144092,7.274063188831742,-0.49737492625722407,-1.8791264651599104,1.5968740001889525,1.4189781525433773,-0.08897088569736719,-0.4724660826687775,-0.48933987133551954,-1.8791264651599104,1.5968740001889525,1.4097283440669042,-0.0966407896367954,-0.4724660826687775,3883325296,1097,33.402418999685324,133.54045800042513,63,63,63,2637611057,0,0,-42,0,201.14954599921475
10522.27161075,4235561352,2,1,1,0,45,81.28578099967854,-40,63,-20.376647834274948,-99.83443708609272,95.53610503282275,54.17879417879419,4.078144078144092,7.274063188831742,-0.49737492625722407,-1.8791264651599104,1.5968740001889525,1.4189781525433773,-0.08897088569736719,-0.4724660826687775,-0.48933987133551954,-1.8791264651599104,1.5968740001889525,1.4097283440669042,-0.0966407896367954,-0.4724660826687775,,,,,,,,,,,,,
10522.306026404,4235561352,3,3,1,0,11,33.55120199921657,-40,63,14.35028248587571,-99.83443708609272,95.44857768052518,54.17879417879419,4.078144078144092,7.274063188831742,0.14213675316269622,-1.8791264651599104,1.595324578894231,1.4189781525433773,-0.08897088569736719,-0.4724660826687775,-0.48933987133551954,-1.8791264651599104,1.5968740001889525,1.4097283440669042,-0.0966407896367954,-0.4724660826687775,196986971,8,,0.7559559999208432,63,63,63,2637611057,0,0,-36,1,34.37135899912391
10522.372416912,4235561352,5,4,1,0,31,66.0660489993461,-40,63,14.35028248587571,-99.83443708609272,95.44857768052518,54.17879417879419,4.078144078144092,7.274063188831742,0.14213675316269622,-1.8791264651599104,1.595324578894231,1.4189781525433773,-0.08897088569736719,-0.4724660826687775,-0.48933987133551954,-1.8791264651599104,1.5968740001889525,1.4097283440669042,-0.0966407896367954,-0.4724660826687775,196986971,10,34.14297899871599,0.45271900125953835,63,63,63,2637611057,0,0,-36,1,66.61888800044835
10522.439389998,4235561352,7,6,1,0,15,66.5671900005691,-40,63,14.35028248587571,-99.83443708609272,95.44857768052518,54.17879417879419,4.078144078144092,7.274063188831742,0.14213675316269622,-1.8791264651599104,1.595324578894231,1.4189781525433773,-0.08897088569736719,-0.4724660826687775,-0.48933987133551954,-1.8791264651599104,1.5968740001889525,1.4097283440669042,-0.0966407896367954,-0.4724660826687775,196986971,12,33.47954600030789,0.28521300009742845,63,63,63,2637611057,0,0,-36,1,66.93316800010507
10522.472668098,4235561352,8,7,1,0,31,66.20236700109672,-40,63,14.35028248587571,-99.83443708609272,95.44857768052518,54.17879417879419,4.078144078144092,7.274063188831742,0.14213675316269622,-1.8791264651599104,1.595324578894231,1.4189781525433773,-0.08897088569736719,-0.4724660826687775,-0.48933987133551954,-1.8791264651599104,1.5968740001889525,1.4097283440669042,-0.0966407896367954,-0.4724660826687775,196986971,14,33.4881859998859,0.38511099955940153,63,63,63,2637611057,0,0,-36,1,66.72308199995314
10522.505998039,4235561352,9,9,1,0,13,32.84848099974624,-40,63,14.35028248587571,-99.83443708609272,95.44857768052518,54.17879417879419,4.078144078144092,7.274063188831742,0.14213675316269622,-1.8791264651599104,1.595324578894231,1.4189781525433773,-0.08897088569736719,-0.4724660826687775,-0.4724660826687775,-1.8791264651599104,1.5968740001889525,1.4097283440669042,-0.0966407896367954,-0.4724660826687775,196986971,18,33.27799199905712,0.31793100060895085,63,63,63,2637611057,0,0,-36,1,33.28440400036925
10522.572660914,4235561352,11,10,1,0,27,66.17862900020555,-40,63,14.35028248587571,-99.83443708609272,95.44857768052518,54.17879417879419,4.078144078144092,7.274063188831742,0.14213675316269622,-1.8791264651599104,1.595324578894231,1.4189781525433773,-0.08897088569736719,-0.4724660826687775,-0.4479223900626072,-1.8791264651599104,1.5968740001889525,1.4097283440669042,-0.0966407896367954,-0.4724660826687775,196986971,20,33.3376220005448,0.3155720005452167,63,63,63,2637611057,0,0,-36,1,66.6096570002992
10522.639310754,4235561352,13,12,1,0,13,66.1838190007984,-40,63,14.35028248587571,-99.83443708609272,95.44857768052518,54.17879417879419,4.078144078144092,7.274063188831742,0.14213675316269622,-1.8791264651599104,1.595324578894231,1.4189781525433773,-0.08897088569736719,-0.4724660826687775,-0.4172427743048944,-1.8791264651599104,1.5968740001889525,1.4097283440669042,-0.0966407896367954,-0.4724660826687775,196986971,22,33.44439399916155,0.31156899967754725,63,63,63,2637611057,0,0,-36,1,66.60519400065823
10522.672600775,4235561352,14,13,1,0,27,66.15478200001235,-40,63,14.35028248587571,-99.83443708609272,95.44857768052518,54.17879417879419,4.078144078144092,7.274063188831742,0.14213675316269622,-1.8791264651599104,1.595324578894231,1.4189781525433773,-0.08897088569736719,-0.4724660826687775,-0.38809713933506723,-1.8791264651599104,1.5968740001889525,1.4097283440669042,-0.0966407896367954,-0.4724660826687775,196986971,23,33.22368999943137,0.383088001399301,63,63,63,2637611057,0,0,-36,1,66.67152500085649
10522.739049955,4235561352,16,15,1,0,13,65.96651899963035,-40,63,14.35028248587571,-99.83443708609272,95.44857768052518,54.17879417879419,4.078144078144092,7.274063188831742,0.14213675316269622,-1.8791264651599104,1.595324578894231,1.4189781525433773,-0.08897088569736719,-0.4724660826687775,-0.3528155812136975,-1.8791264651599104,1.5968740001889525,1.4097283440669042,-0.0966407896367954,-0.4724660826687775,196986971,28,33.289044000412105,0.3110710003966233,63,63,63,2637611057,0,0,-36,1,66.40519400025369
10522.77282726,4235561352,17,16,1,0,31,66.77236900031858,-40,63,14.35028248587571,-99.83443708609272,95.44857768052518,54.17879417879419,4.078144078144092,7.274063188831742,0.14213675316269622,-1.8791264651599104,1.595324578894231,1.4189781525433773,-0.08897088569736719,-0.4724660826687775,-0.3129320807286708,-1.8791264651599104,1.5968740001889525,1.4097283440669042,-0.0966407896367954,-0.4724660826687775,196986971,29,32.97459500026889,0.35440300052869134,63,63,63,2637611057,0,0,-36,1,67.20790399958787
10522.839333454,4235561352,19,18,1,0,13,65.91031199968711,-40,63,14.35028248587571,-99.83443708609272,95.44857768052518,54.17879417879419,4.078144078144092,7.274063188831742,0.14213675316269622,-1.8791264651599104,1.595324578894231,1.4189781525433773,-0.08897088569736719,-0.4724660826687775,-0.2715145994557585,-1.8791264651599104,1.5968740001889525,1.4097283440669042,-0.0966407896367954,-0.4724660826687775,196986971,33,33.98700599973381,0.2081420007016277,63,63,63,2637611057,0,0,-36,1,66.25691800036293
10522.872678557,4235561352,20,19,1,0,29,66.22210500063375,-40,63,14.35028248587571,-99.83443708609272,95.44857768052518,54.17879417879419,4.078144078144092,7.274063188831742,0.14213675316269622,-1.8791264651599104,1.595324578894231,1.4189781525433773,-0.08897088569736719,-0.4724660826687775,-0.2270291566070749,-1.8791264651599104,1.5968740001889525,1.4097283440669042,-0.0966407896367954,-0.4724660826687775,196986971,34,32.85661100017023,0.39090800055419095,63,63,63,2637611057,0,0,-36,1,66.74541000029421
10522.939331051,4235561352,22,21,1,0,13,66.17050600107177,-40,63,14.35028248587571,-99.83443708609272,95.44857768052518,54.17879417879419,4.078144078144092,7.274063188831742,0.14213675316269622,-1.8791264651599104,1.595324578894231,1.4189781525433773,-0.08897088569736719,-0.4724660826687775,-0.1825437137583913,-1.8791264651599104,1.5968740001889525,1.4097283440669042,-0.0966407896367954,-0.4724660826687775,196986971,38,33.34534899840946,0.3173650002281647,63,63,63,2637611057,0,0,-36,1,66.6059690011025
10522.972661516,4235561352,23,22,1,0,27,66.23617699915485,-40,63,14.35028248587571,-99.83443708609272,95.44857768052518,54.17879417879419,4.078144078144092,7.274063188831742,0.14213675316269622,-1.8791264651599104,1.595324578894231,1.4189781525433773,-0.08897088569736719,-0.4724660826687775,-0.13959225169759334,-1.8791264651599104,1.5968740001889525,1.4097283440669042,-0.0966407896367954,-0.4724660826687775,196986971,39,33.1912210003793,0.37431599957926665,63,63,63,2637611057,0,0,-36,1,66.74521300010383
10523.039348775,4235561352,25,24,1,0,13,66.20270300118136,-40,63,14.35028248587571,-99.83443708609272,95.44857768052518,54.17879417879419,4.078144078144092,7.274063188831742,0.14213675316269622,-1.8791264651599104,1.595324578894231,1.4189781525433773,-0.08897088569736719,-0.4724660826687775,-0.09050486648525283,-1.8791264651599104,1.5968740001889525,1.4097283440669042,-0.0966407896367954,-0.4724660826687775,196986971,43,33.33390700026939,0.31873900115897413,63,63,63,2637611057,0,0,-36,1,66.63930000104301
10523.072525651,4235561352,26,25,1,0,30,66.15446499927202,-40,63,14.35028248587571,-99.83443708609272,95.44857768052518,54.17879417879419,4.078144078144092,7.274063188831742,0.14213675316269622,-1.8791264651599104,1.595324578894231,1.4189781525433773,-0.08897088569736719,-0.4724660826687775,-0.044485442848683596,-1.8791264651599104,1.5968740001889525,1.4097283440669042,-0.0966407896367954,-0.4724660826687775,196986971,45,33.16439599984733,0.3772870004468132,63,63,63,2637611057,0,0,-36,1,66.65178000002925
10523.105701653,4235561352,27,27,1,0,13,32.687945998986834,-40,63,14.35028248587571,-99.83443708609272,95.44857768052518,54.17879417879419,4.078144078144092,7.274063188831742,0.14213675316269622,-1.8791264651599104,1.595324578894231,1.4189781525433773,-0.08897088569736719,-0.4724660826687775,-0.006135923151542565,-1.8791264651599104,1.5968740001889525,1.4097283440669042,-0.0966407896367954,-0.4724660826687775,196986971,48,33.17398699982732,0.33726599940564483,63,63,63,2637611057,0,0,-36,1,33.13169499961077
10523.172667188,4235561352,29,28,1,0,29,66.58179000078235,-40,63,14.35028248587571,-99.83443708609272,95.44857768052518,54.17879417879419,4.078144078144092,7.274063188831742,0.14213675316269622,-1.8791264651599104,1.595324578894231,1.4189781525433773,-0.08897088569736719,-0.4724660826687775,0.0337475773334841,-1.8791264651599104,1.5968740001889525,1.4097283440669042,-0.0966407896367954,-0.4724660826687775,196986971,49,33.16953099965758,0.28187000134494156,63,63,63,2637611057,0,0,-36,1,66.92769900109852
10523.205883908,4235561352,30,30,1,0,11,32.73393000017677,-40,63,14.35028248587571,-99.83443708609272,95.44857768052518,54.17879417879419,4.078144078144092,7.274063188831742,0.14213675316269622,-1.8791264651599104,1.595324578894231,1.4189781525433773,-0.08897088569736719,-0.4724660826687775,0.06442719309119693,-1.8791264651599104,1.5968740001889525,1.4097283440669042,-0.0966407896367954,-0.4724660826687775,196986971,53,33.45611900112999,0.31701099942438304,63,63,63,2637611057,0,0,-36,1,33.17026399963652
10523.272526021,4235561352,32,31,1,0,31,66.18501600132731,-40,63,14.35028248587571,-99.83443708609272,95.44857768052518,54.17879417879419,4.078144078144092,7.274063188831742,0.14213675316269622,-1.8791264651599104,1.595324578894231,1.4189781525433773,-0.08897088569736719,-0.4724660826687775,0.09203884727313846,-1.8791264651599104,1.5968740001889525,1.4097283440669042,-0.0966407896367954,-0.4724660826687775,196986971,55,33.21437399972638,0.31289800062950235,63,63,63,2637611057,0,0,-36,1,66.59800300076313
10523.305847442,4235561352,33,33,1,0,13,32.852861999344896,-40,63,14.27495291902072,-99.83443708609272,95.44857768052518,54.17879417879419,4.078144078144092,7.274063188831742,0.1407495260923711,-1.8791264651599104,1.595324578894231,1.4189781525433773,-0.08897088569736719,-0.4724660826687775,0.11044661672776616,-1.8791264651599104,1.5968740001889525,1.4097283440669042,-0.0966407896367954,-0.4724660826687775,196986971,58,33.59069200087106,0.30922099904273637,63,63,63,2637611057,0,0,-36,1,33.274461999099
10523.372432097,4235561352,35,34,1,0,29,66.1637499997596,-40,63,14.27495291902072,-99.83443708609272,95.44857768052518,54.17879417879419,4.078144078144092,7.274063188831742,0.1407495260923711,-1.8791264651599104,1.595324578894231,1.4189781525433773,-0.08897088569736719,-0.4724660826687775,0.1227184630308513,-1.8791264651599104,1.5968740001889525,1.4097283440669042,-0.0966407896367954,-0.4724660826687775,196986971,60,33.31434800020361,0.29503399855457246,63,63,63,2637611057,0,0,-36,1,66.5447689989378
10523.405878903,4235561352,36,36,1,0,13,33.03425900048751,-40,63,14.27495291902072,-99.83443708609272,95.44857768052518,54.17879417879419,4.078144078144092,7.274063188831742,0.1407495260923711,-1.8791264651599104,1.595324578894231,1.4189781525433773,-0.08897088569736719,-0.4724660826687775,0.12885438618239387,-1.8791264651599104,1.5968740001889525,1.4097283440669042,-0.0966407896367954,-0.4724660826687775,196986971,63,33.41390300010971,0.2876150010706624,63,63,63,2637611057,0,0,-40,1,33.404596000764286
10523.472812167,4235561352,38,37,1,0,31,66.63002499954018,-40,63,14.27495291902072,-99.83443708609272,95.44857768052518,54.17879417879419,4.078144078144092,7.274063188831742,0.1407495260923711,-1.8791264651599104,1.595324578894231,1.4189781525433773,-0.08897088569736719,-0.4724660826687775,0.13345632854605077,-1.8791264651599104,1.5968740001889525,1.4097283440669042,-0.0966407896367954,-0.4724660826687775,196986971,64,33.225037001102464,0.4028389994346071,63,63,63,2637611057,0,0,-40,1,67.11282299875165
10523.505868637,4235561352,39,39,1,0,13,32.55958299996564,-40,63,14.27495291902072,-99.83443708609272,95.44857768052518,54.17879417879419,4.078144078144092,7.274063188831742,0.1407495260923711,-1.8791264651599104,1.595324578894231,1.4189781525433773,-0.08897088569736719,-0.4724660826687775,0.1349903093339364,-1.8791264651599104,1.5968740001889525,1.4097283440669042,-0.0966407896367954,-0.4724660826687775,196986971,68,33.45414700015681,0.313409998852876,63,63,63,2637611057,0,0,-40,1,33.01132199885615
10523.572637212,4235561352,41,40,1,0,26,66.2846070008527,-40,63,14.27495291902072,-99.83443708609272,95.44857768052518,54.17879417879419,4.078144078144092,7.274063188831742,0.1407495260923711,-1.8791264651599104,1.595324578894231,1.4189781525433773,-0.08897088569736719,-0.4724660826687775,0.1349903093339364,-1.8791264651599104,1.5968740001889525,1.4097283440669042,-0.0966407896367954,-0.4724660826687775,196986971,70,33.058103999792365,0.31899699934001546,63,63,63,2637611057,0,0,-40,1,66.72179300039716
10523.606133712,4235561352,42,42,1,0,11,33.0212990011205,-40,63,14.27495291902072,-99.83443708609272,95.44857768052518,54.17879417879419,4.078144078144092,7.274063188831742,0.1407495260923711,-1.8791264651599104,1.595324578894231,1.4189781525433773,-0.08897088569736719,-0.4724660826687775,0.1349903093339364,-1.8791264651599104,1.5968740001889525,1.4097283440669042,-0.0966407896367954,-0.4724660826687775,196986971,73,66.7685119988164,0.3047220016014762,63,63,63,2637611057,0,0,-40,1,33.44978100176377
10523.672782564,4235561352,44,43,1,0,30,66.16471899906173,-40,63,14.27495291902072,-99.83443708609272,95.44857768052518,54.17879417879419,4.078144078144092,7.274063188831742,0.1407495260923711,-1.8791264651599104,1.595324578894231,1.4189781525433773,-0.08897088569736719,-0.4724660826687775,0.1349903093339364,-1.8791264651599104,1.5968740001889525,1.4097283440669042,-0.0966407896367954,-0.4724660826687775,196986971,75,33.49582600094436,0.3091590006079059,63,63,63,2637611057,0,0,-40,1,66.60280699907162
10523.739217505,4235561352,46,45,1,0,11,65.92494700089446,-40,63,14.27495291902072,-99.83443708609272,95.44857768052518,54.17879417879419,4.078144078144092,7.274063188831742,0.1407495260923711,-1.8791264651599104,1.595324578894231,1.4189781525433773,-0.08897088569736719,-0.4724660826687775,0.1349903093339364,-1.8791264651599104,1.5968740001889525,1.4097283440669042,-0.0966407896367954,-0.4724660826687775,196986971,78,33.4488690004946,0.3330210001877276,63,63,63,2637611057,0,0,-40,1,66.38831100099196
10523.772830385,4235561352,47,46,1,0,35,66.40743500065582,-40,63,14.27495291902072,-99.83443708609272,95.44857768052518,54.17879417879419,4.078144078144092,7.274063188831742,0.1407495260923711,-1.8791264651599104,1.595324578894231,1.4189781525433773,-0.08897088569736719,-0.4724660826687775,0.1349903093339364,-1.8791264651599104,1.5968740001889525,1.4097283440669042,-0.0966407896367954,-0.4724660826687775,196986971,79,33.08615800051484,0.3725019996636547,63,63,63,2637611057,0,0,-40,1,66.91503299953183
10523.806209227,4235561352,48,48,1,0,12,32.84650800014788,-40,63,14.27495291902072,-99.83443708609272,95.44857768052518,54.17879417879419,4.078144078144092,7.274063188831742,0.1407495260923711,-1.8791264651599104,1.595324578894231,1.4189781525433773,-0.08897088569736719,-0.4724660826687775,0.1349903093339364,-1.8791264651599104,1.5968740001889525,1.4097283440669042,-0.0966407896367954,-0.4724660826687775,196986971,83,33.61730600045121,0.3524370004015509,63,63,63,2637611057,0,0,-40,1,33.33341299912718
10523.906019453,4235561352,51,51,1,0,11,32.87278599964338,-40,63,14.19962335216573,-99.83443708609272,95.44857768052518,54.17879417879419,4.078144078144092,7.274063188831742,0.13936229902204597,-1.8791264651599104,1.595324578894231,1.4189781525433773,-0.08897088569736719,-0.4724660826687775,0.1349903093339364,-1.8791264651599104,1.5968740001889525,1.4097283440669042,-0.0966407896367954,-0.4724660826687775,196986971,86,33.12451400051941,33.585197999855154,63,63,63,2637611057,0,0,-40,1,66.63749499966798
10523.972658731,4235561352,53,52,1,0,29,66.16932900033135,-40,63,12.843691148775903,-99.83443708609272,95.44857768052518,54.17879417879419,4.078144078144092,7.274063188831742,0.11439221175619242,-1.8791264651599104,1.595324578894231,1.4189781525433773,-0.08897088569736719,-0.4724660826687775,0.1349903093339364,-1.8791264651599104,1.5968740001889525,1.4097283440669042,-0.0966407896367954,-0.4724660826687775,196986971,90,66.68422000075225,0.30870599948684685,63,63,63,2637611057,0,0,-40,1,66.5925529992819
10524.005844041,4235561352,54,54,1,0,11,32.7112719987781,-40,63,11.713747645951031,-99.83443708609272,95.44857768052518,54.17879417879419,4.078144078144092,7.274063188831742,0.09358380570131423,-1.8791264651599104,1.595324578894231,1.4189781525433773,-0.08897088569736719,-0.4724660826687775,0.1349903093339364,-1.8791264651599104,1.5968740001889525,1.4097283440669042,-0.0966407896367954,-0.4724660826687775,196986971,93,33.29372099869943,0.3200190003553871,63,63,63,2637611057,0,0,-40,1,33.140790999823366
10524.072676782,4235561352,56,55,1,0,26,66.39936200008378,-40,63,10.207156308851225,-99.83443708609272,95.44857768052518,54.17879417879419,4.078144078144092,7.274063188831742,0.06583926429480975,-1.8791264651599104,1.595324578894231,1.4189781525433773,-0.08897088569736719,-0.4724660826687775,0.13192234775816514,-1.8791264651599104,1.5968740001889525,1.4097283440669042,-0.0966407896367954,-0.4724660826687775,196986971,94,33.18048900109716,0.29856099899916444,63,63,63,2637611057,0,0,-40,1,66.79304299905198
10524.105850728,4235561352,57,57,1,0,13,32.754367999586975,-40,63,9.453860640301315,-99.83443708609272,95.44857768052518,54.17879417879419,4.078144078144092,7.274063188831742,0.051966993591557854,-1.8791264651599104,1.595324578894231,1.4189781525433773,-0.08897088569736719,-0.4724660826687775,0.11351457830353745,-1.8791264651599104,1.5968740001889525,1.4097283440669042,-0.0966407896367954,-0.4724660826687775,196986971,98,33.53612900173175,0.2980189983645687,63,63,63,2637611057,0,0,-40,1,33.13307699863799
10524.172719297,4235561352,59,58,1,0,31,66.46754399844212,-40,63,8.32391713747647,-99.83443708609272,95.44857768052518,54.17879417879419,4.078144078144092,7.274063188831742,0.031158587536679664,-1.8791264651599104,1.595324578894231,1.4189781525433773,-0.08897088569736719,-0.4724660826687775,0.09050486648525283,-1.8791264651599104,1.5968740001889525,1.4097283440669042,-0.0966407896367954,-0.4724660826687775,196986971,100,33.17285999946762,0.283246999970288,63,63,63,2637611057,0,0,-40,1,66.82878599895048
10524.206127177,4235561352,60,60,1,0,12,32.91150199947879,-40,63,7.871939736346519,-99.83443708609272,95.44857768052518,54.17879417879419,4.078144078144092,7.274063188831742,0.02283522511472825,-1.8791264651599104,1.595324578894231,1.4189781525433773,-0.08897088569736719,-0.4724660826687775,0.06902913545485385,-1.8791264651599104,1.5968740001889525,1.4097283440669042,-0.0966407896367954,-0.4724660826687775,196986971,103,33.36909099925833,0.3197740006726235,63,63,63,2637611057,0,0,-40,1,33.36155500073801
10524.27278961,4235561352,62,61,1,0,31,66.18103500113648,-40,63,7.193973634651599,-99.83443708609272,95.44857768052518,54.17879417879419,4.078144078144092,7.274063188831742,0.010350181481801472,-1.8791264651599104,1.595324578894231,1.4189781525433773,-0.08897088569736719,-0.4724660826687775,0.0521553467881118,-1.8791264651599104,1.5968740001889525,1.4097283440669042,-0.0966407896367954,-0.4724660826687775,196986971,104,33.40968900010921,0.30112200147414114,63,63,63,2637611057,0,0,-40,1,66.61429900123039
10524.305836926,4235561352,63,63,1,0,12,32.554641999013256,-40,63,6.666666666666671,-99.83443708609272,95.44857768052518,54.17879417879419,4.078144078144092,7.274063188831742,0.0006395919895249378,-1.8791264651599104,1.595324578894231,1.4189781525433773,-0.08897088569736719,-0.4724660826687775,0.03834951969714103,-1.8791264651599104,1.5968740001889525,1.4097283440669042,-0.0966407896367954,-0.4724660826687775,196986971,108,33.43357000085234,0.3155089998472249,63,63,63,2637611057,0,0,-40,1,33.00075399965863
10524.372580845,4235561352,65,64,1,0,30,66.27913699958299,-40,63,5.6873822975517925,-99.83443708609272,95.44857768052518,54.17879417879419,4.078144078144092,7.274063188831742,-0.017394359924702316,-1.8791264651599104,1.595324578894231,1.4189781525433773,-0.08897088569736719,-0.4724660826687775,0.0260776733940559,-1.8791264651599104,1.5968740001889525,1.4097283440669042,-0.0966407896367954,-0.4724660826687775,196986971,110,33.04550400025619,0.3089120000367984,63,63,63,2637611057,0,0,-40,1,66.69916899954842
10524.405828626,4235561352,66,66,1,0,13,32.79724500134762,-41,63,4.934086629001882,-99.83443708609272,95.44857768052518,54.17879417879419,4.078144078144092,7.274063188831742,-0.03126663062795456,-1.8791264651599104,1.595324578894231,1.4189781525433773,-0.08897088569736719,-0.4724660826687775,0.009203884727313847,-1.8791264651599104,1.5968740001889525,1.4097283440669042,-0.0966407896367954,-0.4724660826687775,196986971,113,33.56030400027521,0.2975370007334277,63,63,63,2637611057,0,0,-40,1,33.20613600044453
10524.472608407,4235561352,68,67,1,0,23,66.34097599999222,-41,63,3.804143126177024,-99.83443708609272,95.44857768052518,54.17879417879419,4.078144078144092,7.274063188831742,-0.052075036682832754,-1.8791264651599104,1.595324578894231,1.4189781525433773,-0.08897088569736719,-0.4724660826687775,-0.0030679615757712823,-1.8791264651599104,1.5968740001889525,1.4097283440669042,-0.0966407896367954,-0.4724660826687775,196986971,115,33.243305999349104,0.3204550012014806,63,63,63,2637611057,0,0,-40,1,66.74261100124568
10524.505870725,4235561352,69,69,1,0,12,32.7675709995674,-41,63,3.050847457627114,-99.83443708609272,95.44857768052518,54.17879417879419,4.078144078144092,7.274063188831742,-0.065947307386085,-1.8791264651599104,1.595324578894231,1.4189781525433773,-0.08897088569736719,-0.4724660826687775,-0.019941750242513337,-1.8791264651599104,1.5968740001889525,1.4097283440669042,-0.0966407896367954,-0.4724660826687775,196986971,118,33.139058999950066,0.31084399961400777,63,63,63,2637611057,0,0,-38,1,33.209562998308684
10524.572807633,4235561352,71,70,1,0,29,66.44977999894763,-41,63,1.9962335216572598,-99.83443708609272,95.44857768052518,54.17879417879419,4.078144078144092,7.274063188831742,-0.08536848637063738,-1.8791264651599104,1.595324578894231,1.4189781525433773,-0.08897088569736719,-0.4724660826687775,-0.035281558121369745,-1.8791264651599104,1.5968740001889525,1.4097283440669042,-0.0966407896367954,-0.4724660826687775,196986971,120,33.25486399990041,0.3255639985582093,63,63,63,2637611057,0,0,-38,1,66.89160699897911
10524.639407497,4235561352,73,72,1,0,13,66.10631900002772,-41,63,1.0922787193973704,-99.83443708609272,95.44857768052518,54.17879417879419,4.078144078144092,7.274063188831742,-0.1020152112145402,-1.8791264651599104,1.595324578894231,1.4189781525433773,-0.08897088569736719,-0.4724660826687775,-0.05522330836388308,-1.8791264651599104,1.5968740001889525,1.4097283440669042,-0.0966407896367954,-0.4724660826687775,196986971,123,33.48097199886979,0.31613000101060607,63,63,63,2637611057,0,0,-38,1,66.55402599972149
10524.672640012,4235561352,74,73,1,0,31,65.99955599995155,-41,63,0.6403013182674187,-99.83443708609272,95.44857768052518,54.17879417879419,4.078144078144092,7.274063188831742,-0.11033857363649127,-1.8791264651599104,1.595324578894231,1.4189781525433773,-0.08897088569736719,-0.4724660826687775,-0.07056311624273949,-1.8791264651599104,1.5968740001889525,1.4097283440669042,-0.0966407896367954,-0.4724660826687775,196986971,124,33.251083999857656,0.3875170004903339,63,63,63,2637611057,0,0,-38,1,66.53545700100949
10524.705856385,4235561352,75,75,1,0,11,32.73972399983904,-41,63,0.1883239171374811,-99.83443708609272,95.44857768052518,54.17879417879419,4.078144078144092,7.274063188831742,-0.11866193605844268,-1.8791264651599104,1.595324578894231,1.4189781525433773,-0.08897088569736719,-0.4724660826687775,-0.08436894333371027,-1.8791264651599104,1.5968740001889525,1.4097283440669042,-0.0966407896367954,-0.4724660826687775,196986971,128,33.23348100093426,0.30708299891557544,63,63,63,2637611057,0,0,-38,1,33.169618000101764
10524.772742168,4235561352,77,76,1,0,32,66.41619099900709,-41,63,-0.2636534839924707,-99.83443708609272,95.44857768052518,54.17879417879419,4.078144078144092,7.274063188831742,-0.1269852984803941,-1.8791264651599104,1.595324578894231,1.4189781525433773,-0.08897088569736719,-0.4724660826687775,-0.0966407896367954,-1.8791264651599104,1.5968740001889525,1.4097283440669042,-0.0966407896367954,-0.4724660826687775,196986971,130,33.2172990001709,0.31074799881025683,63,63,63,2637611057,0,0,-38,1,66.83810199865547
10524.839361198,4235561352,79,78,1,0,13,66.04609699934372,-41,63,-0.1883239171374811,-99.83443708609272,95.44857768052518,54.17879417879419,4.078144078144092,7.274063188831742,-0.12559807141006862,-1.8791264651599104,1.595324578894231,1.4189781525433773,-0.08897088569736719,-0.4724660826687775,-0.10891263593988053,-1.8791264651599104,1.5968740001889525,1.4097283440669042,-0.0966407896367954,-0.4724660826687775,196986971,133,33.65264199965168,0.37391499972727615,63,63,63,2637611057,0,0,-38,1,66.56878799913102
10524.872779549,4235561352,80,79,1,0,27,66.19536099969991,-41,63,-0.03766478342748769,-99.83443708609272,95.44857768052518,54.17879417879419,4.078144078144092,7.274063188831742,-0.12282361726941804,-1.8791264651599104,1.595324578894231,1.4189781525433773,-0.08897088569736719,-0.4724660826687775,-0.11658253987930872,-1.8791264651599104,1.5968740001889525,1.4097283440669042,-0.0966407896367954,-0.4724660826687775,196986971,134,33.343488999889814,0.31710400071460754,63,63,63,2637611057,0,0,-38,1,66.64364999960526
10524.939491972,4235561352,82,81,1,0,13,66.21564399938507,-41,63,0.1883239171374811,-99.83443708609272,95.44857768052518,54.17879417879419,4.029304029304043,7.274063188831742,-0.11866193605844268,-1.8791264651599104,1.595324578894231,1.4189781525433773,-0.09050486648525283,-0.4724660826687775,-0.11965050145508001,-1.8791264651599104,1.5968740001889525,1.4097283440669042,-0.0966407896367954,-0.4724660826687775,196986971,138,33.403983999960474,0.3209469996363623,63,63,63,2637611057,0,0,-38,1,66.66695700005221
10524.972782792,4235561352,83,82,1,0,31,66.1815919993387,-41,63,0.1883239171374811,-99.83443708609272,95.44857768052518,54.0956340956341,3.7362637362637514,7.274063188831742,-0.11866193605844268,-1.8791264651599104,1.595324578894231,1.4174365177972985,-0.09970875121256667,-0.4724660826687775,-0.11965050145508001,-1.8791264651599104,1.5968740001889525,1.4097283440669042,-0.0966407896367954,-0.4724660826687775,196986971,139,33.24899000108417,0.37754999902972486,63,63,63,2637611057,0,0,-38,1,66.70878699878813
10525.005992691,4235561352,84,84,1,0,13,32.68417999970552,-41,63,0.2636534839924707,-99.83443708609272,95.44857768052518,54.01247401247403,3.7362637362637514,7.274063188831742,-0.11727470898811722,-1.8791264651599104,1.595324578894231,1.41589488305122,-0.09970875121256667,-0.4724660826687775,-0.11965050145508001,-1.8791264651599104,1.5968740001889525,1.4097283440669042,-0.0966407896367954,-0.4724660826687775,196986971,143,33.290556000793,0.3500699986034306,63,63,63,2637611057,0,0,-38,1,33.165004999318626
10525.072811971,4235561352,86,85,1,0,31,66.3371789996745,-41,63,0.41431261770243566,-99.83443708609272,95.44857768052518,54.01247401247403,3.7362637362637514,7.274063188831742,-0.11450025484746733,-1.8791264651599104,1.595324578894231,1.41589488305122,-0.09970875121256667,-0.4724660826687775,-0.11965050145508001,-1.8791264651599104,1.5968740001889525,1.4097283440669042,-0.0966407896367954,-0.4724660826687775,196986971,144,33.21852699991723,0.31572899933962617,63,63,63,2637611057,0,0,-38,1,66.76575799974671
10525.139474866,4235561352,88,87,1,0,11,66.16298200060555,-41,63,0.4896421845574537,-99.83443708609272,95.44857768052518,54.01247401247403,3.6874236874237027,7.274063188831742,-0.11311302777714151,-1.8791264651599104,1.595324578894231,1.41589488305122,-0.10124273200045232,-0.4724660826687775,-0.11965050145508001,-1.8791264651599104,1.5968740001889525,1.4097283440669042,-0.0966407896367954,-0.4724660826687775,196986971,147,33.465788001194596,0.3191839987266576,63,63,63,2637611057,0,0,-38,1,66.61628199981351
10525.17265508,4235561352,89,88,1,0,13,66.07594500019331,-41,63,0.4896421845574537,-99.83443708609272,95.44857768052518,54.01247401247403,3.6874236874237027,7.274063188831742,-0.11311302777714151,-1.8791264651599104,1.595324578894231,1.41589488305122,-0.10124273200045232,-0.4724660826687775,-0.11965050145508001,-1.8791264651599104,1.5968740001889525,1.4097283440669042,-0.0966407896367954,-0.4724660826687775,196986971,149,33.19989599913242,0.3732090008270461,63,63,63,2637611057,0,0,-38,1,66.59659999968426
10525.205981314,4235561352,90,90,1,0,8,32.861966001291876,-41,63,1.2429378531073354,-99.83443708609272,95.44857768052518,53.929313929313935,3.6874236874237027,7.274063188831742,-0.09924075707388996,-1.8791264651599104,1.595324578894231,1.414353248305141,-0.10124273200045232,-0.4724660826687775,-0.11965050145508001,-1.8791264651599104,1.5968740001889525,1.4097283440669042,-0.0966407896367954,-0.4724660826687775,196986971,153,66.64287500097998,0.2977149997605011,63,63,63,2637611057,0,0,-38,1,33.279958999628434
10525.272781811,4235561352,92,91,1,0,29,66.32216199977847,-41,63,2.8248587570621595,-99.83443708609272,95.44857768052518,53.929313929313935,3.6874236874237027,7.274063188831742,-0.07010898859706036,-1.8791264651599104,1.595324578894231,1.414353248305141,-0.10124273200045232,-0.4724660826687775,-0.11965050145508001,-1.8791264651599104,1.5968740001889525,1.4097283440669042,-0.0966407896367954,-0.4724660826687775,196986971,154,33.33158299938077,0.31144700005825143,63,63,63,2637611057,0,0,-38,1,66.74887299959664
10525.306003884,4235561352,93,93,1,0,11,32.730573999288026,-41,63,3.4274952919020762,-99.83443708609272,95.44857768052518,53.929313929313935,3.6874236874237027,7.274063188831742,-0.0590111720344587,-1.8791264651599104,1.595324578894231,1.414353248305141,-0.10124273200045232,-0.4724660826687775,-0.11811652066719437,-1.8791264651599104,1.5968740001889525,1.4097283440669042,-0.0966407896367954,-0.4724660826687775,196986971,157,33.570106999832205,0.3163310011586873,63,63,63,2637611057,0,0,-38,1,33.17696900012379
10525.372593792,4235561352,95,94,1,0,23,66.12455600043177,-41,63,5.8380414312617575,-99.83443708609272,95.44857768052518,53.929313929313935,3.6874236874237027,7.274063188831742,-0.014619905784052426,-1.8791264651599104,1.595324578894231,1.414353248305141,-0.10124273200045232,-0.4724660826687775,-0.09817477042468103,-1.8791264651599104,1.5968740001889525,1.4097283440669042,-0.0966407896367954,-0.4724660826687775,196986971,160,33.22336000019277,0.3064219999941997,63,63,63,2637611057,0,0,-38,1,66.54351700126426
10525.439489393,4235561352,97,96,1,0,13,66.45788100104255,-41,63,7.118644067796609,-99.83443708609272,95.44857768052518,53.929313929313935,3.6874236874237027,7.274063188831742,0.008962954411476353,-1.8791264651599104,1.595324578894231,1.414353248305141,-0.10124273200045232,-0.4724660826687775,-0.07516505860639641,-1.8791264651599104,1.5968740001889525,1.4097283440669042,-0.0966407896367954,-0.4724660826687775,196986971,162,33.29753499929211,0.30349100052262656,63,63,63,2637611057,0,0,-38,1,66.85383200056094
10525.472856146,4235561352,98,97,1,0,27,66.55123500058835,-41,63,7.871939736346519,-99.83443708609272,95.44857768052518,53.929313929313935,3.6874236874237027,7.274063188831742,0.02283522511472825,-1.8791264651599104,1.595324578894231,1.414353248305141,-0.10124273200045232,-0.4724660826687775,-0.047553404424454875,-1.8791264651599104,1.5968740001889525,1.4097283440669042,-0.0966407896367954,-0.4724660826687775,196986971,164,33.275522000622004,0.3143499998259358,63,63,63,2637611057,0,0,-38,1,66.9450629993662
10525.539420527,4235561352,100,99,1,0,13,65.98840500009828,-44,63,8.625235404896415,-99.83443708609272,95.44857768052518,53.929313929313935,3.6874236874237027,7.274063188831742,0.03670749581798014,-1.8791264651599104,1.595324578894231,1.414353248305141,-0.10124273200045232,-0.4724660826687775,-0.0260776733940559,-1.8791264651599104,1.5968740001889525,1.4097283440669042,-0.0966407896367954,-0.4724660826687775,196986971,167,33.353757000440964,0.33919899942702614,63,63,63,2637611057,0,0,-38,1,66.51185299961071
10525.572870696,4235561352,101,100,1,0,25,66.39285699930042,-44,63,8.851224105461398,-99.83443708609272,95.44857768052518,53.929313929313935,3.6874236874237027,7.274063188831742,0.0408691770289562,-1.8791264651599104,1.595324578894231,1.414353248305141,-0.10124273200045232,-0.4724660826687775,-0.0030679615757712823,-1.8791264651599104,1.5968740001889525,1.4097283440669042,-0.0966407896367954,-0.4724660826687775,196986971,169,33.130870999229955,0.3231899991078535,63,63,63,2637611057,0,0,-38,1,66.83115099986026
10525.606141845,4235561352,102,102,1,0,11,32.762240000010934,-44,63,9.001883239171377,-99.83443708609272,95.44857768052518,53.929313929313935,3.6874236874237027,7.274063188831742,0.043643631169606435,-1.8791264651599104,1.595324578894231,1.414353248305141,-0.10124273200045232,-0.4724660826687775,0.01227184630308513,-1.8791264651599104,1.5968740001889525,1.4097283440669042,-0.0966407896367954,-0.4724660826687775,196986971,173,33.443438000176684,0.3264919996581739,63,63,63,2637611057,0,0,-40,1,33.221067000340554
10525.672842118,4235561352,104,103,1,0,29,66.21174599968072,-44,63,8.775894538606408,-99.83443708609272,95.44857768052518,53.929313929313935,3.6874236874237027,7.274063188831742,0.03948194995863108,-1.8791264651599104,1.595324578894231,1.414353248305141,-0.10124273200045232,-0.4724660826687775,0.02454369260617026,-1.8791264651599104,1.5968740001889525,1.4097283440669042,-0.0966407896367954,-0.4724660826687775,196986971,175,33.26743700017687,0.3095899992331397,63,63,63,2637611057,0,0,-40,1,66.6539029989508
10525.70624869,4235561352,105,105,1,0,3,32.908361999943736,-44,63,8.39924670433146,-99.83443708609272,95.44857768052518,53.929313929313935,3.6874236874237027,7.274063188831742,0.032545814607004786,-1.8791264651599104,1.595324578894231,1.414353248305141,-0.10124273200045232,-0.4724660826687775,0.030679615757712823,-1.8791264651599104,1.5968740001889525,1.4097283440669042,-0.0966407896367954,-0.4724660826687775,196986971,178,33.51578900037566,0.3209930000593886,63,63,63,2637611057,0,0,-40,1,33.35976199923607
10525.772833881,4235561352,107,106,1,0,21,66.24623199968482,-44,63,8.39924670433146,-99.83443708609272,95.44857768052518,54.0956340956341,4.029304029304043,7.274063188831742,0.032545814607004786,-1.8791264651599104,1.595324578894231,1.4174365177972985,-0.09050486648525283,-0.4724660826687775,0.030679615757712823,-1.8791264651599104,1.5968740001889525,1.4097283440669042,-0.0966407896367954,-0.4724660826687775,196986971,180,33.146210998893366,0.44368700037011877,63,63,63,2637611057,0,0,-40,1,66.79874200017366
10525.806138492,4235561352,108,108,1,0,9,32.78845299973909,-44,63,8.248587570621481,-99.83443708609272,95.44857768052518,54.17879417879419,4.029304029304043,7.274063188831742,0.029771360466354545,-1.8791264651599104,1.595324578894231,1.4189781525433773,-0.09050486648525283,-0.4724660826687775,0.030679615757712823,-1.8791264651599104,1.5968740001889525,1.4097283440669042,-0.0966407896367954,-0.4724660826687775,196986971,183,33.49521299969638,0.34429699917382095,63,63,63,2637611057,0,0,-40,1,33.25992200007022
10525.872774584,4235561352,110,109,1,0,30,66.16846200086002,-44,63,8.173258003766477,-99.83443708609272,95.44857768052518,54.17879417879419,4.078144078144092,7.274063188831742,0.028384133396029423,-1.8791264651599104,1.595324578894231,1.4189781525433773,-0.08897088569736719,-0.4724660826687775,0.030679615757712823,-1.8791264651599104,1.5968740001889525,1.4097283440669042,-0.0966407896367954,-0.4724660826687775,196986971,185,33.30444899984286,0.3107150005234871,63,63,63,2637611057,0,0,-40,1,66.59156500063546
10525.906191889,4235561352,111,111,1,0,11,32.91469599935226,-44,63,8.097928436911488,-99.83443708609272,95.44857768052518,54.17879417879419,4.078144078144092,7.274063188831742,0.026996906325704305,-1.8791264651599104,1.595324578894231,1.4189781525433773,-0.08897088569736719,-0.4724660826687775,0.030679615757712823,-1.8791264651599104,1.5968740001889525,1.4097283440669042,-0.0966407896367954,-0.4724660826687775,196986971,188,33.56263099885837,0.3214509997633286,63,63,63,2637611057,0,0,-40,1,33.369626000421704
10525.97266292,4235561352,113,112,1,0,30,66.09810599911725,-44,63,7.344632768361592,-99.83443708609272,95.44857768052518,54.17879417879419,4.078144078144092,7.274063188831742,0.01312463562245241,-1.8791264651599104,1.595324578894231,1.4189781525433773,-0.08897088569736719,-0.4724660826687775,0.030679615757712823,-1.8791264651599104,1.5968740001889525,1.4097283440669042,-0.0966407896367954,-0.4724660826687775,196986971,190,33.41717799958133,0.207804001547629,63,63,63,2637611057,0,0,-40,1,66.42347900015011
10526.005826634,4235561352,114,114,1,0,4,32.697241000278154,-44,63,6.440677966101703,-99.83443708609272,95.44857768052518,54.17879417879419,4.078144078144092,7.274063188831742,-0.0035220892214504213,-1.8791264651599104,1.595324578894231,1.4189781525433773,-0.08897088569736719,-0.4724660826687775,0.030679615757712823,-1.8791264651599104,1.5968740001889525,1.4097283440669042,-0.0966407896367954,-0.4724660826687775,196986971,193,33.318664000034914,0.31346099967777263,63,63,63,2637611057,0,0,-40,1,33.11835900058213
10526.072500006,4235561352,116,115,1,0,30,66.24319999900763,-44,63,5.009416195856858,-99.83443708609272,95.44857768052518,54.17879417879419,4.078144078144092,7.274063188831742,-0.02987940355762979,-1.8791264651599104,1.595324578894231,1.4189781525433773,-0.08897088569736719,-0.4724660826687775,0.02914563496982718,-1.8791264651599104,1.5968740001889525,1.4097283440669042,-0.0966407896367954,-0.4724660826687775,196986971,194,33.15624800052319,0.3095299998676637,63,63,63,2637611057,0,0,-40,1,66.63548299911781
10526.105798948,4235561352,117,116,1,0,40,66.21086199993442,-44,63,4.55743879472692,-99.83443708609272,95.44857768052518,54.17879417879419,4.078144078144092,7.274063188831742,-0.038202765979580854,-1.8791264651599104,1.595324578894231,1.4189781525433773,-0.08897088569736719,-0.4724660826687775,0.015339807878856412,-1.8791264651599104,1.5968740001889525,1.4097283440669042,-0.0966407896367954,-0.4724660826687775,196986971,196,33.299377999355784,0.34855800004152115,63,63,63,2637611057,0,0,-40,1,66.63504700009071
10526.172487277,4235561352,119,118,1,0,29,66.30583799960732,-44,63,2.900188323917135,-99.83443708609272,95.44857768052518,54.17879417879419,4.078144078144092,7.274063188831742,-0.06872176152673523,-1.8791264651599104,1.595324578894231,1.4189781525433773,-0.08897088569736719,-0.4724660826687775,-0.0015339807878856412,-1.8791264651599104,1.5968740001889525,1.4097283440669042,-0.0966407896367954,-0.4724660826687775,196986971,200,33.297432000836125,0.27492600020195823,63,63,63,2637611057,0,0,-40,1,66.64962699869648
10526.239156808,4235561352,121,120,1,0,9,66.29104199964786,-44,63,1.7702448210922768,-99.83443708609272,95.44857768052518,54.17879417879419,4.078144078144092,7.274063188831742,-0.08953016758161343,-1.8791264651599104,1.595324578894231,1.4189781525433773,-0.08897088569736719,-0.4724660826687775,-0.023009711818284616,-1.8791264651599104,1.5968740001889525,1.4097283440669042,-0.0966407896367954,-0.4724660826687775,196986971,203,33.41094899951713,0.26862300001084805,63,63,63,2637611057,0,0,-40,1,66.63075500000559
10526.305913281,4235561352,123,121,1,0,29,99.81058499943174,-44,63,0.8662900188323874,-99.83443708609272,95.44857768052518,54.17879417879419,4.078144078144092,7.274063188831742,-0.10617689242551591,-1.8791264651599104,1.595324578894231,1.4189781525433773,-0.08897088569736719,-0.4724660826687775,-0.044485442848683596,-1.8791264651599104,1.5968740001889525,1.4097283440669042,-0.0966407896367954,-0.4724660826687775,196986971,204,33.15552499952901,0.34593599957588594,63,63,63,2637611057,0,0,-40,1,100.23170299973572
10526.339435588,4235561352,124,123,1,0,7,66.40367299951322,-44,63,-0.48964218455743946,-99.83443708609272,95.44857768052518,54.17879417879419,4.078144078144092,7.274063188831742,-0.13114697969136946,-1.8791264651599104,1.595324578894231,1.4189781525433773,-0.08897088569736719,-0.4724660826687775,-0.06442719309119693,-1.8791264651599104,1.5968740001889525,1.4097283440669042,-0.0966407896367954,-0.4724660826687775,196986971,206,33.51375199963513,33.667499001239776,63,63,63,2637611057,0,0,-40,1,100.24025799975789
10526.405794766,4235561352,126,126,1,0,4,32.930315001067356,-44,63,-1.8455743879472664,-99.83443708609272,95.44857768052518,54.26195426195426,4.078144078144092,7.274063188831742,-0.15611706695722335,-1.8791264651599104,1.595324578894231,1.420519787289456,-0.08897088569736719,-0.4724660826687775,-0.0966407896367954,-1.8791264651599104,1.5968740001889525,1.4097283440669042,-0.0966407896367954,-0.4724660826687775,196986971,212,32.92645100009395,0.3600489999371348,63,63,63,2637611057,0,0,-40,1,33.38534400063509
10526.472768555,4235561352,128,127,1,0,29,66.54299500041816,-44,63,-3.7288135593220346,-99.83443708609272,95.44857768052518,54.26195426195426,4.078144078144092,7.274063188831742,-0.19079774371535344,-1.8791264651599104,1.595324578894231,1.420519787289456,-0.08897088569736719,-0.4724660826687775,-0.11965050145508001,-1.8791264651599104,1.5968740001889525,1.4097283440669042,-0.0966407896367954,-0.4724660826687775,196986971,215,33.42583400080912,0.30320299993036315,63,63,63,2637611057,0,0,-40,1,66.93329900008393
10526.539405467,4235561352,130,129,1,0,7,66.1653249990195,-44,63,-5.235404896421841,-99.83443708609272,95.44857768052518,54.26195426195426,4.078144078144092,7.274063188831742,-0.21854228512185758,-1.8791264651599104,1.595324578894231,1.420519787289456,-0.08897088569736719,-0.4724660826687775,-0.13959225169759334,-1.8791264651599104,1.5968740001889525,1.4097283440669042,-0.0966407896367954,-0.4724660826687775,196986971,218,33.520064998810994,0.30340600096678827,63,63,63,2637611057,0,0,-40,1,66.59224000031827
10526.57277833,4235561352,131,130,1,0,17,66.04357700052788,-44,63,-6.290018832391709,-99.83443708609272,95.44857768052518,54.26195426195426,4.078144078144092,7.274063188831742,-0.2379634641064103,-1.8791264651599104,1.595324578894231,1.420519787289456,-0.08897088569736719,-0.4724660826687775,-0.1641359443037636,-1.8791264651599104,1.5968740001889525,1.4097283440669042,-0.0966407896367954,-0.4724660826687775,196986971,219,33.44930900129839,0.3295859987701988,63,63,63,2637611057,0,0,-40,1,66.51579400022456
10526.639455623,4235561352,133,132,1,0,13,66.19311699978425,-44,63,-7.871939736346505,-99.83443708609272,95.44857768052518,54.26195426195426,4.078144078144092,7.274063188831742,-0.2670952325832396,-1.8791264651599104,1.595324578894231,1.420519787289456,-0.08897088569736719,-0.4724660826687775,-0.18714565612204823,-1.8791264651599104,1.5968740001889525,1.4097283440669042,-0.0966407896367954,-0.4724660826687775,196986971,223,33.36058799868624,0.31086000126379076,63,63,63,2637611057,0,0,-40,1,66.63207700148632
10526.672770621,4235561352,134,133,1,0,25,66.1339529997349,-49,63,-8.39924670433146,-99.83443708609272,95.44857768052518,54.26195426195426,4.078144078144092,7.274063188831742,-0.27680582207551646,-1.8791264651599104,1.595324578894231,1.420519787289456,-0.08897088569736719,-0.4724660826687775,-0.20708740636456155,-1.8791264651599104,1.5968740001889525,1.4097283440669042,-0.0966407896367954,-0.4724660826687775,196986971,224,33.27964300115127,0.37983499896654394,63,63,63,2637611057,0,0,-40,1,66.66743200003111
10526.739457176,4235561352,136,135,1,0,11,66.18354300007923,-49,63,-10.056497175141246,-99.83443708609272,95.44857768052518,54.26195426195426,4.078144078144092,7.274063188831742,-0.30732481762267083,-1.8791264651599104,1.595324578894231,1.420519787289456,-0.08897088569736719,-0.4724660826687775,-0.23776702212227438,-1.8791264651599104,1.5968740001889525,1.4097283440669042,-0.0966407896367954,-0.4724660826687775,196986971,227,33.31704599986551,0.32209500022872817,63,63,63,2637611057,0,0,-41,1,66.6372819996468
10526.772814247,4235561352,137,136,1,0,27,66.24937500055239,-49,63,-10.357815442561204,-99.83443708609272,95.44857768052518,54.26195426195426,4.078144078144092,7.274063188831742,-0.31287372590397167,-1.8791264651599104,1.595324578894231,1.420519787289456,-0.08897088569736719,-0.4724660826687775,-0.25770877236478773,-1.8791264651599104,1.5968740001889525,1.4097283440669042,-0.0966407896367954,-0.4724660826687775,196986971,229,33.2249729999603,0.37231399983284064,63,63,63,2637611057,0,0,-41,1,66.76938000055088
10526.839527926,4235561352,139,138,1,0,7,66.21582800107717,-49,63,-10.659133709981177,-99.83443708609272,95.44857768052518,54.26195426195426,4.078144078144092,7.274063188831742,-0.3184226341852725,-1.8791264651599104,1.595324578894231,1.420519787289456,-0.08897088569736719,-0.4724660826687775,-0.2715145994557585,-1.8791264651599104,1.5968740001889525,1.4097283440669042,-0.0966407896367954,-0.4724660826687775,196986971,232,33.35788799995498,0.3212289993825834,63,63,63,2637611057,0,0,-41,1,66.66691499958688
10526.872622509,4235561352,140,139,1,0,34,66.08200099981332,-49,63,-10.659133709981177,-99.83443708609272,95.44857768052518,54.26195426195426,4.078144078144092,7.274063188831742,-0.3184226341852725,-1.8791264651599104,1.595324578894231,1.420519787289456,-0.08897088569736719,-0.4724660826687775,-0.29299033048615747,-1.8791264651599104,1.5968740001889525,1.4097283440669042,-0.0966407896367954,-0.4724660826687775,196986971,234,33.16277399972023,0.37096899905009195,63,63,63,2637611057,0,0,-41,1,66.59872399904998
10526.939502527,4235561352,142,141,1,0,7,66.36841100043966,-49,63,-10.583804143126173,-99.83443708609272,95.44857768052518,54.26195426195426,3.7851037851038,7.274063188831742,-0.317035407114947,-1.8791264651599104,1.595324578894231,1.420519787289456,-0.09817477042468103,-0.4724660826687775,-0.3052621767892426,-1.8791264651599104,1.5968740001889525,1.4097283440669042,-0.0966407896367954,-0.4724660826687775,196986971,237,33.09158800038858,0.34076100018864963,63,63,63,2637611057,0,0,-41,1,66.8346130005375
10527.00610695,4235561352,144,144,1,0,7,33.165802000439726,-49,63,-10.583804143126173,-99.83443708609272,95.44857768052518,54.26195426195426,3.7362637362637514,7.274063188831742,-0.317035407114947,-1.8791264651599104,1.595324578894231,1.420519787289456,-0.09970875121256667,-0.4724660826687775,-0.31139809994078516,-1.8791264651599104,1.5968740001889525,1.4097283440669042,-0.0966407896367954,-0.4724660826687775,196986971,241,33.500814000944956,33.28944699933345,63,63,63,2637611057,0,0,-41,1,66.55618500008131
10527.072795344,4235561352,146,145,1,0,29,66.17847400048049,-49,63,-10.508474576271183,-99.83443708609272,95.44857768052518,54.26195426195426,3.7362637362637514,7.274063188831742,-0.3156481800446219,-1.8791264651599104,1.595324578894231,1.420519787289456,-0.09970875121256667,-0.4724660826687775,-0.3129320807286708,-1.8791264651599104,1.5968740001889525,1.4097283440669042,-0.0966407896367954,-0.4724660826687775,196986971,245,66.6011499997694,0.331121998897288,63,63,63,2637611057,0,0,-41,1,66.64342899966869
10527.139504077,4235561352,148,147,1,0,11,66.21275600082299,-49,63,-10.433145009416194,-99.83443708609272,95.44857768052518,54.26195426195426,3.7362637362637514,7.274063188831742,-0.3142609529742968,-1.8791264651599104,1.595324578894231,1.420519787289456,-0.09970875121256667,-0.4724660826687775,-0.3129320807286708,-1.8791264651599104,1.5968740001889525,1.4097283440669042,-0.0966407896367954,-0.4724660826687775,196986971,248,33.48172699952556,0.3176990012434544,63,63,63,2637611057,0,0,-41,1,66.66061500072828
10527.172863129,4235561352,149,148,1,0,21,66.30925100034801,-49,63,-10.433145009416194,-99.83443708609272,95.44857768052518,54.26195426195426,3.7362637362637514,7.274063188831742,-0.3142609529742968,-1.8791264651599104,1.595324578894231,1.420519787289456,-0.09970875121256667,-0.4724660826687775,-0.3129320807286708,-1.8791264651599104,1.5968740001889525,1.4097283440669042,-0.0966407896367954,-0.4724660826687775,196986971,249,33.199530000274535,0.36794200059375726,63,63,63,2637611057,0,0,-41,1,66.82013700083189
10527.206116394,4235561352,150,150,1,0,3,32.74554000017815,-49,63,-10.056497175141246,-99.83443708609272,95.44857768052518,54.0956340956341,3.6874236874237027,7.274063188831742,-0.30732481762267083,-1.8791264651599104,1.595324578894231,1.4174365177972985,-0.10124273200045232,-0.4724660826687775,-0.3129320807286708,-1.8791264651599104,1.5968740001889525,1.4097283440669042,-0.0966407896367954,-0.4724660826687775,196986971,253,33.36013400075899,0.32367299900215585,63,63,63,2637611057,0,0,-41,1,33.20377899945015
10527.272862095,4235561352,152,151,1,0,22,66.25843099936901,-49,63,-8.62523540489643,-99.83443708609272,95.44857768052518,54.01247401247403,3.6874236874237027,7.274063188831742,-0.2809675032864918,-1.8791264651599104,1.595324578894231,1.41589488305122,-0.10124273200045232,-0.4724660826687775,-0.3129320807286708,-1.8791264651599104,1.5968740001889525,1.4097283440669042,-0.0966407896367954,-0.4724660826687775,196986971,254,33.2500299991807,0.3073540010518627,63,63,63,2637611057,0,0,-41,1,66.69945000066946
10527.306055584,4235561352,153,152,1,0,40,66.16268899961142,-49,63,-7.269303201506588,-99.83443708609272,95.44857768052518,54.01247401247403,3.6874236874237027,7.274063188831742,-0.25599741602063825,-1.8791264651599104,1.595324578894231,1.41589488305122,-0.10124273200045232,-0.4724660826687775,-0.3129320807286708,-1.8791264651599104,1.5968740001889525,1.4097283440669042,-0.0966407896367954,-0.4724660826687775,196986971,256,33.2101430012699,0.37483899905055296,63,63,63,2637611057,0,0,-41,1,66.68279599944071
10527.372648545,4235561352,155,154,1,0,24,66.13106000077096,-49,63,-5.009416195856872,-99.83443708609272,95.44857768052518,54.01247401247403,3.6874236874237027,7.274063188831742,-0.21438060391088187,-1.8791264651599104,1.595324578894231,1.41589488305122,-0.10124273200045232,-0.4724660826687775,-0.31139809994078516,-1.8791264651599104,1.5968740001889525,1.4097283440669042,-0.0966407896367954,-0.4724660826687775,196986971,260,33.191164999152534,0.30026300009922124,63,63,63,2637611057,0,0,-41,1,66.54667900147615
10527.439213753,4235561352,157,156,1,0,12,66.12149899956421,-49,63,-3.050847457627114,-99.83443708609272,95.44857768052518,54.01247401247403,3.6874236874237027,7.274063188831742,-0.1783127000824263,-1.8791264651599104,1.595324578894231,1.41589488305122,-0.10124273200045232,-0.4724660826687775,-0.2868544073346149,-1.8791264651599104,1.5968740001889525,1.4097283440669042,-0.0966407896367954,-0.4724660826687775,196986971,263,33.31798300132505,0.2977069998451043,63,63,63,2637611057,0,0,-41,1,66.52132799899846
10527.472533999,4235561352,158,157,1,0,15,66.22314500054927,-49,63,-2.071563088512235,-99.83443708609272,95.44857768052518,54.01247401247403,3.6874236874237027,7.274063188831742,-0.1602787481681987,-1.8791264651599104,1.595324578894231,1.41589488305122,-0.10124273200045232,-0.4724660826687775,-0.25157284921324513,-1.8791264651599104,1.5968740001889525,1.4097283440669042,-0.0966407896367954,-0.4724660826687775,196986971,264,33.13990499918873,0.3687680000439286,63,63,63,2637611057,0,0,-41,1,66.70166900039476
10527.539166482,4235561352,160,159,1,0,11,66.20840200048406,-49,63,-0.7909604519773978,-99.83443708609272,95.44857768052518,54.01247401247403,3.6874236874237027,7.274063188831742,-0.1366958879726703,-1.8791264651599104,1.595324578894231,1.41589488305122,-0.10124273200045232,-0.4724660826687775,-0.22242721424341796,-1.8791264651599104,1.5968740001889525,1.4097283440669042,-0.0966407896367954,-0.4724660826687775,196986971,267,33.32420599872421,0.2908450005634222,63,63,63,2637611057,0,0,-41,1,66.58409500050766
10527.57254303,4235561352,161,160,1,0,26,66.35699600155931,-49,63,-0.03766478342748769,-99.83443708609272,95.44857768052518,54.01247401247403,3.6874236874237027,7.274063188831742,-0.12282361726941804,-1.8791264651599104,1.595324578894231,1.41589488305122,-0.10124273200045232,-0.4724660826687775,-0.19634954084936207,-1.8791264651599104,1.5968740001889525,1.4097283440669042,-0.0966407896367954,-0.4724660826687775,196986971,269,33.191028000146616,0.31725200096843764,63,63,63,2637611057,0,0,-41,1,66.7696150012489
10527.67257869,4235561352,164,163,1,0,3,66.32592900132295,-49,63,0.33898305084744607,-99.83443708609272,95.44857768052518,54.01247401247403,3.6874236874237027,7.274063188831742,-0.11588748191779244,-1.8791264651599104,1.595324578894231,1.41589488305122,-0.10124273200045232,-0.4724660826687775,-0.1487961364249072,-1.8791264651599104,1.5968740001889525,1.4097283440669042,-0.0966407896367954,-0.4724660826687775,196986971,272,33.36430799936352,33.50248499918962,63,63,63,2637611057,0,0,-41,1,99.99498400065931
10527.739621531,4235561352,166,165,1,0,9,66.58994200006418,-49,63,1.0169491525423808,-99.83443708609272,95.44857768052518,54.01247401247403,3.6874236874237027,7.274063188831742,-0.10340243828486533,-1.8791264651599104,1.595324578894231,1.41589488305122,-0.10124273200045232,-0.4724660826687775,-0.13652429012182207,-1.8791264651599104,1.5968740001889525,1.4097283440669042,-0.0966407896367954,-0.4724660826687775,196986971,277,100.03739400053746,0.304658999084495,63,63,63,2637611057,0,0,-41,1,67.000430999542
10527.772591538,4235561352,167,166,1,0,25,66.00403300035396,-46,63,1.0169491525423808,-99.83443708609272,95.44857768052518,54.01247401247403,3.6874236874237027,7.274063188831742,-0.10340243828486533,-1.8791264651599104,1.595324578894231,1.41589488305122,-0.10124273200045232,-0.4724660826687775,-0.12732040539450823,-1.8791264651599104,1.5968740001889525,1.4097283440669042,-0.0966407896367954,-0.4724660826687775,196986971,279,33.44221499901323,0.37676400097552687,63,63,63,2637611057,0,0,-41,1,66.52822300020489
10527.87276952,4235561352,170,169,1,0,11,66.37754199982737,-46,63,0.9416195856873912,-99.83443708609272,95.44857768052518,54.01247401247403,3.6874236874237027,7.274063188831742,-0.10478966535519044,-1.8791264651599104,1.595324578894231,1.41589488305122,-0.10124273200045232,-0.4724660826687775,-0.1119805975156518,-1.8791264651599104,1.5968740001889525,1.4097283440669042,-0.0966407896367954,-0.4724660826687775,196986971,284,33.29217100144888,0.3792789993894985,63,63,63,2637611057,0,0,-41,1,66.8459279986564
10527.939469391,4235561352,172,171,1,0,13,66.21870900016802,-46,63,0.6403013182674187,-99.83443708609272,95.44857768052518,54.01247401247403,3.6874236874237027,7.274063188831742,-0.11033857363649127,-1.8791264651599104,1.595324578894231,1.41589488305122,-0.10124273200045232,-0.4724660826687775,-0.11044661672776616,-1.8791264651599104,1.5968740001889525,1.4097283440669042,-0.0966407896367954,-0.4724660826687775,196986971,287,33.60830700148654,0.31135599965637084,63,63,63,2637611057,0,0,-47,1,66.65318699924683
10527.972655549,4235561352,173,172,1,0,29,66.06916400050977,-46,63,0.5649717514124291,-99.83443708609272,95.44857768052518,54.01247401247403,3.6874236874237027,7.274063188831742,-0.11172580070681673,-1.8791264651599104,1.595324578894231,1.41589488305122,-0.10124273200045232,-0.4724660826687775,-0.11044661672776616,-1.8791264651599104,1.5968740001889525,1.4097283440669042,-0.0966407896367954,-0.4724660826687775,196986971,289,33.24268899996241,0.37844699909328483,63,63,63,2637611057,0,0,-47,1,66.59665599909204
10528.03945261,4235561352,175,173,1,0,45,99.4723600015277,-46,63,0.5649717514124291,-99.83443708609272,95.44857768052518,54.01247401247403,3.7851037851038,7.274063188831742,-0.11172580070681673,-1.8791264651599104,1.595324578894231,1.41589488305122,-0.09817477042468103,-0.4724660826687775,-0.11044661672776616,-1.8791264651599104,1.5968740001889525,1.4097283440669042,-0.0966407896367954,-0.4724660826687775,196986971,291,33.45780599920545,0.34144399978686124,63,63,63,2637611057,0,0,-47,1,99.93591100101185
10528.072669379,4235561352,176,175,1,0,21,66.34200500047882,-46,63,0.5649717514124291,-99.83443708609272,95.44857768052518,54.01247401247403,3.7851037851038,7.274063188831742,-0.11172580070681673,-1.8791264651599104,1.595324578894231,1.41589488305122,-0.09817477042468103,-0.4724660826687775,-0.11044661672776616,-1.8791264651599104,1.5968740001889525,1.4097283440669042,-0.0966407896367954,-0.4724660826687775,196986971,294,33.17140200124413,0.36334299875306897,63,63,63,2637611057,0,0,-47,1,66.79971599987766
10528.139483867,4235561352,178,177,1,0,12,66.31845300034911,-46,63,0.5649717514124291,-99.83443708609272,95.44857768052518,54.01247401247403,3.8339438339438487,7.274063188831742,-0.11172580070681673,-1.8791264651599104,1.595324578894231,1.41589488305122,-0.0966407896367954,-0.4724660826687775,-0.11044661672776616,-1.8791264651599104,1.5968740001889525,1.4097283440669042,-0.0966407896367954,-0.4724660826687775,196986971,297,33.21681499983242,0.3257999997003935,63,63,63,2637611057,0,0,-47,1,66.76905499989516
10528.172771278,4235561352,179,178,1,0,30,66.19513299847313,-46,63,0.5649717514124291,-99.83443708609272,95.44857768052518,54.01247401247403,3.8339438339438487,7.274063188831742,-0.11172580070681673,-1.8791264651599104,1.595324578894231,1.41589488305122,-0.0966407896367954,-0.4724660826687775,-0.11044661672776616,-1.8791264651599104,1.5968740001889525,1.4097283440669042,-0.0966407896367954,-0.4724660826687775,196986971,299,33.34153899959347,0.36901000021316577,63,63,63,2637611057,0,0,-47,1,66.71492699933879
10528.205894588,4235561352,180,180,1,0,11,32.62558399910631,-46,63,0.5649717514124291,-99.83443708609272,95.44857768052518,54.01247401247403,3.8339438339438487,7.274063188831742,-0.11172580070681673,-1.8791264651599104,1.595324578894231,1.41589488305122,-0.0966407896367954,-0.4724660826687775,-0.11044661672776616,-1.8791264651599104,1.5968740001889525,1.4097283440669042,-0.0966407896367954,-0.4724660826687775,196986971,302,33.289959999819985,0.31536800088360906,63,63,63,2637611057,0,0,-47,1,33.075600000302074
10528.272812243,4235561352,182,181,1,0,27,66.43339499896683,-46,63,0.5649717514124291,-99.83443708609272,95.44857768052518,54.01247401247403,3.8339438339438487,7.274063188831742,-0.11172580070681673,-1.8791264651599104,1.595324578894231,1.41589488305122,-0.0966407896367954,-0.4724660826687775,-0.11044661672776616,-1.8791264651599104,1.5968740001889525,1.4097283440669042,-0.0966407896367954,-0.4724660826687775,196986971,305,33.122740000180784,0.31873099942458794,63,63,63,2637611057,0,0,-47,1,66.87051500011876
10528.339360521,4235561352,184,183,1,0,9,66.03916200037929,-46,63,0.5649717514124291,-99.83443708609272,95.44857768052518,54.01247401247403,3.8339438339438487,7.274063188831742,-0.11172580070681673,-1.8791264651599104,1.595324578894231,1.41589488305122,-0.0966407896367954,-0.4724660826687775,-0.11044661672776616,-1.8791264651599104,1.5968740001889525,1.4097283440669042,-0.0966407896367954,-0.4724660826687775,196986971,307,33.489948998976615,0.3293490008218214,63,63,63,2637611057,0,0,-47,1,66.50075000106881
10528.372500573,4235561352,185,184,1,0,27,65.93042199892807,-46,63,0.5649717514124291,-99.83443708609272,95.44857768052518,54.01247401247403,3.8339438339438487,7.274063188831742,-0.11172580070681673,-1.8791264651599104,1.595324578894231,1.41589488305122,-0.0966407896367954,-0.4724660826687775,-0.11044661672776616,-1.8791264651599104,1.5968740001889525,1.4097283440669042,-0.0966407896367954,-0.4724660826687775,196986971,309,33.183708001160994,0.36664499930338934,63,63,63,2637611057,0,0,-47,1,66.4570939989062
10528.439323386,4235561352,187,186,1,0,11,66.41433999902802,-46,63,0.5649717514124291,-99.83443708609272,95.44857768052518,54.01247401247403,3.8339438339438487,7.274063188831742,-0.11172580070681673,-1.8791264651599104,1.595324578894231,1.41589488305122,-0.0966407896367954,-0.4724660826687775,-0.11044661672776616,-1.8791264651599104,1.5968740001889525,1.4097283440669042,-0.0966407896367954,-0.4724660826687775,196986971,313,33.132344999103225,0.2822240003297338,63,63,63,2637611057,0,0,-47,1,66.78281399945263
10528.472864392,4235561352,188,187,1,0,31,66.3325330006046,-46,63,0.5649717514124291,-99.83443708609272,95.44857768052518,54.01247401247403,3.8339438339438487,7.274063188831742,-0.11172580070681673,-1.8791264651599104,1.595324578894231,1.41589488305122,-0.0966407896367954,-0.4724660826687775,-0.11044661672776616,-1.8791264651599104,1.5968740001889525,1.4097283440669042,-0.0966407896367954,-0.4724660826687775,196986971,313,33.132344999103225,33.82212500036985,63,63,63,2637611057,0,0,-47,1,100.3238200009946
10528.539474605,4235561352,190,189,1,0,7,66.10932300100103,-46,63,0.5649717514124291,-99.83443708609272,95.44857768052518,54.01247401247403,3.8339438339438487,7.274063188831742,-0.11172580070681673,-1.8791264651599104,1.595324578894231,1.41589488305122,-0.0966407896367954,-0.4724660826687775,-0.11044661672776616,-1.8791264651599104,1.5968740001889525,1.4097283440669042,-0.0966407896367954,-0.4724660826687775,196986971,318,33.54327700071735,0.32040499900176656,63,63,63,2637611057,0,0,-47,1,66.56154499978584
10528.808736261,4235561352,195,195,1,0,109,135.57945499997004,-46,63,0.5649717514124291,-99.83443708609272,95.44857768052518,54.01247401247403,3.8339438339438487,7.274063188831742,-0.11172580070681673,-1.8791264651599104,1.595324578894231,1.41589488305122,-0.0966407896367954,-0.4724660826687775,-0.11044661672776616,-1.8791264651599104,1.5968740001889525,1.4097283440669042,-0.0966407896367954,-0.4724660826687775,196986971,320,33.469103000243194,133.4565589986596,63,63,63,2637611057,0,0,-47,1,269.2147159996239
10528.890612397,2005968522,2,1,1,0,22,81.30098699984956,-46,63,0.5649717514124291,-99.83443708609272,95.44857768052518,54.01247401247403,3.8339438339438487,7.274063188831742,-0.11172580070681673,-1.8791264651599104,1.595324578894231,1.41589488305122,-0.0966407896367954,-0.4724660826687775,-0.11044661672776616,-1.8791264651599104,1.5968740001889525,1.4097283440669042,-0.0966407896367954,-0.4724660826687775,,,,,,,,,,,,,
10528.925017767,2005968522,3,1,1,0,72,81.30098699984956,-46,63,0.4896421845574537,-99.83443708609272,95.44857768052518,54.01247401247403,3.8339438339438487,7.274063188831742,-0.11311302777714151,-1.8791264651599104,1.595324578894231,1.41589488305122,-0.0966407896367954,-0.4724660826687775,-0.11044661672776616,-1.8791264651599104,1.5968740001889525,1.4097283440669042,-0.0966407896367954,-0.4724660826687775,,,,,,,,,,,,,
10528.958373745,2005968522,4,4,1,0,9,32.884098998692934,-46,63,0.4896421845574537,-99.83443708609272,95.44857768052518,54.01247401247403,3.8339438339438487,7.274063188831742,-0.11311302777714151,-1.8791264651599104,1.595324578894231,1.41589488305122,-0.0966407896367954,-0.4724660826687775,-0.11044661672776616,-1.8791264651599104,1.5968740001889525,1.4097283440669042,-0.0966407896367954,-0.4724660826687775,196986971,340,34.40501600016432,0.31072599995241035,63,63,63,2637611057,0,0,-47,1,33.31228599927272
10529.024922962,2005968522,6,5,1,0,29,66.07925100070133,-46,63,0.4896421845574537,-99.83443708609272,95.44857768052518,54.01247401247403,3.8339438339438487,7.274063188831742,-0.11311302777714151,-1.8791264651599104,1.595324578894231,1.41589488305122,-0.0966407896367954,-0.4724660826687775,-0.11044661672776616,-1.8791264651599104,1.5968740001889525,1.4097283440669042,-0.0966407896367954,-0.4724660826687775,196986971,342,33.35723400050483,0.3159949992550537,63,63,63,2637611057,0,0,-41,1,66.50426899977901
10529.058497433,2005968522,7,7,1,0,11,33.07923699867388,-46,63,0.4896421845574537,-99.83443708609272,95.44857768052518,54.01247401247403,3.8339438339438487,7.274063188831742,-0.11311302777714151,-1.8791264651599104,1.595324578894231,1.41589488305122,-0.0966407896367954,-0.4724660826687775,-0.11044661672776616,-1.8791264651599104,1.5968740001889525,1.4097283440669042,-0.0966407896367954,-0.4724660826687775,196986971,346,33.526486999107874,0.18631199964147527,63,63,63,2637611057,0,0,-41,1,33.375533999787876
10529.125079945,2005968522,9,8,1,0,29,66.04911400063429,-46,63,0.4896421845574537,-99.83443708609272,95.44857768052518,54.01247401247403,3.8339438339438487,7.274063188831742,-0.11311302777714151,-1.8791264651599104,1.595324578894231,1.41589488305122,-0.0966407896367954,-0.4724660826687775,-0.11044661672776616,-1.8791264651599104,1.5968740001889525,1.4097283440669042,-0.0966407896367954,-0.4724660826687775,196986971,347,33.42981999958283,0.3519810015859548,63,63,63,2637611057,0,0,-41,1,66.5282260015374
10529.158233856,2005968522,10,10,1,0,9,32.67115400012699,-46,63,0.4896421845574537,-99.83443708609272,95.44857768052518,54.01247401247403,3.8339438339438487,7.274063188831742,-0.11311302777714151,-1.8791264651599104,1.595324578894231,1.41589488305122,-0.0966407896367954,-0.4724660826687775,-0.11044661672776616,-1.8791264651599104,1.5968740001889525,1.4097283440669042,-0.0966407896367954,-0.4724660826687775,196986971,350,33.53984500063234,0.31981500069377944,63,63,63,2637611057,0,0,-41,1,33.107420000305865
10529.225088829,2005968522,12,11,1,0,28,66.39454300056968,-46,63,0.4896421845574537,-99.83443708609272,95.44857768052518,54.01247401247403,3.8339438339438487,7.274063188831742,-0.11311302777714151,-1.8791264651599104,1.595324578894231,1.41589488305122,-0.0966407896367954,-0.4724660826687775,-0.11044661672776616,-1.8791264651599104,1.5968740001889525,1.4097283440669042,-0.0966407896367954,-0.4724660826687775,196986971,352,33.15405600005761,0.30372400033229496,63,63,63,2637611057,0,0,-41,1,66.80833700011135
10529.258372137,2005968522,13,13,1,0,11,32.797432999359444,-46,63,0.4896421845574537,-99.83443708609272,95.44857768052518,54.01247401247403,3.8339438339438487,7.274063188831742,-0.11311302777714151,-1.8791264651599104,1.595324578894231,1.41589488305122,-0.0966407896367954,-0.4724660826687775,-0.11044661672776616,-1.8791264651599104,1.5968740001889525,1.4097283440669042,-0.0966407896367954,-0.4724660826687775,196986971,356,33.72307700010424,0.1850319986260729,63,63,63,2637611057,0,0,-41,1,33.08523199848423
10529.324589402,2005968522,15,14,1,0,29,65.7520980003028,-46,63,0.4896421845574537,-99.83443708609272,95.44857768052518,54.01247401247403,3.8339438339438487,7.274063188831742,-0.11311302777714151,-1.8791264651599104,1.595324578894231,1.41589488305122,-0.0966407896367954,-0.4724660826687775,-0.11044661672776616,-1.8791264651599104,1.5968740001889525,1.4097283440669042,-0.0966407896367954,-0.4724660826687775,196986971,357,33.130789999631816,0.31702900014352053,63,63,63,2637611057,0,0,-41,1,66.1717069997394
10529.358114046,2005968522,16,16,1,0,15,32.929497998338775,-46,63,0.4896421845574537,-99.83443708609272,95.44857768052518,54.01247401247403,3.8339438339438487,7.274063188831742,-0.11311302777714151,-1.8791264651599104,1.595324578894231,1.41589488305122,-0.0966407896367954,-0.4724660826687775,-0.11044661672776616,-1.8791264651599104,1.5968740001889525,1.4097283440669042,-0.0966407896367954,-0.4724660826687775,196986971,360,33.05700399869238,0.4469310006243177,63,63,63,2637611057,0,0,-41,1,33.47138699973584
10529.425034352,2005968522,18,17,1,0,25,66.49200299943914,-46,63,0.4896421845574537,-99.83443708609272,95.44857768052518,54.01247401247403,3.8339438339438487,7.274063188831742,-0.11311302777714151,-1.8791264651599104,1.595324578894231,1.41589488305122,-0.0966407896367954,-0.4724660826687775,-0.11044661672776616,-1.8791264651599104,1.5968740001889525,1.4097283440669042,-0.0966407896367954,-0.4724660826687775,196986971,362,33.51267900143284,0.30016199889359996,63,63,63,2637611057,0,0,-41,1,66.87901399891416
10529.4583388,2005968522,19,19,1,0,9,32.77126499961014,-46,63,0.4896421845574537,-99.83443708609272,95.44857768052518,54.01247401247403,3.8339438339438487,7.274063188831742,-0.11311302777714151,-1.8791264651599104,1.595324578894231,1.41589488305122,-0.0966407896367954,-0.4724660826687775,-0.11044661672776616,-1.8791264651599104,1.5968740001889525,1.4097283440669042,-0.0966407896367954,-0.4724660826687775,196986971,366,33.764423000320676,0.18900900067819748,63,63,63,2637611057,0,0,-41,1,33.067889999074396
10529.524994021,2005968522,21,20,1,0,29,66.18580299982568,-46,63,0.4896421845574537,-99.83443708609272,95.44857768052518,54.01247401247403,3.8339438339438487,7.274063188831742,-0.11311302777714151,-1.8791264651599104,1.595324578894231,1.41589488305122,-0.0966407896367954,-0.4724660826687775,-0.11044661672776616,-1.8791264651599104,1.5968740001889525,1.4097283440669042,-0.0966407896367954,-0.4724660826687775,196986971,367,33.11478599971451,0.30717399931745604,63,63,63,2637611057,0,0,-41,1,66.60832499983371
10529.55832633,2005968522,22,22,1,0,13,32.85479999976815,-46,63,0.4896421845574537,-99.83443708609272,95.44857768052518,54.01247401247403,3.8339438339438487,7.274063188831742,-0.11311302777714151,-1.8791264651599104,1.595324578894231,1.41589488305122,-0.0966407896367954,-0.4724660826687775,-0.11044661672776616,-1.8791264651599104,1.5968740001889525,1.4097283440669042,-0.0966407896367954,-0.4724660826687775,196986971,370,33.402101998945,0.31049100107338745,63,63,63,2637611057,0,0,-41,1,33.2785110003897
10529.625036716,2005968522,24,23,1,0,27,66.2558199983323,-46,63,0.4896421845574537,-99.83443708609272,95.44857768052518,54.01247401247403,3.8339438339438487,7.274063188831742,-0.11311302777714151,-1.8791264651599104,1.595324578894231,1.41589488305122,-0.0966407896367954,-0.4724660826687775,-0.11044661672776616,-1.8791264651599104,1.5968740001889525,1.4097283440669042,-0.0966407896367954,-0.4724660826687775,196986971,372,33.322372000839096,0.2992900008393917,63,63,63,2637611057,0,0,-41,1,66.66652499916381
10529.691726805,2005968522,26,25,1,0,11,66.12004300041008,-46,63,0.4896421845574537,-99.83443708609272,95.44857768052518,54.01247401247403,3.8339438339438487,7.274063188831742,-0.11311302777714151,-1.8791264651599104,1.595324578894231,1.41589488305122,-0.0966407896367954,-0.4724660826687775,-0.11044661672776616,-1.8791264651599104,1.5968740001889525,1.4097283440669042,-0.0966407896367954,-0.4724660826687775,196986971,376,33.69766499963589,0.19239999892306514,63,63,63,2637611057,0,0,-41,1,66.42268399991735
10529.724995316,2005968522,27,26,1,0,25,66.23208100063493,-46,63,0.4896421845574537,-99.83443708609272,95.44857768052518,54.01247401247403,3.8339438339438487,7.274063188831742,-0.11311302777714151,-1.8791264651599104,1.595324578894231,1.41589488305122,-0.0966407896367954,-0.4724660826687775,-0.11044661672776616,-1.8791264651599104,1.5968740001889525,1.4097283440669042,-0.0966407896367954,-0.4724660826687775,196986971,377,32.95914999944216,0.3636540004663402,63,63,63,2637611057,0,0,-41,1,66.73204500111751
10529.758337991,2005968522,28,28,1,0,15,32.8427569984342,-46,63,0.4896421845574537,-99.83443708609272,95.44857768052518,54.01247401247403,3.8339438339438487,7.274063188831742,-0.11311302777714151,-1.8791264651599104,1.595324578894231,1.41589488305122,-0.0966407896367954,-0.4724660826687775,-0.11044661672776616,-1.8791264651599104,1.5968740001889525,1.4097283440669042,-0.0966407896367954,-0.4724660826687775,196986971,380,33.28146499916329,0.31248099912772886,63,63,63,2637611057,0,0,-41,1,33.28115799922671
10529.8250199,2005968522,30,29,1,0,25,66.20336800006044,-46,63,0.4896421845574537,-99.83443708609272,95.44857768052518,54.01247401247403,3.8339438339438487,7.274063188831742,-0.11311302777714151,-1.8791264651599104,1.595324578894231,1.41589488305122,-0.0966407896367954,-0.4724660826687775,-0.11044661672776616,-1.8791264651599104,1.5968740001889525,1.4097283440669042,-0.0966407896367954,-0.4724660826687775,196986971,382,33.3273950000148,0.3147129991702968,63,63,63,2637611057,0,0,-41,1,66.6356719993928
10529.858374867,2005968522,31,31,1,0,11,32.83852200002002,-46,63,0.4896421845574537,-99.83443708609272,95.44857768052518,54.01247401247403,3.8339438339438487,7.274063188831742,-0.11311302777714151,-1.8791264651599104,1.595324578894231,1.41589488305122,-0.0966407896367954,-0.4724660826687775,-0.11044661672776616,-1.8791264651599104,1.5968740001889525,1.4097283440669042,-0.0966407896367954,-0.4724660826687775,196986971,386,33.6889730006078,0.11115300003439188,63,63,63,2637611057,0,0,-41,1,33.04873600063729
10529.925243402,2005968522,33,32,1,0,29,66.47534699914104,-46,63,0.4896421845574537,-99.83443708609272,95.44857768052518,54.01247401247403,3.8827838827838974,7.274063188831742,-0.11311302777714151,-1.8791264651599104,1.595324578894231,1.41589488305122,-0.09510680884890975,-0.4724660826687775,-0.11044661672776616,-1.8791264651599104,1.5968740001889525,1.4097283440669042,-0.0966407896367954,-0.4724660826687775,196986971,387,33.0921530003252,0.25147199994535185,63,63,63,2637611057,0,0,-41,1,66.82511799954227
10529.991669336,2005968522,35,34,1,0,15,65.9426109996275,-46,63,0.4896421845574537,-99.83443708609272,95.44857768052518,54.01247401247403,3.8827838827838974,7.274063188831742,-0.11311302777714151,-1.8791264651599104,1.595324578894231,1.41589488305122,-0.09510680884890975,-0.4724660826687775,-0.11044661672776616,-1.8791264651599104,1.5968740001889525,1.4097283440669042,-0.0966407896367954,-0.4724660826687775,196986971,390,33.67500099921017,0.32956700124486815,63,63,63,2637611057,0,0,-41,1,66.3819239998702
10530.025361208,2005968522,36,35,1,0,27,66.41081099951407,-43,63,0.4896421845574537,-99.83443708609272,95.44857768052518,54.01247401247403,3.8827838827838974,7.274063188831742,-0.11311302777714151,-1.8791264651599104,1.595324578894231,1.41589488305122,-0.09510680884890975,-0.4724660826687775,-0.11044661672776616,-1.8791264651599104,1.5968740001889525,1.4097283440669042,-0.0966407896367954,-0.4724660826687775,196986971,392,33.230086000912706,0.3227380002499558,63,63,63,2637611057,0,0,-41,1,66.84370999937528
10530.058641702,2005968522,37,37,1,0,11,32.79775100054394,-43,63,0.4896421845574537,-99.83443708609272,95.44857768052518,54.01247401247403,3.8827838827838974,7.274063188831742,-0.11311302777714151,-1.8791264651599104,1.595324578894231,1.41589488305122,-0.09510680884890975,-0.4724660826687775,-0.11044661672776616,-1.8791264651599104,1.5968740001889525,1.4097283440669042,-0.0966407896367954,-0.4724660826687775,196986971,396,33.839206998891314,0.1777500001480803,63,63,63,2637611057,0,0,-40,1,33.09201500087511
10530.125352141,2005968522,39,38,1,0,27,66.19648500054609,-43,63,0.4896421845574537,-99.83443708609272,95.44857768052518,54.01247401247403,3.8827838827838974,7.274063188831742,-0.11311302777714151,-1.8791264651599104,1.595324578894231,1.41589488305122,-0.09510680884890975,-0.4724660826687775,-0.11044661672776616,-1.8791264651599104,1.5968740001889525,1.4097283440669042,-0.0966407896367954,-0.4724660826687775,196986971,397,33.14266800043697,0.3444720005063573,63,63,63,2637611057,0,0,-40,1,66.6597859999456
10530.191990147,2005968522,41,39,1,0,43,99.52892999899632,-43,63,0.4896421845574537,-99.83443708609272,95.44857768052518,54.01247401247403,3.8827838827838974,7.274063188831742,-0.11311302777714151,-1.8791264651599104,1.595324578894231,1.41589488305122,-0.09510680884890975,-0.4724660826687775,-0.11044661672776616,-1.8791264651599104,1.5968740001889525,1.4097283440669042,-0.0966407896367954,-0.4724660826687775,196986971,399,33.22982999998203,0.39038899922161363,63,63,63,2637611057,0,0,-40,1,100.06796199922974
10530.22535521,2005968522,42,41,1,0,29,66.2535259998549,-43,63,0.4896421845574537,-99.83443708609272,95.44857768052518,54.01247401247403,3.8827838827838974,7.274063188831742,-0.11311302777714151,-1.8791264651599104,1.595324578894231,1.41589488305122,-0.09510680884890975,-0.4724660826687775,-0.11044661672776616,-1.8791264651599104,1.5968740001889525,1.4097283440669042,-0.0966407896367954,-0.4724660826687775,196986971,401,33.161451001433306,0.3747269984160084,63,63,63,2637611057,0,0,-40,1,66.79452799835417
10530.258670997,2005968522,43,43,1,0,11,32.82537499944738,-43,63,0.4896421845574537,-99.83443708609272,95.44857768052518,54.01247401247403,3.8827838827838974,7.274063188831742,-0.11311302777714151,-1.8791264651599104,1.595324578894231,1.41589488305122,-0.09510680884890975,-0.4724660826687775,-0.11044661672776616,-1.8791264651599104,1.5968740001889525,1.4097283440669042,-0.0966407896367954,-0.4724660826687775,196986971,405,33.351251999192755,0.31160700018517673,63,63,63,2637611057,0,0,-40,1,33.26850700068462
10530.325192496,2005968522,45,44,1,0,29,66.02779000058945,-43,63,0.4896421845574537,-99.83443708609272,95.44857768052518,54.01247401247403,3.8827838827838974,7.274063188831742,-0.11311302777714151,-1.8791264651599104,1.595324578894231,1.41589488305122,-0.09510680884890975,-0.4724660826687775,-0.11044661672776616,-1.8791264651599104,1.5968740001889525,1.4097283440669042,-0.0966407896367954,-0.4724660826687775,196986971,407,33.31912500107137,0.3137839994451497,63,63,63,2637611057,0,0,-40,1,66.47088099998655
10530.358411341,2005968522,46,46,1,0,11,32.57232000032673,-43,63,0.4896421845574537,-99.83443708609272,95.44857768052518,54.01247401247403,3.8827838827838974,7.274063188831742,-0.11311302777714151,-1.8791264651599104,1.595324578894231,1.41589488305122,-0.09510680884890975,-0.4724660826687775,-0.11044661672776616,-1.8791264651599104,1.5968740001889525,1.4097283440669042,-0.0966407896367954,-0.4724660826687775,196986971,411,33.319751999442815,0.4398159999254858,63,63,63,2637611057,0,0,-40,1,33.14642300028936
10530.42508073,2005968522,48,47,1,0,27,66.11791599971184,-43,63,0.4896421845574537,-99.83443708609272,95.44857768052518,54.01247401247403,3.8827838827838974,7.274063188831742,-0.11311302777714151,-1.8791264651599104,1.595324578894231,1.41589488305122,-0.09510680884890975,-0.4724660826687775,-0.11044661672776616,-1.8791264651599104,1.5968740001889525,1.4097283440669042,-0.0966407896367954,-0.4724660826687775,196986971,412,33.19610099970305,0.34737500027404167,63,63,63,2637611057,0,0,-40,1,66.619711000385
10530.458673899,2005968522,49,49,1,0,13,33.10648200022115,-43,63,0.4896421845574537,-99.83443708609272,95.44857768052518,54.01247401247403,3.8827838827838974,7.274063188831742,-0.11311302777714151,-1.8791264651599104,1.595324578894231,1.41589488305122,-0.09510680884890975,-0.4724660826687775,-0.11044661672776616,-1.8791264651599104,1.5968740001889525,1.4097283440669042,-0.0966407896367954,-0.4724660826687775,196986971,415,33.42334400076652,0.32017999910749495,63,63,63,2637611057,0,0,-40,1,33.54410999963875
10530.52513772,2005968522,51,50,1,0,25,65.95857399952365,-43,63,0.4896421845574537,-99.83443708609272,95.44857768052518,54.01247401247403,3.8827838827838974,7.274063188831742,-0.11311302777714151,-1.8791264651599104,1.595324578894231,1.41589488305122,-0.09510680884890975,-0.4724660826687775,-0.11044661672776616,-1.8791264651599104,1.5968740001889525,1.4097283440669042,-0.0966407896367954,-0.4724660826687775,196986971,417,33.5931099998561,0.3230099991924362,63,63,63,2637611057,0,0,-40,1,66.41482099985296
10530.558269105,2005968522,52,52,1,0,5,32.632256999932,-43,63,0.4896421845574537,-99.83443708609272,95.44857768052518,54.01247401247403,3.8827838827838974,7.274063188831742,-0.11311302777714151,-1.8791264651599104,1.595324578894231,1.41589488305122,-0.09510680884890975,-0.4724660826687775,-0.11044661672776616,-1.8791264651599104,1.5968740001889525,1.4097283440669042,-0.0966407896367954,-0.4724660826687775,196986971,421,33.27172299941594,0.3254040002502734,63,63,63,2637611057,0,0,-40,1,33.08314100104326
10530.62520395,2005968522,54,53,1,0,27,66.46839799941517,-43,63,0.4896421845574537,-99.83443708609272,95.44857768052518,54.01247401247403,3.8827838827838974,7.274063188831742,-0.11311302777714151,-1.8791264651599104,1.595324578894231,1.41589488305122,-0.09510680884890975,-0.4724660826687775,-0.11044661672776616,-1.8791264651599104,1.5968740001889525,1.4097283440669042,-0.0966407896367954,-0.4724660826687775,196986971,422,33.13039700151421,0.3114669998467434,63,63,63,2637611057,0,0,-40,1,66.88758899872482
10530.691807583,2005968522,56,55,1,0,7,66.107392000049,-43,63,0.4896421845574537,-99.83443708609272,95.44857768052518,54.01247401247403,3.8827838827838974,7.274063188831742,-0.11311302777714151,-1.8791264651599104,1.595324578894231,1.41589488305122,-0.09510680884890975,-0.4724660826687775,-0.11044661672776616,-1.8791264651599104,1.5968740001889525,1.4097283440669042,-0.0966407896367954,-0.4724660826687775,196986971,425,33.567772999958834,0.32374599868489895,63,63,63,2637611057,0,0,-40,1,66.5555849991506
10530.725230077,2005968522,57,56,1,0,29,66.3005759997759,-43,63,0.4896421845574537,-99.83443708609272,95.44857768052518,54.01247401247403,3.8827838827838974,7.274063188831742,-0.11311302777714151,-1.8791264651599104,1.595324578894231,1.41589488305122,-0.09510680884890975,-0.4724660826687775,-0.11044661672776616,-1.8791264651599104,1.5968740001889525,1.4097283440669042,-0.0966407896367954,-0.4724660826687775,196986971,427,33.112224999058526,0.42352899981779046,63,63,63,2637611057,0,0,-40,1,66.86585399984324
10530.791777401,2005968522,59,58,1,0,11,66.03981700027362,-43,63,0.4896421845574537,-99.83443708609272,95.44857768052518,54.01247401247403,3.8827838827838974,7.274063188831742,-0.11311302777714151,-1.8791264651599104,1.595324578894231,1.41589488305122,-0.09510680884890975,-0.4724660826687775,-0.11044661672776616,-1.8791264651599104,1.5968740001889525,1.4097283440669042,-0.0966407896367954,-0.4724660826687775,196986971,430,33.41688500040618,0.3297439998277696,63,63,63,2637611057,0,0,-40,1,66.4994939997996
10530.825051881,2005968522,60,59,1,0,19,66.2885580004513,-43,63,0.4896421845574537,-99.83443708609272,95.44857768052518,54.01247401247403,3.8827838827838974,7.274063188831742,-0.11311302777714151,-1.8791264651599104,1.595324578894231,1.41589488305122,-0.09510680884890975,-0.4724660826687775,-0.11044661672776616,-1.8791264651599104,1.5968740001889525,1.4097283440669042,-0.0966407896367954,-0.4724660826687775,196986971,432,32.97577099874616,0.37464200067915954,63,63,63,2637611057,0,0,-40,1,66.79820300087158
10530.891686803,2005968522,62,61,1,0,3,66.16790299995046,-43,63,0.4896421845574537,-99.83443708609272,95.44857768052518,54.01247401247403,3.8827838827838974,7.274063188831742,-0.11311302777714151,-1.8791264651599104,1.595324578894231,1.41589488305122,-0.09510680884890975,-0.4724660826687775,-0.11044661672776616,-1.8791264651599104,1.5968740001889525,1.4097283440669042,-0.0966407896367954,-0.4724660826687775,196986971,435,33.25374799896963,0.31565800054522697,63,63,63,2637611057,0,0,-40,1,66.58747599976778
10530.925052946,2005968522,63,62,1,0,27,66.26612000036403,-43,63,0.4896421845574537,-99.83443708609272,95.44857768052518,54.01247401247403,3.8827838827838974,7.274063188831742,-0.11311302777714151,-1.8791264651599104,1.595324578894231,1.41589488305122,-0.09510680884890975,-0.4724660826687775,-0.11044661672776616,-1.8791264651599104,1.5968740001889525,1.4097283440669042,-0.0966407896367954,-0.4724660826687775,196986971,435,33.25374799896963,33.522360001370544,63,63,63,2637611057,0,0,-40,1,99.95361900109856
10530.991892577,2005968522,65,64,1,0,11,66.36206899929675,-43,63,0.4896421845574537,-99.83443708609272,95.44857768052518,54.01247401247403,3.8827838827838974,7.274063188831742,-0.11311302777714151,-1.8791264651599104,1.595324578894231,1.41589488305122,-0.09510680884890975,-0.4724660826687775,-0.11044661672776616,-1.8791264651599104,1.5968740001889525,1.4097283440669042,-0.0966407896367954,-0.4724660826687775,196986971,440,33.35887499997625,0.3300949992990354,63,63,63,2637611057,0,0,-40,1,66.79630299913697
10531.025377465,2005968522,66,65,1,0,25,66.58291699932306,-43,63,0.4896421845574537,-99.83443708609272,95.44857768052518,54.01247401247403,3.8827838827838974,7.274063188831742,-0.11311302777714151,-1.8791264651599104,1.595324578894231,1.41589488305122,-0.09510680884890975,-0.4724660826687775,-0.11044661672776616,-1.8791264651599104,1.5968740001889525,1.4097283440669042,-0.0966407896367954,-0.4724660826687775,196986971,441,33.30079699844646,0.31224400117935147,63,63,63,2637611057,0,0,-40,1,66.98039399998379
10531.058509845,2005968522,67,67,1,0,11,32.63340400008019,-43,63,0.4896421845574537,-99.83443708609272,95.44857768052518,54.01247401247403,3.8827838827838974,7.274063188831742,-0.11311302777714151,-1.8791264651599104,1.595324578894231,1.41589488305122,-0.09510680884890975,-0.4724660826687775,-0.11044661672776616,-1.8791264651599104,1.5968740001889525,1.4097283440669042,-0.0966407896367954,-0.4724660826687775,196986971,446,33.617032999245566,0.1788990011846181,63,63,63,2637611057,0,0,-40,1,32.94557899971551
10531.124942182,2005968522,69,68,1,0,29,65.98548799956916,-43,63,0.4896421845574537,-99.83443708609272,95.44857768052518,54.01247401247403,3.8827838827838974,7.274063188831742,-0.11311302777714151,-1.8791264651599104,1.595324578894231,1.41589488305122,-0.09510680884890975,-0.4724660826687775,-0.11044661672776616,-1.8791264651599104,1.5968740001889525,1.4097283440669042,-0.0966407896367954,-0.4724660826687775,196986971,447,32.99064800012275,0.2957050000986783,63,63,63,2637611057,0,0,-40,1,66.38726799974393
10531.158456692,2005968522,70,70,1,0,7,33.06560199962405,-40,63,0.4896421845574537,-99.83443708609272,95.44857768052518,54.01247401247403,3.8827838827838974,7.274063188831742,-0.11311302777714151,-1.8791264651599104,1.595324578894231,1.41589488305122,-0.09510680884890975,-0.4724660826687775,-0.11044661672776616,-1.8791264651599104,1.5968740001889525,1.4097283440669042,-0.0966407896367954,-0.4724660826687775,196986971,450,33.20576199985226,0.3155859994876664,63,63,63,2637611057,0,0,-40,1,33.47196799950325
10531.225271931,2005968522,72,71,1,0,29,66.40640399928088,-40,63,0.41431261770243566,-99.83443708609272,95.44857768052518,54.01247401247403,3.8827838827838974,7.274063188831742,-0.11450025484746733,-1.8791264651599104,1.595324578894231,1.41589488305122,-0.09510680884890975,-0.4724660826687775,-0.11044661672776616,-1.8791264651599104,1.5968740001889525,1.4097283440669042,-0.0966407896367954,-0.4724660826687775,196986971,452,33.5132820000581,0.28655000096478034,63,63,63,2637611057,0,0,-41,1,66.77392500023416
10531.291757715,2005968522,74,73,1,0,11,66.01375200079929,-40,63,0.41431261770243566,-99.83443708609272,95.44857768052518,54.01247401247403,3.8827838827838974,7.274063188831742,-0.11450025484746733,-1.8791264651599104,1.595324578894231,1.41589488305122,-0.09510680884890975,-0.4724660826687775,-0.11044661672776616,-1.8791264651599104,1.5968740001889525,1.4097283440669042,-0.0966407896367954,-0.4724660826687775,196986971,455,33.41988399915863,0.3074930009461241,63,63,63,2637611057,0,0,-41,1,66.44022600085009
10531.324915511,2005968522,75,74,1,0,29,65.91903000116872,-40,63,0.41431261770243566,-99.83443708609272,95.44857768052518,54.01247401247403,3.8827838827838974,7.274063188831742,-0.11450025484746733,-1.8791264651599104,1.595324578894231,1.41589488305122,-0.09510680884890975,-0.4724660826687775,-0.11044661672776616,-1.8791264651599104,1.5968740001889525,1.4097283440669042,-0.0966407896367954,-0.4724660826687775,196986971,457,33.18070000022999,0.36328799978946336,63,63,63,2637611057,0,0,-41,1,66.41732200114348
10531.358548436,2005968522,76,76,1,0,9,33.099776999733876,-40,63,0.41431261770243566,-99.83443708609272,95.44857768052518,54.01247401247403,3.8827838827838974,7.274063188831742,-0.11450025484746733,-1.8791264651599104,1.595324578894231,1.41589488305122,-0.09510680884890975,-0.4724660826687775,-0.11044661672776616,-1.8791264651599104,1.5968740001889525,1.4097283440669042,-0.0966407896367954,-0.4724660826687775,196986971,461,33.49554299893498,0.060730000768671744,63,63,63,2637611057,0,0,-41,1,33.24708199943416
10531.425177873,2005968522,78,77,1,0,29,66.24629500038282,-40,63,0.41431261770243566,-99.83443708609272,95.44857768052518,54.01247401247403,3.8827838827838974,7.274063188831742,-0.11450025484746733,-1.8791264651599104,1.595324578894231,1.41589488305122,-0.09510680884890975,-0.4724660826687775,-0.11044661672776616,-1.8791264651599104,1.5968740001889525,1.4097283440669042,-0.0966407896367954,-0.4724660826687775,196986971,462,33.29005700106791,0.20607499936886597,63,63,63,2637611057,0,0,-41,1,66.5864619986678
10531.458336856,2005968522,79,79,1,0,11,32.69150999949488,-40,63,0.41431261770243566,-99.83443708609272,95.44857768052518,54.01247401247403,3.8827838827838974,7.274063188831742,-0.11450025484746733,-1.8791264651599104,1.595324578894231,1.41589488305122,-0.09510680884890975,-0.4724660826687775,-0.11044661672776616,-1.8791264651599104,1.5968740001889525,1.4097283440669042,-0.0966407896367954,-0.4724660826687775,196986971,465,33.669005999399815,0.3164830013702158,63,63,63,2637611057,0,0,-41,1,33.108637000623276
10531.525190138,2005968522,81,80,1,0,29,66.39663399982965,-40,63,0.41431261770243566,-99.83443708609272,95.44857768052518,54.01247401247403,3.8827838827838974,7.274063188831742,-0.11450025484746733,-1.8791264651599104,1.595324578894231,1.41589488305122,-0.09510680884890975,-0.4724660826687775,-0.11044661672776616,-1.8791264651599104,1.5968740001889525,1.4097283440669042,-0.0966407896367954,-0.4724660826687775,196986971,467,33.15214000031119,0.3022030014108168,63,63,63,2637611057,0,0,-41,1,66.80977900032303
10531.558283283,2005968522,82,82,1,0,11,32.60359200066887,-40,63,0.41431261770243566,-99.83443708609272,95.44857768052518,54.01247401247403,3.8827838827838974,7.274063188831742,-0.11450025484746733,-1.8791264651599104,1.595324578894231,1.41589488305122,-0.09510680884890975,-0.4724660826687775,-0.11044661672776616,-1.8791264651599104,1.5968740001889525,1.4097283440669042,-0.0966407896367954,-0.4724660826687775,196986971,470,33.47367599963036,0.3208779999113176,63,63,63,2637611057,0,0,-41,1,33.050427000489435
10531.625159133,2005968522,84,83,1,0,29,66.46340999941458,-40,63,0.41431261770243566,-99.83443708609272,95.44857768052518,54.01247401247403,3.8827838827838974,7.274063188831742,-0.11450025484746733,-1.8791264651599104,1.595324578894231,1.41589488305122,-0.09510680884890975,-0.4724660826687775,-0.11044661672776616,-1.8791264651599104,1.5968740001889525,1.4097283440669042,-0.0966407896367954,-0.4724660826687775,196986971,472,33.09468199950061,0.2805840013024863,63,63,63,2637611057,0,0,-41,1,66.83159500062175
10531.658545728,2005968522,85,85,1,0,15,32.97558200029016,-40,63,0.41431261770243566,-99.83443708609272,95.44857768052518,54.01247401247403,3.8827838827838974,7.274063188831742,-0.11450025484746733,-1.8791264651599104,1.595324578894231,1.41589488305122,-0.09510680884890975,-0.4724660826687775,-0.11044661672776616,-1.8791264651599104,1.5968740001889525,1.4097283440669042,-0.0966407896367954,-0.4724660826687775,196986971,475,33.46959400005289,0.2921659997809911,63,63,63,2637611057,0,0,-41,1,33.3465450003132
10531.725033462,2005968522,87,86,1,0,29,66.01632700039772,-40,63,0.41431261770243566,-99.83443708609272,95.44857768052518,54.01247401247403,3.8827838827838974,7.274063188831742,-0.11450025484746733,-1.8791264651599104,1.595324578894231,1.41589488305122,-0.09510680884890975,-0.4724660826687775,-0.11044661672776616,-1.8791264651599104,1.5968740001889525,1.4097283440669042,-0.0966407896367954,-0.4724660826687775,196986971,477,33.39477800000168,0.3060020007978892,63,63,63,2637611057,0,0,-41,1,66.43950100078655
10531.7587344,2005968522,88,88,1,0,11,33.295084000201314,-40,63,0.41431261770243566,-99.83443708609272,95.44857768052518,54.01247401247403,3.8827838827838974,7.274063188831742,-0.11450025484746733,-1.8791264651599104,1.595324578894231,1.41589488305122,-0.09510680884890975,-0.4724660826687775,-0.11044661672776616,-1.8791264651599104,1.5968740001889525,1.4097283440669042,-0.0966407896367954,-0.4724660826687775,196986971,480,33.41887699934887,0.2800580004986841,63,63,63,2637611057,0,0,-41,1,33.65551000024425
10531.82537985,2005968522,90,89,1,0,29,66.13731100151199,-40,63,0.41431261770243566,-99.83443708609272,95.44857768052518,54.01247401247403,3.8827838827838974,7.274063188831742,-0.11450025484746733,-1.8791264651599104,1.595324578894231,1.41589488305122,-0.09510680884890975,-0.4724660826687775,-0.11044661672776616,-1.8791264651599104,1.5968740001889525,1.4097283440669042,-0.0966407896367954,-0.4724660826687775,196986971,482,33.70340800029226,0.3259659988543717,63,63,63,2637611057,0,0,-41,1,66.59755200053041
10531.858603093,2005968522,91,91,1,0,15,32.694751000235556,-40,63,0.41431261770243566,-99.83443708609272,95.44857768052518,54.01247401247403,3.8827838827838974,7.274063188831742,-0.11450025484746733,-1.8791264651599104,1.595324578894231,1.41589488305122,-0.09510680884890975,-0.4724660826687775,-0.11044661672776616,-1.8791264651599104,1.5968740001889525,1.4097283440669042,-0.0966407896367954,-0.4724660826687775,196986971,485,33.78008099934959,0.32781200025056023,63,63,63,2637611057,0,0,-41,1,33.17308400073671
10531.925298528,2005968522,93,92,1,0,27,66.21950000044308,-40,63,0.41431261770243566,-99.83443708609272,95.44857768052518,54.01247401247403,3.8827838827838974,7.274063188831742,-0.11450025484746733,-1.8791264651599104,1.595324578894231,1.41589488305122,-0.09510680884890975,-0.4724660826687775,-0.11044661672776616,-1.8791264651599104,1.5968740001889525,1.4097283440669042,-0.0966407896367954,-0.4724660826687775,196986971,487,33.218291000594036,0.30604799940192606,63,63,63,2637611057,0,0,-41,1,66.65022800007137
10531.958473571,2005968522,94,94,1,0,11,28.874412999357446,-40,63,0.41431261770243566,-99.83443708609272,95.44857768052518,54.01247401247403,3.8827838827838974,7.274063188831742,-0.11450025484746733,-1.8791264651599104,1.595324578894231,1.41589488305122,-0.09510680884890975,-0.4724660826687775,-0.11044661672776616,-1.8791264651599104,1.5968740001889525,1.4097283440669042,-0.0966407896367954,-0.4724660826687775,196986971,490,33.44053399996483,4.11649699890404,63,63,63,2637611057,0,0,-41,1,33.127978998891194
10532.025125155,2005968522,96,95,1,0,21,66.24672699945222,-40,63,0.41431261770243566,-99.83443708609272,95.44857768052518,54.01247401247403,3.8827838827838974,7.274063188831742,-0.11450025484746733,-1.8791264651599104,1.595324578894231,1.41589488305122,-0.09510680884890975,-0.4724660826687775,-0.11044661672776616,-1.8791264651599104,1.5968740001889525,1.4097283440669042,-0.0966407896367954,-0.4724660826687775,196986971,492,33.16740599984769,0.28173999999125954,63,63,63,2637611057,0,0,-41,1,66.61215699932654
10532.058390766,2005968522,97,97,1,0,11,32.855909999852884,-40,63,0.41431261770243566,-99.83443708609272,95.44857768052518,54.01247401247403,3.8827838827838974,7.274063188831742,-0.11450025484746733,-1.8791264651599104,1.595324578894231,1.41589488305122,-0.09510680884890975,-0.4724660826687775,-0.11044661672776616,-1.8791264651599104,1.5968740001889525,1.4097283440669042,-0.0966407896367954,-0.4724660826687775,196986971,496,33.44851600013499,0.29245199948491063,63,63,63,2637611057,0,0,-41,1,33.2258489997912
10532.125370254,2005968522,99,98,1,0,29,66.57975300004182,-40,63,0.41431261770243566,-99.83443708609272,95.44857768052518,54.01247401247403,3.8827838827838974,7.274063188831742,-0.11450025484746733,-1.8791264651599104,1.595324578894231,1.41589488305122,-0.09510680884890975,-0.4724660826687775,-0.11044661672776616,-1.8791264651599104,1.5968740001889525,1.4097283440669042,-0.0966407896367954,-0.4724660826687775,196986971,497,33.26593400015554,0.2797249999275664,63,63,63,2637611057,0,0,-41,1,66.93940299919632
10532.158648382,2005968522,100,100,1,0,11,32.724733999202726,-40,63,0.41431261770243566,-99.83443708609272,95.44857768052518,54.01247401247403,3.8827838827838974,7.274063188831742,-0.11450025484746733,-1.8791264651599104,1.595324578894231,1.41589488305122,-0.09510680884890975,-0.4724660826687775,-0.11044661672776616,-1.8791264651599104,1.5968740001889525,1.4097283440669042,-0.0966407896367954,-0.4724660826687775,196986971,501,33.84392100088007,0.21003700021537952,63,63,63,2637611057,0,0,-41,1,33.05697199903079
10532.225048024,2005968522,102,101,1,0,27,65.90350499936903,-40,63,0.41431261770243566,-99.83443708609272,95.44857768052518,54.01247401247403,3.8827838827838974,7.274063188831742,-0.11450025484746733,-1.8791264651599104,1.595324578894231,1.41589488305122,-0.09510680884890975,-0.4724660826687775,-0.11044661672776616,-1.8791264651599104,1.5968740001889525,1.4097283440669042,-0.0966407896367954,-0.4724660826687775,196986971,502,33.103544999903534,0.31811100052436814,63,63,63,2637611057,0,0,-41,1,66.35306899988791
10532.258675804,2005968522,103,103,1,0,15,33.22272200057341,-42,63,0.41431261770243566,-99.83443708609272,95.44857768052518,54.01247401247403,3.8827838827838974,7.274063188831742,-0.11450025484746733,-1.8791264651599104,1.595324578894231,1.41589488305122,-0.09510680884890975,-0.4724660826687775,-0.11044661672776616,-1.8791264651599104,1.5968740001889525,1.4097283440669042,-0.0966407896367954,-0.4724660826687775,196986971,505,33.517809000841225,0.2843189995473949,63,63,63,2637611057,0,0,-41,1,33.586757999728434
