host_monotonic_s,session_id,command_sequence,applied_sequence,state,reject_reason,command_age_ms,ack_latency_ms,rssi_dbm,response_mask,leader_0,leader_1,leader_2,leader_3,leader_4,leader_5,target_0,target_1,target_2,target_3,target_4,target_5,measured_0,measured_1,measured_2,measured_3,measured_4,measured_5,leader_boot_session_id,leader_sample_sequence,leader_sample_gap_ms,leader_sample_age_ms,leader_response_mask,leader_model_mask,leader_torque_off_mask,leader_calibration_crc32,leader_read_errors,leader_torque_errors,leader_rssi_dbm,leader_recovery_count,control_chain_ack_latency_ms
12149.646506418,12670509,2,1,1,0,39,81.04584499960765,-49,63,,,,,,,,,,,,,-0.10891263593988053,-1.880660445947796,1.5968740001889525,1.4097283440669042,-0.0966407896367954,-0.4724660826687775,,,,,,,,,,,,,
12149.68232574,12670509,3,2,1,0,6,36.09726899958332,-49,63,0.4896421845574537,-99.83443708609272,95.53610503282275,53.84615384615387,4.029304029304043,7.200587803085965,-0.10891263593988053,-1.880660445947796,1.5968740001889525,1.4097283440669042,-0.0966407896367954,-0.4724660826687775,-0.10891263593988053,-1.880660445947796,1.5968740001889525,1.4097283440669042,-0.0966407896367954,-0.4724660826687775,,,,,,,,,,,,,
12149.749139263,12670509,5,4,1,0,11,64.98782400012715,-49,63,0.4896421845574537,-99.83443708609272,95.53610503282275,53.84615384615387,4.029304029304043,7.200587803085965,-0.10891263593988053,-1.880660445947796,1.5968740001889525,1.4097283440669042,-0.0966407896367954,-0.4724660826687775,-0.10891263593988053,-1.880660445947796,1.5968740001889525,1.4097283440669042,-0.0966407896367954,-0.4724660826687775,,,,,,,,,,,,,
12149.782551882,12670509,6,5,1,0,33,65.01607199970749,-49,63,0.4896421845574537,-99.83443708609272,95.53610503282275,53.84615384615387,4.029304029304043,7.200587803085965,-0.10891263593988053,-1.880660445947796,1.5968740001889525,1.4097283440669042,-0.0966407896367954,-0.4724660826687775,-0.10891263593988053,-1.880660445947796,1.5968740001889525,1.4097283440669042,-0.0966407896367954,-0.4724660826687775,,,,,,,,,,,,,
12149.849252585,12670509,8,7,1,0,15,64.69774799916195,-49,63,0.4896421845574537,-99.83443708609272,95.53610503282275,53.84615384615387,4.029304029304043,7.200587803085965,-0.10891263593988053,-1.880660445947796,1.5968740001889525,1.4097283440669042,-0.0966407896367954,-0.4724660826687775,-0.10891263593988053,-1.880660445947796,1.5968740001889525,1.4097283440669042,-0.0966407896367954,-0.4724660826687775,,,,,,,,,,,,,
12149.882573768,12670509,9,8,1,0,35,64.92886900014128,-49,63,0.4896421845574537,-99.83443708609272,95.53610503282275,53.84615384615387,4.029304029304043,7.200587803085965,-0.10891263593988053,-1.880660445947796,1.5968740001889525,1.4097283440669042,-0.0966407896367954,-0.4724660826687775,-0.10891263593988053,-1.880660445947796,1.5968740001889525,1.4097283440669042,-0.0966407896367954,-0.4724660826687775,,,,,,,,,,,,,
12149.949241356,12670509,11,10,1,0,11,64.71291799971368,-49,63,0.4896421845574537,-99.83443708609272,95.53610503282275,53.84615384615387,4.029304029304043,7.200587803085965,-0.10891263593988053,-1.880660445947796,1.5968740001889525,1.4097283440669042,-0.0966407896367954,-0.4724660826687775,-0.10891263593988053,-1.880660445947796,1.5968740001889525,1.4097283440669042,-0.0966407896367954,-0.4724660826687775,,,,,,,,,,,,,
12149.982713849,12670509,12,11,1,0,32,65.0956640001823,-49,63,0.4896421845574537,-99.83443708609272,95.53610503282275,53.84615384615387,4.029304029304043,7.200587803085965,-0.10891263593988053,-1.880660445947796,1.5968740001889525,1.4097283440669042,-0.0966407896367954,-0.4724660826687775,-0.10891263593988053,-1.880660445947796,1.5968740001889525,1.4097283440669042,-0.0966407896367954,-0.4724660826687775,,,,,,,,,,,,,
12150.04937408,12670509,14,13,1,0,11,64.64647499888088,-49,63,0.4896421845574537,-99.83443708609272,95.53610503282275,53.84615384615387,4.029304029304043,7.200587803085965,-0.10891263593988053,-1.880660445947796,1.5968740001889525,1.4097283440669042,-0.0966407896367954,-0.4724660826687775,-0.10891263593988053,-1.880660445947796,1.5968740001889525,1.4097283440669042,-0.0966407896367954,-0.4724660826687775,,,,,,,,,,,,,
12150.0827494,12670509,15,14,1,0,37,65.10006700045778,-49,63,0.4896421845574537,-99.83443708609272,95.53610503282275,53.84615384615387,4.029304029304043,7.200587803085965,-0.10891263593988053,-1.880660445947796,1.5968740001889525,1.4097283440669042,-0.0966407896367954,-0.4724660826687775,-0.10891263593988053,-1.880660445947796,1.5968740001889525,1.4097283440669042,-0.0966407896367954,-0.4724660826687775,,,,,,,,,,,,,
12150.149329853,12670509,17,16,1,0,13,64.54609499996877,-49,63,0.4896421845574537,-99.83443708609272,95.53610503282275,53.84615384615387,4.029304029304043,7.200587803085965,-0.10891263593988053,-1.880660445947796,1.5968740001889525,1.4097283440669042,-0.0966407896367954,-0.4724660826687775,-0.10891263593988053,-1.880660445947796,1.5968740001889525,1.4097283440669042,-0.0966407896367954,-0.4724660826687775,,,,,,,,,,,,,
12150.182789681,12670509,18,17,1,0,33,64.90578799821378,-49,63,0.4896421845574537,-99.83443708609272,95.53610503282275,53.84615384615387,4.029304029304043,7.200587803085965,-0.10891263593988053,-1.880660445947796,1.5968740001889525,1.4097283440669042,-0.0966407896367954,-0.4724660826687775,-0.10891263593988053,-1.880660445947796,1.5968740001889525,1.4097283440669042,-0.0966407896367954,-0.4724660826687775,,,,,,,,,,,,,
12150.249389276,12670509,20,19,1,0,15,64.59505599923432,-49,63,0.4896421845574537,-99.83443708609272,95.53610503282275,53.84615384615387,4.029304029304043,7.200587803085965,-0.10891263593988053,-1.880660445947796,1.5968740001889525,1.4097283440669042,-0.0966407896367954,-0.4724660826687775,-0.10891263593988053,-1.880660445947796,1.5968740001889525,1.4097283440669042,-0.0966407896367954,-0.4724660826687775,,,,,,,,,,,,,
12150.282689883,12670509,21,20,1,0,33,64.99446100133355,-49,63,0.4896421845574537,-99.83443708609272,95.53610503282275,53.84615384615387,4.029304029304043,7.200587803085965,-0.10891263593988053,-1.880660445947796,1.5968740001889525,1.4097283440669042,-0.0966407896367954,-0.4724660826687775,-0.10891263593988053,-1.880660445947796,1.5968740001889525,1.4097283440669042,-0.0966407896367954,-0.4724660826687775,,,,,,,,,,,,,
12150.349405984,12670509,23,22,1,0,18,64.81331599934492,-49,63,0.4896421845574537,-99.83443708609272,95.53610503282275,53.84615384615387,4.029304029304043,7.200587803085965,-0.10891263593988053,-1.880660445947796,1.5968740001889525,1.4097283440669042,-0.0966407896367954,-0.4724660826687775,-0.10891263593988053,-1.880660445947796,1.5968740001889525,1.4097283440669042,-0.0966407896367954,-0.4724660826687775,,,,,,,,,,,,,
12150.382481245,12670509,24,23,1,0,34,64.59397700018599,-49,63,0.4896421845574537,-99.83443708609272,95.53610503282275,53.84615384615387,4.029304029304043,7.200587803085965,-0.10891263593988053,-1.880660445947796,1.5968740001889525,1.4097283440669042,-0.0966407896367954,-0.4724660826687775,-0.10891263593988053,-1.880660445947796,1.5968740001889525,1.4097283440669042,-0.0966407896367954,-0.4724660826687775,,,,,,,,,,,,,
12150.41601525,12670509,25,25,1,0,12,31.582141000399133,-49,63,0.4896421845574537,-99.83443708609272,95.53610503282275,53.84615384615387,4.029304029304043,7.200587803085965,-0.10891263593988053,-1.880660445947796,1.5968740001889525,1.4097283440669042,-0.0966407896367954,-0.4724660826687775,-0.10891263593988053,-1.880660445947796,1.5968740001889525,1.4097283440669042,-0.0966407896367954,-0.4724660826687775,,,,,,,,,,,,,
12150.482752846,12670509,27,26,1,0,34,64.76692799878947,-49,63,0.4896421845574537,-99.83443708609272,95.53610503282275,53.84615384615387,4.029304029304043,7.200587803085965,-0.10891263593988053,-1.880660445947796,1.5968740001889525,1.4097283440669042,-0.0966407896367954,-0.4724660826687775,-0.10891263593988053,-1.880660445947796,1.5968740001889525,1.4097283440669042,-0.0966407896367954,-0.4724660826687775,,,,,,,,,,,,,
12150.582481552,12670509,30,29,1,0,18,64.71102600153245,-49,63,0.4896421845574537,-99.83443708609272,95.53610503282275,53.84615384615387,4.029304029304043,7.200587803085965,-0.10891263593988053,-1.880660445947796,1.5968740001889525,1.4097283440669042,-0.0966407896367954,-0.4724660826687775,-0.10891263593988053,-1.880660445947796,1.5968740001889525,1.4097283440669042,-0.0966407896367954,-0.4724660826687775,,,,,,,,,,,,,
12150.649363302,12670509,32,31,1,0,19,64.88169700060098,-48,63,0.4896421845574537,-99.83443708609272,95.53610503282275,53.84615384615387,4.029304029304043,7.200587803085965,-0.10891263593988053,-1.880660445947796,1.5968740001889525,1.4097283440669042,-0.0966407896367954,-0.4724660826687775,-0.10891263593988053,-1.880660445947796,1.5968740001889525,1.4097283440669042,-0.0966407896367954,-0.4724660826687775,,,,,,,,,,,,,
12150.716085917,12670509,34,32,1,0,33,98.1131850003294,-48,63,0.4896421845574537,-99.83443708609272,95.53610503282275,53.84615384615387,4.029304029304043,7.200587803085965,-0.10891263593988053,-1.880660445947796,1.5968740001889525,1.4097283440669042,-0.0966407896367954,-0.4724660826687775,-0.10891263593988053,-1.880660445947796,1.5968740001889525,1.4097283440669042,-0.0966407896367954,-0.4724660826687775,,,,,,,,,,,,,
12150.749243241,12670509,35,34,1,0,19,64.62217300031625,-48,63,0.4896421845574537,-99.83443708609272,95.53610503282275,53.84615384615387,4.029304029304043,7.200587803085965,-0.10891263593988053,-1.880660445947796,1.5968740001889525,1.4097283440669042,-0.0966407896367954,-0.4724660826687775,-0.10891263593988053,-1.880660445947796,1.5968740001889525,1.4097283440669042,-0.0966407896367954,-0.4724660826687775,,,,,,,,,,,,,
12150.782712643,12670509,36,35,1,0,34,64.56663100107107,-48,63,0.4896421845574537,-99.83443708609272,95.53610503282275,53.84615384615387,4.029304029304043,7.200587803085965,-0.10891263593988053,-1.880660445947796,1.5968740001889525,1.4097283440669042,-0.0966407896367954,-0.4724660826687775,-0.10891263593988053,-1.880660445947796,1.5968740001889525,1.4097283440669042,-0.0966407896367954,-0.4724660826687775,,,,,,,,,,,,,
12150.849281177,12670509,38,37,1,0,19,64.62123999881442,-48,63,0.4896421845574537,-99.83443708609272,95.53610503282275,53.84615384615387,4.029304029304043,7.200587803085965,-0.10891263593988053,-1.880660445947796,1.5968740001889525,1.4097283440669042,-0.0966407896367954,-0.4724660826687775,-0.10891263593988053,-1.880660445947796,1.5968740001889525,1.4097283440669042,-0.0966407896367954,-0.4724660826687775,,,,,,,,,,,,,
12150.882677198,12670509,39,38,1,0,33,64.9068000002444,-48,63,0.4896421845574537,-99.83443708609272,95.53610503282275,53.84615384615387,4.029304029304043,7.200587803085965,-0.10891263593988053,-1.880660445947796,1.5968740001889525,1.4097283440669042,-0.0966407896367954,-0.4724660826687775,-0.10891263593988053,-1.880660445947796,1.5968740001889525,1.4097283440669042,-0.0966407896367954,-0.4724660826687775,,,,,,,,,,,,,
12150.949235045,12670509,41,40,1,0,19,64.7262660004344,-48,63,0.4896421845574537,-99.83443708609272,95.53610503282275,53.84615384615387,4.029304029304043,7.200587803085965,-0.10891263593988053,-1.880660445947796,1.5968740001889525,1.4097283440669042,-0.0966407896367954,-0.4724660826687775,-0.10891263593988053,-1.880660445947796,1.5968740001889525,1.4097283440669042,-0.0966407896367954,-0.4724660826687775,,,,,,,,,,,,,
12150.982749752,12670509,42,41,1,0,31,64.99979399995937,-48,63,0.4896421845574537,-99.83443708609272,95.53610503282275,53.84615384615387,4.029304029304043,7.200587803085965,-0.10891263593988053,-1.880660445947796,1.5968740001889525,1.4097283440669042,-0.0966407896367954,-0.4724660826687775,-0.10891263593988053,-1.880660445947796,1.5968740001889525,1.4097283440669042,-0.0966407896367954,-0.4724660826687775,,,,,,,,,,,,,
12151.049325646,12670509,44,43,1,0,15,64.6480019986484,-48,63,0.4896421845574537,-99.83443708609272,95.53610503282275,53.84615384615387,4.029304029304043,7.200587803085965,-0.10891263593988053,-1.880660445947796,1.5968740001889525,1.4097283440669042,-0.0966407896367954,-0.4724660826687775,-0.10891263593988053,-1.880660445947796,1.5968740001889525,1.4097283440669042,-0.0966407896367954,-0.4724660826687775,,,,,,,,,,,,,
12151.082797256,12670509,45,44,1,0,33,64.97453299925837,-48,63,0.4896421845574537,-99.83443708609272,95.53610503282275,53.84615384615387,4.029304029304043,7.200587803085965,-0.10891263593988053,-1.880660445947796,1.5968740001889525,1.4097283440669042,-0.0966407896367954,-0.4724660826687775,-0.10891263593988053,-1.880660445947796,1.5968740001889525,1.4097283440669042,-0.0966407896367954,-0.4724660826687775,,,,,,,,,,,,,
12151.149396394,12670509,47,46,1,0,15,64.64879699888115,-48,63,0.4896421845574537,-99.83443708609272,95.53610503282275,53.84615384615387,4.029304029304043,7.200587803085965,-0.10891263593988053,-1.880660445947796,1.5968740001889525,1.4097283440669042,-0.0966407896367954,-0.4724660826687775,-0.10891263593988053,-1.880660445947796,1.5968740001889525,1.4097283440669042,-0.0966407896367954,-0.4724660826687775,,,,,,,,,,,,,
12151.18276958,12670509,48,47,1,0,33,64.91057499988528,-48,63,0.4896421845574537,-99.83443708609272,95.53610503282275,53.84615384615387,4.029304029304043,7.200587803085965,-0.10891263593988053,-1.880660445947796,1.5968740001889525,1.4097283440669042,-0.0966407896367954,-0.4724660826687775,-0.10891263593988053,-1.880660445947796,1.5968740001889525,1.4097283440669042,-0.0966407896367954,-0.4724660826687775,,,,,,,,,,,,,
12151.249485547,12670509,50,49,1,0,15,64.76283799929661,-48,63,0.4896421845574537,-99.83443708609272,95.53610503282275,53.84615384615387,4.029304029304043,7.200587803085965,-0.10891263593988053,-1.880660445947796,1.5968740001889525,1.4097283440669042,-0.0966407896367954,-0.4724660826687775,-0.10891263593988053,-1.880660445947796,1.5968740001889525,1.4097283440669042,-0.0966407896367954,-0.4724660826687775,,,,,,,,,,,,,
12151.282508687,12670509,51,50,1,0,34,64.65857500006678,-48,63,0.4896421845574537,-99.83443708609272,95.53610503282275,53.84615384615387,4.029304029304043,7.200587803085965,-0.10891263593988053,-1.880660445947796,1.5968740001889525,1.4097283440669042,-0.0966407896367954,-0.4724660826687775,-0.10891263593988053,-1.880660445947796,1.5968740001889525,1.4097283440669042,-0.0966407896367954,-0.4724660826687775,,,,,,,,,,,,,
12151.349242139,12670509,53,52,1,0,19,64.74795299982361,-48,63,0.4896421845574537,-99.83443708609272,95.53610503282275,53.84615384615387,4.029304029304043,7.200587803085965,-0.10891263593988053,-1.880660445947796,1.5968740001889525,1.4097283440669042,-0.0966407896367954,-0.4724660826687775,-0.10891263593988053,-1.880660445947796,1.5968740001889525,1.4097283440669042,-0.0966407896367954,-0.4724660826687775,,,,,,,,,,,,,
12151.382555595,12670509,54,53,1,0,33,64.95959000130824,-48,63,0.4896421845574537,-99.83443708609272,95.53610503282275,53.84615384615387,4.029304029304043,7.200587803085965,-0.10891263593988053,-1.880660445947796,1.5968740001889525,1.4097283440669042,-0.0966407896367954,-0.4724660826687775,-0.10891263593988053,-1.880660445947796,1.5968740001889525,1.4097283440669042,-0.0966407896367954,-0.4724660826687775,,,,,,,,,,,,,
12151.449381065,12670509,56,55,1,0,19,64.89892600075109,-48,63,0.4896421845574537,-99.83443708609272,95.53610503282275,53.84615384615387,4.029304029304043,7.200587803085965,-0.10891263593988053,-1.880660445947796,1.5968740001889525,1.4097283440669042,-0.0966407896367954,-0.4724660826687775,-0.10891263593988053,-1.880660445947796,1.5968740001889525,1.4097283440669042,-0.0966407896367954,-0.4724660826687775,,,,,,,,,,,,,
12151.482603092,12670509,57,56,1,0,34,64.92484099908324,-48,63,0.4896421845574537,-99.83443708609272,95.53610503282275,53.84615384615387,4.029304029304043,7.200587803085965,-0.10891263593988053,-1.880660445947796,1.5968740001889525,1.4097283440669042,-0.0966407896367954,-0.4724660826687775,-0.10891263593988053,-1.880660445947796,1.5968740001889525,1.4097283440669042,-0.0966407896367954,-0.4724660826687775,,,,,,,,,,,,,
12151.549486413,12670509,59,58,1,0,19,65.03883900040819,-48,63,0.4896421845574537,-99.83443708609272,95.53610503282275,53.84615384615387,4.029304029304043,7.200587803085965,-0.10891263593988053,-1.880660445947796,1.5968740001889525,1.4097283440669042,-0.0966407896367954,-0.4724660826687775,-0.10891263593988053,-1.880660445947796,1.5968740001889525,1.4097283440669042,-0.0966407896367954,-0.4724660826687775,,,,,,,,,,,,,
12151.582554385,12670509,60,59,1,0,33,64.67324900040694,-48,63,0.4896421845574537,-99.83443708609272,95.53610503282275,53.84615384615387,4.029304029304043,7.200587803085965,-0.10891263593988053,-1.880660445947796,1.5968740001889525,1.4097283440669042,-0.0966407896367954,-0.4724660826687775,-0.10891263593988053,-1.880660445947796,1.5968740001889525,1.4097283440669042,-0.0966407896367954,-0.4724660826687775,,,,,,,,,,,,,
12151.64915688,12670509,62,61,1,0,15,64.59408799855737,-48,63,0.4896421845574537,-99.83443708609272,95.53610503282275,53.84615384615387,4.029304029304043,7.200587803085965,-0.10891263593988053,-1.880660445947796,1.5968740001889525,1.4097283440669042,-0.0966407896367954,-0.4724660826687775,-0.10891263593988053,-1.880660445947796,1.5968740001889525,1.4097283440669042,-0.0966407896367954,-0.4724660826687775,,,,,,,,,,,,,
12151.682501449,12670509,63,62,1,0,31,64.72908599971561,-48,63,0.4896421845574537,-99.83443708609272,95.53610503282275,53.84615384615387,4.029304029304043,7.200587803085965,-0.10891263593988053,-1.880660445947796,1.5968740001889525,1.4097283440669042,-0.0966407896367954,-0.4724660826687775,-0.10891263593988053,-1.880660445947796,1.5968740001889525,1.4097283440669042,-0.0966407896367954,-0.4724660826687775,,,,,,,,,,,,,
12151.749399197,12670509,65,64,1,0,18,65.0904440008162,-49,63,0.4896421845574537,-99.83443708609272,95.53610503282275,53.84615384615387,4.029304029304043,7.200587803085965,-0.10891263593988053,-1.880660445947796,1.5968740001889525,1.4097283440669042,-0.0966407896367954,-0.4724660826687775,-0.10891263593988053,-1.880660445947796,1.5968740001889525,1.4097283440669042,-0.0966407896367954,-0.4724660826687775,,,,,,,,,,,,,
12151.815883051,12670509,67,65,1,0,33,98.11543199975858,-49,63,0.4896421845574537,-99.83443708609272,95.53610503282275,53.84615384615387,4.029304029304043,7.200587803085965,-0.10891263593988053,-1.880660445947796,1.5968740001889525,1.4097283440669042,-0.0966407896367954,-0.4724660826687775,-0.10891263593988053,-1.880660445947796,1.5968740001889525,1.4097283440669042,-0.0966407896367954,-0.4724660826687775,,,,,,,,,,,,,
12151.84935305,12670509,68,66,1,0,47,98.03291800017178,-49,63,0.4896421845574537,-99.83443708609272,95.53610503282275,53.84615384615387,4.029304029304043,7.200587803085965,-0.10891263593988053,-1.880660445947796,1.5968740001889525,1.4097283440669042,-0.0966407896367954,-0.4724660826687775,-0.10891263593988053,-1.880660445947796,1.5968740001889525,1.4097283440669042,-0.0966407896367954,-0.4724660826687775,,,,,,,,,,,,,
12151.88260522,12670509,69,68,1,0,34,64.91779899988614,-49,63,0.4896421845574537,-99.83443708609272,95.53610503282275,53.84615384615387,4.029304029304043,7.200587803085965,-0.10891263593988053,-1.880660445947796,1.5968740001889525,1.4097283440669042,-0.0966407896367954,-0.4724660826687775,-0.10891263593988053,-1.880660445947796,1.5968740001889525,1.4097283440669042,-0.0966407896367954,-0.4724660826687775,,,,,,,,,,,,,
12151.949426667,12670509,71,70,1,0,19,64.92570500086003,-49,63,0.4896421845574537,-99.83443708609272,95.53610503282275,53.84615384615387,4.029304029304043,7.200587803085965,-0.10891263593988053,-1.880660445947796,1.5968740001889525,1.4097283440669042,-0.0966407896367954,-0.4724660826687775,-0.10891263593988053,-1.880660445947796,1.5968740001889525,1.4097283440669042,-0.0966407896367954,-0.4724660826687775,,,,,,,,,,,,,
12152.01589118,12670509,73,71,1,0,12,98.29062900098506,-49,63,0.4896421845574537,-99.83443708609272,95.53610503282275,53.84615384615387,4.029304029304043,7.200587803085965,-0.10891263593988053,-1.880660445947796,1.5968740001889525,1.4097283440669042,-0.0966407896367954,-0.4724660826687775,-0.10891263593988053,-1.880660445947796,1.5968740001889525,1.4097283440669042,-0.0966407896367954,-0.4724660826687775,,,,,,,,,,,,,
12152.049466716,12670509,74,73,1,0,19,65.0941710009647,-49,63,0.4896421845574537,-99.83443708609272,95.53610503282275,53.84615384615387,4.029304029304043,7.200587803085965,-0.10891263593988053,-1.880660445947796,1.5968740001889525,1.4097283440669042,-0.0966407896367954,-0.4724660826687775,-0.10891263593988053,-1.880660445947796,1.5968740001889525,1.4097283440669042,-0.0966407896367954,-0.4724660826687775,,,,,,,,,,,,,
12152.082467836,12670509,75,74,1,0,34,64.54086700068729,-49,63,0.4896421845574537,-99.83443708609272,95.53610503282275,53.84615384615387,4.029304029304043,7.200587803085965,-0.10891263593988053,-1.880660445947796,1.5968740001889525,1.4097283440669042,-0.0966407896367954,-0.4724660826687775,-0.10891263593988053,-1.880660445947796,1.5968740001889525,1.4097283440669042,-0.0966407896367954,-0.4724660826687775,,,,,,,,,,,,,
12152.149389008,12670509,77,76,1,0,11,65.00167500053067,-49,63,0.4896421845574537,-99.83443708609272,95.53610503282275,53.84615384615387,4.029304029304043,7.200587803085965,-0.10891263593988053,-1.880660445947796,1.5968740001889525,1.4097283440669042,-0.0966407896367954,-0.4724660826687775,-0.10891263593988053,-1.880660445947796,1.5968740001889525,1.4097283440669042,-0.0966407896367954,-0.4724660826687775,,,,,,,,,,,,,
12152.182631458,12670509,78,77,1,0,34,65.0028759991983,-49,63,0.4896421845574537,-99.83443708609272,95.53610503282275,53.84615384615387,4.029304029304043,7.200587803085965,-0.10891263593988053,-1.880660445947796,1.5968740001889525,1.4097283440669042,-0.0966407896367954,-0.4724660826687775,-0.10891263593988053,-1.880660445947796,1.5968740001889525,1.4097283440669042,-0.0966407896367954,-0.4724660826687775,,,,,,,,,,,,,
12152.249463339,12670509,80,79,1,0,15,64.8711359990557,-49,63,0.4896421845574537,-99.83443708609272,95.53610503282275,53.84615384615387,4.029304029304043,7.200587803085965,-0.10891263593988053,-1.880660445947796,1.5968740001889525,1.4097283440669042,-0.0966407896367954,-0.4724660826687775,-0.10891263593988053,-1.880660445947796,1.5968740001889525,1.4097283440669042,-0.0966407896367954,-0.4724660826687775,,,,,,,,,,,,,
12152.282655494,12670509,81,80,1,0,34,64.84066200027883,-49,63,0.4896421845574537,-99.83443708609272,95.53610503282275,53.84615384615387,4.029304029304043,7.200587803085965,-0.10891263593988053,-1.880660445947796,1.5968740001889525,1.4097283440669042,-0.0966407896367954,-0.4724660826687775,-0.10891263593988053,-1.880660445947796,1.5968740001889525,1.4097283440669042,-0.0966407896367954,-0.4724660826687775,,,,,,,,,,,,,
12152.349431761,12670509,83,82,1,0,15,64.85943400002725,-49,63,0.4896421845574537,-99.83443708609272,95.53610503282275,53.84615384615387,4.029304029304043,7.200587803085965,-0.10891263593988053,-1.880660445947796,1.5968740001889525,1.4097283440669042,-0.0966407896367954,-0.4724660826687775,-0.10891263593988053,-1.880660445947796,1.5968740001889525,1.4097283440669042,-0.0966407896367954,-0.4724660826687775,,,,,,,,,,,,,
12152.415977884,12670509,85,83,1,0,37,98.10525200009579,-49,63,0.4896421845574537,-99.83443708609272,95.53610503282275,53.84615384615387,4.029304029304043,7.200587803085965,-0.10891263593988053,-1.880660445947796,1.5968740001889525,1.4097283440669042,-0.0966407896367954,-0.4724660826687775,-0.10891263593988053,-1.880660445947796,1.5968740001889525,1.4097283440669042,-0.0966407896367954,-0.4724660826687775,,,,,,,,,,,,,
12152.449314412,12670509,86,85,1,0,19,64.83237500106043,-49,63,0.4896421845574537,-99.83443708609272,95.53610503282275,53.84615384615387,4.029304029304043,7.200587803085965,-0.10891263593988053,-1.880660445947796,1.5968740001889525,1.4097283440669042,-0.0966407896367954,-0.4724660826687775,-0.10891263593988053,-1.880660445947796,1.5968740001889525,1.4097283440669042,-0.0966407896367954,-0.4724660826687775,,,,,,,,,,,,,
12152.515967939,12670509,88,86,1,0,33,98.02233099981095,-49,63,0.4896421845574537,-99.83443708609272,95.53610503282275,53.84615384615387,4.029304029304043,7.200587803085965,-0.10891263593988053,-1.880660445947796,1.5968740001889525,1.4097283440669042,-0.0966407896367954,-0.4724660826687775,-0.10891263593988053,-1.880660445947796,1.5968740001889525,1.4097283440669042,-0.0966407896367954,-0.4724660826687775,,,,,,,,,,,,,
12152.549407768,12670509,89,88,1,0,19,65.09663699944213,-49,63,0.4896421845574537,-99.83443708609272,95.53610503282275,53.84615384615387,4.029304029304043,7.200587803085965,-0.10891263593988053,-1.880660445947796,1.5968740001889525,1.4097283440669042,-0.0966407896367954,-0.4724660826687775,-0.10891263593988053,-1.880660445947796,1.5968740001889525,1.4097283440669042,-0.0966407896367954,-0.4724660826687775,,,,,,,,,,,,,
12152.582423164,12670509,90,89,1,0,34,64.53196499933256,-49,63,0.4896421845574537,-99.83443708609272,95.53610503282275,53.84615384615387,4.029304029304043,7.200587803085965,-0.10891263593988053,-1.880660445947796,1.5968740001889525,1.4097283440669042,-0.0966407896367954,-0.4724660826687775,-0.10891263593988053,-1.880660445947796,1.5968740001889525,1.4097283440669042,-0.0966407896367954,-0.4724660826687775,,,,,,,,,,,,,
12152.649135912,12670509,92,91,1,0,19,64.97999199928017,-49,63,0.4896421845574537,-99.83443708609272,95.53610503282275,53.84615384615387,4.029304029304043,7.200587803085965,-0.10891263593988053,-1.880660445947796,1.5968740001889525,1.4097283440669042,-0.0966407896367954,-0.4724660826687775,-0.10891263593988053,-1.880660445947796,1.5968740001889525,1.4097283440669042,-0.0966407896367954,-0.4724660826687775,,,,,,,,,,,,,
12152.68241197,12670509,93,92,1,0,38,65.08963699889136,-49,63,0.4896421845574537,-99.83443708609272,95.53610503282275,53.84615384615387,4.029304029304043,7.200587803085965,-0.10891263593988053,-1.880660445947796,1.5968740001889525,1.4097283440669042,-0.0966407896367954,-0.4724660826687775,-0.10891263593988053,-1.880660445947796,1.5968740001889525,1.4097283440669042,-0.0966407896367954,-0.4724660826687775,,,,,,,,,,,,,
12152.749089663,12670509,95,94,1,0,19,64.84650200036413,-49,63,0.4896421845574537,-99.83443708609272,95.53610503282275,53.84615384615387,4.029304029304043,7.200587803085965,-0.10891263593988053,-1.880660445947796,1.5968740001889525,1.4097283440669042,-0.0966407896367954,-0.4724660826687775,-0.10891263593988053,-1.880660445947796,1.5968740001889525,1.4097283440669042,-0.0966407896367954,-0.4724660826687775,,,,,,,,,,,,,
12152.815729707,12670509,97,95,1,0,33,98.35940999982995,-49,63,0.4896421845574537,-99.83443708609272,95.53610503282275,53.84615384615387,4.029304029304043,7.200587803085965,-0.10891263593988053,-1.880660445947796,1.5968740001889525,1.4097283440669042,-0.0966407896367954,-0.4724660826687775,-0.10891263593988053,-1.880660445947796,1.5968740001889525,1.4097283440669042,-0.0966407896367954,-0.4724660826687775,,,,,,,,,,,,,
12152.849218286,12670509,98,97,1,0,19,65.22493000011309,-49,63,0.4896421845574537,-99.83443708609272,95.53610503282275,53.84615384615387,4.029304029304043,7.200587803085965,-0.10891263593988053,-1.880660445947796,1.5968740001889525,1.4097283440669042,-0.0966407896367954,-0.4724660826687775,-0.10891263593988053,-1.880660445947796,1.5968740001889525,1.4097283440669042,-0.0966407896367954,-0.4724660826687775,,,,,,,,,,,,,
12152.915724123,12670509,100,98,1,0,36,98.2189690002997,-46,63,0.4896421845574537,-99.83443708609272,95.53610503282275,53.84615384615387,4.029304029304043,7.200587803085965,-0.10891263593988053,-1.880660445947796,1.5968740001889525,1.4097283440669042,-0.0966407896367954,-0.4724660826687775,-0.10891263593988053,-1.880660445947796,1.5968740001889525,1.4097283440669042,-0.0966407896367954,-0.4724660826687775,,,,,,,,,,,,,
12152.94926788,12670509,101,100,1,0,19,65.03175599937094,-46,63,0.4896421845574537,-99.83443708609272,95.53610503282275,53.84615384615387,4.029304029304043,7.200587803085965,-0.10891263593988053,-1.880660445947796,1.5968740001889525,1.4097283440669042,-0.0966407896367954,-0.4724660826687775,-0.10891263593988053,-1.880660445947796,1.5968740001889525,1.4097283440669042,-0.0966407896367954,-0.4724660826687775,,,,,,,,,,,,,
12152.982459198,12670509,102,101,1,0,35,64.84438599909481,-46,63,0.4896421845574537,-99.83443708609272,95.53610503282275,53.84615384615387,4.029304029304043,7.200587803085965,-0.10891263593988053,-1.880660445947796,1.5968740001889525,1.4097283440669042,-0.0966407896367954,-0.4724660826687775,-0.10891263593988053,-1.880660445947796,1.5968740001889525,1.4097283440669042,-0.0966407896367954,-0.4724660826687775,,,,,,,,,,,,,
12153.04895666,12670509,104,103,1,0,11,64.69931500032544,-46,63,0.4896421845574537,-99.83443708609272,95.53610503282275,53.84615384615387,4.029304029304043,7.200587803085965,-0.10891263593988053,-1.880660445947796,1.5968740001889525,1.4097283440669042,-0.0966407896367954,-0.4724660826687775,-0.10891263593988053,-1.880660445947796,1.5968740001889525,1.4097283440669042,-0.0966407896367954,-0.4724660826687775,,,,,,,,,,,,,
12153.115884318,12670509,106,104,1,0,37,98.57602600095561,-46,63,0.4896421845574537,-99.83443708609272,95.53610503282275,53.84615384615387,4.029304029304043,7.200587803085965,-0.10891263593988053,-1.880660445947796,1.5968740001889525,1.4097283440669042,-0.0966407896367954,-0.4724660826687775,-0.10891263593988053,-1.880660445947796,1.5968740001889525,1.4097283440669042,-0.0966407896367954,-0.4724660826687775,,,,,,,,,,,,,
12153.149434799,12670509,107,106,1,0,17,64.99947900010739,-46,63,0.4896421845574537,-99.83443708609272,95.53610503282275,53.84615384615387,4.029304029304043,7.200587803085965,-0.10891263593988053,-1.880660445947796,1.5968740001889525,1.4097283440669042,-0.0966407896367954,-0.4724660826687775,-0.10891263593988053,-1.880660445947796,1.5968740001889525,1.4097283440669042,-0.0966407896367954,-0.4724660826687775,,,,,,,,,,,,,
12153.182549651,12670509,108,107,1,0,33,64.68916999983776,-46,63,0.4896421845574537,-99.83443708609272,95.53610503282275,53.84615384615387,4.029304029304043,7.200587803085965,-0.10891263593988053,-1.880660445947796,1.5968740001889525,1.4097283440669042,-0.0966407896367954,-0.4724660826687775,-0.10891263593988053,-1.880660445947796,1.5968740001889525,1.4097283440669042,-0.0966407896367954,-0.4724660826687775,,,,,,,,,,,,,
12153.249259178,12670509,110,109,1,0,15,64.7584279995499,-46,63,0.4896421845574537,-99.83443708609272,95.53610503282275,53.84615384615387,4.029304029304043,7.200587803085965,-0.10891263593988053,-1.880660445947796,1.5968740001889525,1.4097283440669042,-0.0966407896367954,-0.4724660826687775,-0.10891263593988053,-1.880660445947796,1.5968740001889525,1.4097283440669042,-0.0966407896367954,-0.4724660826687775,,,,,,,,,,,,,
12153.282615367,12670509,111,110,1,0,34,64.92851899929519,-46,63,0.4896421845574537,-99.83443708609272,95.53610503282275,53.84615384615387,4.029304029304043,7.200587803085965,-0.10891263593988053,-1.880660445947796,1.5968740001889525,1.4097283440669042,-0.0966407896367954,-0.4724660826687775,-0.10891263593988053,-1.880660445947796,1.5968740001889525,1.4097283440669042,-0.0966407896367954,-0.4724660826687775,,,,,,,,,,,,,
12153.349287092,12670509,113,112,1,0,19,64.7367959991243,-46,63,0.4896421845574537,-99.83443708609272,95.53610503282275,53.84615384615387,4.029304029304043,7.200587803085965,-0.10891263593988053,-1.880660445947796,1.5968740001889525,1.4097283440669042,-0.0966407896367954,-0.4724660826687775,-0.10891263593988053,-1.880660445947796,1.5968740001889525,1.4097283440669042,-0.0966407896367954,-0.4724660826687775,,,,,,,,,,,,,
12153.382500736,12670509,114,113,1,0,34,64.82680299995991,-46,63,0.4896421845574537,-99.83443708609272,95.53610503282275,53.84615384615387,4.029304029304043,7.200587803085965,-0.10891263593988053,-1.880660445947796,1.5968740001889525,1.4097283440669042,-0.0966407896367954,-0.4724660826687775,-0.10891263593988053,-1.880660445947796,1.5968740001889525,1.4097283440669042,-0.0966407896367954,-0.4724660826687775,,,,,,,,,,,,,
12153.416047552,12670509,115,115,1,0,12,31.610420999641065,-46,63,0.4896421845574537,-99.83443708609272,95.53610503282275,53.84615384615387,4.029304029304043,7.200587803085965,-0.10891263593988053,-1.880660445947796,1.5968740001889525,1.4097283440669042,-0.0966407896367954,-0.4724660826687775,-0.10891263593988053,-1.880660445947796,1.5968740001889525,1.4097283440669042,-0.0966407896367954,-0.4724660826687775,,,,,,,,,,,,,
12153.482481171,12670509,117,116,1,0,29,64.46202500046638,-46,63,0.4896421845574537,-99.83443708609272,95.53610503282275,53.84615384615387,4.029304029304043,7.200587803085965,-0.10891263593988053,-1.880660445947796,1.5968740001889525,1.4097283440669042,-0.0966407896367954,-0.4724660826687775,-0.10891263593988053,-1.880660445947796,1.5968740001889525,1.4097283440669042,-0.0966407896367954,-0.4724660826687775,,,,,,,,,,,,,
12153.549153783,12670509,119,118,1,0,19,64.72408700028609,-46,63,0.4896421845574537,-99.83443708609272,95.53610503282275,53.84615384615387,4.029304029304043,7.200587803085965,-0.10891263593988053,-1.880660445947796,1.5968740001889525,1.4097283440669042,-0.0966407896367954,-0.4724660826687775,-0.10891263593988053,-1.880660445947796,1.5968740001889525,1.4097283440669042,-0.0966407896367954,-0.4724660826687775,,,,,,,,,,,,,
12153.582484516,12670509,120,119,1,0,33,64.86037899958319,-46,63,0.4896421845574537,-99.83443708609272,95.53610503282275,53.84615384615387,4.029304029304043,7.200587803085965,-0.10891263593988053,-1.880660445947796,1.5968740001889525,1.4097283440669042,-0.0966407896367954,-0.4724660826687775,-0.10891263593988053,-1.880660445947796,1.5968740001889525,1.4097283440669042,-0.0966407896367954,-0.4724660826687775,,,,,,,,,,,,,
12153.649320606,12670509,122,121,1,0,19,64.97661600042193,-46,63,0.4896421845574537,-99.83443708609272,95.53610503282275,53.84615384615387,4.029304029304043,7.200587803085965,-0.10891263593988053,-1.880660445947796,1.5968740001889525,1.4097283440669042,-0.0966407896367954,-0.4724660826687775,-0.10891263593988053,-1.880660445947796,1.5968740001889525,1.4097283440669042,-0.0966407896367954,-0.4724660826687775,,,,,,,,,,,,,
12153.682563411,12670509,123,122,1,0,33,64.6756659989478,-46,63,0.4896421845574537,-99.83443708609272,95.53610503282275,53.84615384615387,4.029304029304043,7.200587803085965,-0.10891263593988053,-1.880660445947796,1.5968740001889525,1.4097283440669042,-0.0966407896367954,-0.4724660826687775,-0.10891263593988053,-1.880660445947796,1.5968740001889525,1.4097283440669042,-0.0966407896367954,-0.4724660826687775,,,,,,,,,,,,,
12153.749280629,12670509,125,124,1,0,15,64.74800899923139,-46,63,0.4896421845574537,-99.83443708609272,95.53610503282275,53.84615384615387,4.029304029304043,7.200587803085965,-0.10891263593988053,-1.880660445947796,1.5968740001889525,1.4097283440669042,-0.0966407896367954,-0.4724660826687775,-0.10891263593988053,-1.880660445947796,1.5968740001889525,1.4097283440669042,-0.0966407896367954,-0.4724660826687775,,,,,,,,,,,,,
12153.816091614,12670509,127,125,1,0,30,98.15112199976284,-46,63,0.4896421845574537,-99.83443708609272,95.53610503282275,53.84615384615387,4.029304029304043,7.200587803085965,-0.10891263593988053,-1.880660445947796,1.5968740001889525,1.4097283440669042,-0.0966407896367954,-0.4724660826687775,-0.10891263593988053,-1.880660445947796,1.5968740001889525,1.4097283440669042,-0.0966407896367954,-0.4724660826687775,,,,,,,,,,,,,
12153.849402159,12670509,128,127,1,0,15,65.13172700033465,-46,63,0.4896421845574537,-99.83443708609272,95.53610503282275,53.84615384615387,4.029304029304043,7.200587803085965,-0.10891263593988053,-1.880660445947796,1.5968740001889525,1.4097283440669042,-0.0966407896367954,-0.4724660826687775,-0.10891263593988053,-1.880660445947796,1.5968740001889525,1.4097283440669042,-0.0966407896367954,-0.4724660826687775,,,,,,,,,,,,,
12153.915971208,12670509,130,128,1,0,33,97.87972300000547,-46,63,0.4896421845574537,-99.83443708609272,95.53610503282275,53.84615384615387,4.029304029304043,7.200587803085965,-0.10891263593988053,-1.880660445947796,1.5968740001889525,1.4097283440669042,-0.0966407896367954,-0.4724660826687775,-0.10891263593988053,-1.880660445947796,1.5968740001889525,1.4097283440669042,-0.0966407896367954,-0.4724660826687775,,,,,,,,,,,,,
12153.949270055,12670509,131,130,1,0,15,64.69998300053703,-46,63,0.4896421845574537,-99.83443708609272,95.53610503282275,53.84615384615387,4.029304029304043,7.200587803085965,-0.10891263593988053,-1.880660445947796,1.5968740001889525,1.4097283440669042,-0.0966407896367954,-0.4724660826687775,-0.10891263593988053,-1.880660445947796,1.5968740001889525,1.4097283440669042,-0.0966407896367954,-0.4724660826687775,,,,,,,,,,,,,
12153.982734608,12670509,132,131,1,0,3,64.7713409998687,-57,63,0.4896421845574537,-99.83443708609272,95.53610503282275,53.84615384615387,4.029304029304043,7.200587803085965,-0.10891263593988053,-1.880660445947796,1.5968740001889525,1.4097283440669042,-0.0966407896367954,-0.4724660826687775,-0.10891263593988053,-1.880660445947796,1.5968740001889525,1.4097283440669042,-0.0966407896367954,-0.4724660826687775,,,,,,,,,,,,,
12154.049393957,12670509,134,133,1,0,15,64.59787499989034,-57,63,0.4896421845574537,-99.83443708609272,95.53610503282275,53.84615384615387,4.029304029304043,7.200587803085965,-0.10891263593988053,-1.880660445947796,1.5968740001889525,1.4097283440669042,-0.0966407896367954,-0.4724660826687775,-0.10891263593988053,-1.880660445947796,1.5968740001889525,1.4097283440669042,-0.0966407896367954,-0.4724660826687775,,,,,,,,,,,,,
12154.082607034,12670509,135,134,1,0,33,64.74328200056334,-57,63,0.4896421845574537,-99.83443708609272,95.53610503282275,53.84615384615387,4.029304029304043,7.200587803085965,-0.10891263593988053,-1.880660445947796,1.5968740001889525,1.4097283440669042,-0.0966407896367954,-0.4724660826687775,-0.10891263593988053,-1.880660445947796,1.5968740001889525,1.4097283440669042,-0.0966407896367954,-0.4724660826687775,,,,,,,,,,,,,
12154.149199785,12670509,137,136,1,0,15,64.56436700136692,-57,63,0.4896421845574537,-99.83443708609272,95.53610503282275,53.84615384615387,4.029304029304043,7.200587803085965,-0.10891263593988053,-1.880660445947796,1.5968740001889525,1.4097283440669042,-0.0966407896367954,-0.4724660826687775,-0.10891263593988053,-1.880660445947796,1.5968740001889525,1.4097283440669042,-0.0966407896367954,-0.4724660826687775,,,,,,,,,,,,,
12154.182713159,12670509,138,137,1,0,33,65.11517800026922,-57,63,0.4896421845574537,-99.83443708609272,95.53610503282275,53.84615384615387,4.029304029304043,7.200587803085965,-0.10891263593988053,-1.880660445947796,1.5968740001889525,1.4097283440669042,-0.0966407896367954,-0.4724660826687775,-0.10891263593988053,-1.880660445947796,1.5968740001889525,1.4097283440669042,-0.0966407896367954,-0.4724660826687775,,,,,,,,,,,,,
12154.249337786,12670509,140,139,1,0,15,64.60299299942562,-57,63,0.4896421845574537,-99.83443708609272,95.53610503282275,53.84615384615387,4.029304029304043,7.200587803085965,-0.10891263593988053,-1.880660445947796,1.5968740001889525,1.4097283440669042,-0.0966407896367954,-0.4724660826687775,-0.10891263593988053,-1.880660445947796,1.5968740001889525,1.4097283440669042,-0.0966407896367954,-0.4724660826687775,,,,,,,,,,,,,
12154.316111206,12670509,142,140,1,0,34,98.09899799984123,-57,63,0.4896421845574537,-99.83443708609272,95.53610503282275,53.84615384615387,4.029304029304043,7.200587803085965,-0.10891263593988053,-1.880660445947796,1.5968740001889525,1.4097283440669042,-0.0966407896367954,-0.4724660826687775,-0.10891263593988053,-1.880660445947796,1.5968740001889525,1.4097283440669042,-0.0966407896367954,-0.4724660826687775,,,,,,,,,,,,,
12154.382751232,12670509,144,143,1,0,6,64.5928450012434,-57,63,0.4896421845574537,-99.83443708609272,95.53610503282275,53.84615384615387,4.029304029304043,7.200587803085965,-0.10891263593988053,-1.880660445947796,1.5968740001889525,1.4097283440669042,-0.0966407896367954,-0.4724660826687775,-0.10891263593988053,-1.880660445947796,1.5968740001889525,1.4097283440669042,-0.0966407896367954,-0.4724660826687775,,,,,,,,,,,,,
12154.449146929,12670509,146,145,1,0,15,64.32420100099989,-57,63,0.4896421845574537,-99.83443708609272,95.53610503282275,53.84615384615387,4.029304029304043,7.200587803085965,-0.10891263593988053,-1.880660445947796,1.5968740001889525,1.4097283440669042,-0.0966407896367954,-0.4724660826687775,-0.10891263593988053,-1.880660445947796,1.5968740001889525,1.4097283440669042,-0.0966407896367954,-0.4724660826687775,,,,,,,,,,,,,
12154.482708296,12670509,147,146,1,0,33,64.85903300017526,-57,63,0.4896421845574537,-99.83443708609272,95.53610503282275,53.84615384615387,4.029304029304043,7.200587803085965,-0.10891263593988053,-1.880660445947796,1.5968740001889525,1.4097283440669042,-0.0966407896367954,-0.4724660826687775,-0.10891263593988053,-1.880660445947796,1.5968740001889525,1.4097283440669042,-0.0966407896367954,-0.4724660826687775,,,,,,,,,,,,,
12154.515836061,12670509,148,148,1,0,13,31.16052800032776,-57,63,0.4896421845574537,-99.83443708609272,95.53610503282275,53.84615384615387,4.029304029304043,7.200587803085965,-0.10891263593988053,-1.880660445947796,1.5968740001889525,1.4097283440669042,-0.0966407896367954,-0.4724660826687775,-0.10891263593988053,-1.880660445947796,1.5968740001889525,1.4097283440669042,-0.0966407896367954,-0.4724660826687775,,,,,,,,,,,,,
12154.582581644,12670509,150,149,1,0,33,64.79840700012574,-57,63,0.4896421845574537,-99.83443708609272,95.53610503282275,53.84615384615387,4.029304029304043,7.200587803085965,-0.10891263593988053,-1.880660445947796,1.5968740001889525,1.4097283440669042,-0.0966407896367954,-0.4724660826687775,-0.10891263593988053,-1.880660445947796,1.5968740001889525,1.4097283440669042,-0.0966407896367954,-0.4724660826687775,,,,,,,,,,,,,
12154.615805933,12670509,151,151,1,0,19,31.37966899885214,-57,63,0.4896421845574537,-99.83443708609272,95.53610503282275,53.84615384615387,4.029304029304043,7.200587803085965,-0.10891263593988053,-1.880660445947796,1.5968740001889525,1.4097283440669042,-0.0966407896367954,-0.4724660826687775,-0.10891263593988053,-1.880660445947796,1.5968740001889525,1.4097283440669042,-0.0966407896367954,-0.4724660826687775,,,,,,,,,,,,,
12154.682482757,12670509,153,152,1,0,34,64.75656799921126,-57,63,0.4896421845574537,-99.83443708609272,95.53610503282275,53.84615384615387,4.029304029304043,7.200587803085965,-0.10891263593988053,-1.880660445947796,1.5968740001889525,1.4097283440669042,-0.0966407896367954,-0.4724660826687775,-0.10891263593988053,-1.880660445947796,1.5968740001889525,1.4097283440669042,-0.0966407896367954,-0.4724660826687775,,,,,,,,,,,,,
12154.715906189,12670509,154,154,1,0,19,31.5184089995455,-57,63,0.4896421845574537,-99.83443708609272,95.53610503282275,53.84615384615387,4.029304029304043,7.200587803085965,-0.10891263593988053,-1.880660445947796,1.5968740001889525,1.4097283440669042,-0.0966407896367954,-0.4724660826687775,-0.10891263593988053,-1.880660445947796,1.5968740001889525,1.4097283440669042,-0.0966407896367954,-0.4724660826687775,,,,,,,,,,,,,
12154.782719975,12670509,156,155,1,0,33,64.98258400097257,-57,63,0.4896421845574537,-99.83443708609272,95.53610503282275,53.84615384615387,4.029304029304043,7.200587803085965,-0.10891263593988053,-1.880660445947796,1.5968740001889525,1.4097283440669042,-0.0966407896367954,-0.4724660826687775,-0.10891263593988053,-1.880660445947796,1.5968740001889525,1.4097283440669042,-0.0966407896367954,-0.4724660826687775,,,,,,,,,,,,,
12154.815796783,12670509,157,157,1,0,19,31.134561999351718,-57,63,0.4896421845574537,-99.83443708609272,95.53610503282275,53.84615384615387,4.029304029304043,7.200587803085965,-0.10891263593988053,-1.880660445947796,1.5968740001889525,1.4097283440669042,-0.0966407896367954,-0.4724660826687775,-0.10891263593988053,-1.880660445947796,1.5968740001889525,1.4097283440669042,-0.0966407896367954,-0.4724660826687775,,,,,,,,,,,,,
12154.882613666,12670509,159,158,1,0,34,64.97149800088664,-57,63,0.4896421845574537,-99.83443708609272,95.53610503282275,53.84615384615387,4.029304029304043,7.200587803085965,-0.10891263593988053,-1.880660445947796,1.5968740001889525,1.4097283440669042,-0.0966407896367954,-0.4724660826687775,-0.10891263593988053,-1.880660445947796,1.5968740001889525,1.4097283440669042,-0.0966407896367954,-0.4724660826687775,,,,,,,,,,,,,
12154.949372149,12670509,161,160,1,0,19,64.81113299923891,-57,63,0.4896421845574537,-99.83443708609272,95.53610503282275,53.84615384615387,4.029304029304043,7.200587803085965,-0.10891263593988053,-1.880660445947796,1.5968740001889525,1.4097283440669042,-0.0966407896367954,-0.4724660826687775,-0.10891263593988053,-1.880660445947796,1.5968740001889525,1.4097283440669042,-0.0966407896367954,-0.4724660826687775,,,,,,,,,,,,,
12154.982646069,12670509,162,161,1,0,35,64.72712100003264,-57,63,0.4896421845574537,-99.83443708609272,95.53610503282275,53.84615384615387,4.029304029304043,7.200587803085965,-0.10891263593988053,-1.880660445947796,1.5968740001889525,1.4097283440669042,-0.0966407896367954,-0.4724660826687775,-0.10891263593988053,-1.880660445947796,1.5968740001889525,1.4097283440669042,-0.0966407896367954,-0.4724660826687775,,,,,,,,,,,,,
12155.049409027,12670509,164,163,1,0,19,64.8458390005544,-57,63,0.4896421845574537,-99.83443708609272,95.53610503282275,53.84615384615387,4.029304029304043,7.200587803085965,-0.10891263593988053,-1.880660445947796,1.5968740001889525,1.4097283440669042,-0.0966407896367954,-0.4724660826687775,-0.10891263593988053,-1.880660445947796,1.5968740001889525,1.4097283440669042,-0.0966407896367954,-0.4724660826687775,,,,,,,,,,,,,
12155.082656406,12670509,165,164,1,0,33,64.77864800035604,-57,63,0.4896421845574537,-99.83443708609272,95.53610503282275,53.84615384615387,4.029304029304043,7.200587803085965,-0.10891263593988053,-1.880660445947796,1.5968740001889525,1.4097283440669042,-0.0966407896367954,-0.4724660826687775,-0.10891263593988053,-1.880660445947796,1.5968740001889525,1.4097283440669042,-0.0966407896367954,-0.4724660826687775,,,,,,,,,,,,,
12155.115881338,12670509,166,166,1,0,15,31.29006400013168,-43,63,0.4896421845574537,-99.83443708609272,95.53610503282275,53.84615384615387,4.029304029304043,7.200587803085965,-0.10891263593988053,-1.880660445947796,1.5968740001889525,1.4097283440669042,-0.0966407896367954,-0.4724660826687775,-0.10891263593988053,-1.880660445947796,1.5968740001889525,1.4097283440669042,-0.0966407896367954,-0.4724660826687775,,,,,,,,,,,,,
12155.182575566,12670509,168,167,1,0,33,64.7302999987005,-43,63,0.4896421845574537,-99.83443708609272,95.53610503282275,53.84615384615387,4.029304029304043,7.200587803085965,-0.10891263593988053,-1.880660445947796,1.5968740001889525,1.4097283440669042,-0.0966407896367954,-0.4724660826687775,-0.10891263593988053,-1.880660445947796,1.5968740001889525,1.4097283440669042,-0.0966407896367954,-0.4724660826687775,,,,,,,,,,,,,
12155.249230001,12670509,170,169,1,0,19,64.72779199975776,-43,63,0.4896421845574537,-99.83443708609272,95.53610503282275,53.84615384615387,4.029304029304043,7.200587803085965,-0.10891263593988053,-1.880660445947796,1.5968740001889525,1.4097283440669042,-0.0966407896367954,-0.4724660826687775,-0.10891263593988053,-1.880660445947796,1.5968740001889525,1.4097283440669042,-0.0966407896367954,-0.4724660826687775,,,,,,,,,,,,,
12155.282458181,12670509,171,170,1,0,38,64.70438100041065,-43,63,0.4896421845574537,-99.83443708609272,95.53610503282275,53.84615384615387,4.029304029304043,7.200587803085965,-0.10891263593988053,-1.880660445947796,1.5968740001889525,1.4097283440669042,-0.0966407896367954,-0.4724660826687775,-0.10891263593988053,-1.880660445947796,1.5968740001889525,1.4097283440669042,-0.0966407896367954,-0.4724660826687775,,,,,,,,,,,,,
12155.349392813,12670509,173,172,1,0,19,65.01035299879732,-43,63,0.4896421845574537,-99.83443708609272,95.53610503282275,53.84615384615387,4.029304029304043,7.200587803085965,-0.10891263593988053,-1.880660445947796,1.5968740001889525,1.4097283440669042,-0.0966407896367954,-0.4724660826687775,-0.10891263593988053,-1.880660445947796,1.5968740001889525,1.4097283440669042,-0.0966407896367954,-0.4724660826687775,,,,,,,,,,,,,
12155.382567127,12670509,174,173,1,0,33,64.738708000732,-43,63,0.4896421845574537,-99.83443708609272,95.53610503282275,53.84615384615387,4.029304029304043,7.200587803085965,-0.10891263593988053,-1.880660445947796,1.5968740001889525,1.4097283440669042,-0.0966407896367954,-0.4724660826687775,-0.10891263593988053,-1.880660445947796,1.5968740001889525,1.4097283440669042,-0.0966407896367954,-0.4724660826687775,,,,,,,,,,,,,
12155.449235973,12670509,176,175,1,0,19,64.70392899973376,-43,63,0.4896421845574537,-99.83443708609272,95.53610503282275,53.84615384615387,4.029304029304043,7.200587803085965,-0.10891263593988053,-1.880660445947796,1.5968740001889525,1.4097283440669042,-0.0966407896367954,-0.4724660826687775,-0.10891263593988053,-1.880660445947796,1.5968740001889525,1.4097283440669042,-0.0966407896367954,-0.4724660826687775,,,,,,,,,,,,,
12155.482551669,12670509,177,176,1,0,33,64.94812900018587,-43,63,0.4896421845574537,-99.83443708609272,95.53610503282275,53.84615384615387,4.029304029304043,7.200587803085965,-0.10891263593988053,-1.880660445947796,1.5968740001889525,1.4097283440669042,-0.0966407896367954,-0.4724660826687775,-0.10891263593988053,-1.880660445947796,1.5968740001889525,1.4097283440669042,-0.0966407896367954,-0.4724660826687775,,,,,,,,,,,,,
12155.549404602,12670509,179,178,1,0,15,65.02792999890517,-43,63,0.4896421845574537,-99.83443708609272,95.53610503282275,53.84615384615387,4.029304029304043,7.200587803085965,-0.10891263593988053,-1.880660445947796,1.5968740001889525,1.4097283440669042,-0.0966407896367954,-0.4724660826687775,-0.10891263593988053,-1.880660445947796,1.5968740001889525,1.4097283440669042,-0.0966407896367954,-0.4724660826687775,,,,,,,,,,,,,
12155.582566562,12670509,180,179,1,0,33,64.94967799881124,-43,63,0.4896421845574537,-99.83443708609272,95.53610503282275,53.84615384615387,4.029304029304043,7.200587803085965,-0.10891263593988053,-1.880660445947796,1.5968740001889525,1.4097283440669042,-0.0966407896367954,-0.4724660826687775,-0.10891263593988053,-1.880660445947796,1.5968740001889525,1.4097283440669042,-0.0966407896367954,-0.4724660826687775,,,,,,,,,,,,,
12155.649289895,12670509,182,181,1,0,19,64.78621600035694,-43,63,0.4896421845574537,-99.83443708609272,95.53610503282275,53.84615384615387,4.029304029304043,7.200587803085965,-0.10891263593988053,-1.880660445947796,1.5968740001889525,1.4097283440669042,-0.0966407896367954,-0.4724660826687775,-0.10891263593988053,-1.880660445947796,1.5968740001889525,1.4097283440669042,-0.0966407896367954,-0.4724660826687775,,,,,,,,,,,,,
12155.682645039,12670509,183,182,1,0,34,64.98298400038038,-43,63,0.4896421845574537,-99.83443708609272,95.53610503282275,53.84615384615387,4.029304029304043,7.200587803085965,-0.10891263593988053,-1.880660445947796,1.5968740001889525,1.4097283440669042,-0.0966407896367954,-0.4724660826687775,-0.10891263593988053,-1.880660445947796,1.5968740001889525,1.4097283440669042,-0.0966407896367954,-0.4724660826687775,,,,,,,,,,,,,
12155.749296363,12670509,185,184,1,0,15,64.76439200014283,-43,63,0.4896421845574537,-99.83443708609272,95.53610503282275,53.84615384615387,4.029304029304043,7.200587803085965,-0.10891263593988053,-1.880660445947796,1.5968740001889525,1.4097283440669042,-0.0966407896367954,-0.4724660826687775,-0.10891263593988053,-1.880660445947796,1.5968740001889525,1.4097283440669042,-0.0966407896367954,-0.4724660826687775,,,,,,,,,,,,,
12155.782850591,12670509,186,185,1,0,33,65.00135799979034,-43,63,0.4896421845574537,-99.83443708609272,95.53610503282275,53.84615384615387,4.029304029304043,7.200587803085965,-0.10891263593988053,-1.880660445947796,1.5968740001889525,1.4097283440669042,-0.0966407896367954,-0.4724660826687775,-0.10891263593988053,-1.880660445947796,1.5968740001889525,1.4097283440669042,-0.0966407896367954,-0.4724660826687775,,,,,,,,,,,,,
12155.849191733,12670509,188,187,1,0,15,64.41693699889584,-43,63,0.4896421845574537,-99.83443708609272,95.53610503282275,53.84615384615387,4.029304029304043,7.200587803085965,-0.10891263593988053,-1.880660445947796,1.5968740001889525,1.4097283440669042,-0.0966407896367954,-0.4724660826687775,-0.10891263593988053,-1.880660445947796,1.5968740001889525,1.4097283440669042,-0.0966407896367954,-0.4724660826687775,,,,,,,,,,,,,
12155.882326312,12670509,189,188,1,0,37,64.77149300008023,-43,63,0.4896421845574537,-99.83443708609272,95.53610503282275,53.84615384615387,4.029304029304043,7.200587803085965,-0.10891263593988053,-1.880660445947796,1.5968740001889525,1.4097283440669042,-0.0966407896367954,-0.4724660826687775,-0.10891263593988053,-1.880660445947796,1.5968740001889525,1.4097283440669042,-0.0966407896367954,-0.4724660826687775,,,,,,,,,,,,,
12155.949382374,12670509,191,190,1,0,19,65.17964100021345,-43,63,0.4896421845574537,-99.83443708609272,95.53610503282275,53.84615384615387,4.029304029304043,7.200587803085965,-0.10891263593988053,-1.880660445947796,1.5968740001889525,1.4097283440669042,-0.0966407896367954,-0.4724660826687775,-0.10891263593988053,-1.880660445947796,1.5968740001889525,1.4097283440669042,-0.0966407896367954,-0.4724660826687775,,,,,,,,,,,,,
12155.982750694,12670509,192,191,1,0,28,65.08040399967285,-43,63,0.4896421845574537,-99.83443708609272,95.53610503282275,53.84615384615387,4.029304029304043,7.200587803085965,-0.10891263593988053,-1.880660445947796,1.5968740001889525,1.4097283440669042,-0.0966407896367954,-0.4724660826687775,-0.10891263593988053,-1.880660445947796,1.5968740001889525,1.4097283440669042,-0.0966407896367954,-0.4724660826687775,,,,,,,,,,,,,
12156.049316968,12670509,194,193,1,0,11,64.7127760003059,-43,63,0.4896421845574537,-99.83443708609272,95.53610503282275,53.84615384615387,4.029304029304043,7.200587803085965,-0.10891263593988053,-1.880660445947796,1.5968740001889525,1.4097283440669042,-0.0966407896367954,-0.4724660826687775,-0.10891263593988053,-1.880660445947796,1.5968740001889525,1.4097283440669042,-0.0966407896367954,-0.4724660826687775,,,,,,,,,,,,,
12156.082555131,12670509,195,194,1,0,33,64.85177800095698,-43,63,0.4896421845574537,-99.83443708609272,95.53610503282275,53.84615384615387,4.029304029304043,7.200587803085965,-0.10891263593988053,-1.880660445947796,1.5968740001889525,1.4097283440669042,-0.0966407896367954,-0.4724660826687775,-0.10891263593988053,-1.880660445947796,1.5968740001889525,1.4097283440669042,-0.0966407896367954,-0.4724660826687775,,,,,,,,,,,,,
12156.149205059,12670509,197,196,1,0,15,64.78657300067425,-43,63,0.4896421845574537,-99.83443708609272,95.53610503282275,53.84615384615387,4.029304029304043,7.200587803085965,-0.10891263593988053,-1.880660445947796,1.5968740001889525,1.4097283440669042,-0.0966407896367954,-0.4724660826687775,-0.10891263593988053,-1.880660445947796,1.5968740001889525,1.4097283440669042,-0.0966407896367954,-0.4724660826687775,,,,,,,,,,,,,
12156.182617992,12670509,198,197,1,0,33,65.01855700116721,-43,63,0.4896421845574537,-99.83443708609272,95.53610503282275,53.84615384615387,4.029304029304043,7.200587803085965,-0.10891263593988053,-1.880660445947796,1.5968740001889525,1.4097283440669042,-0.0966407896367954,-0.4724660826687775,-0.10891263593988053,-1.880660445947796,1.5968740001889525,1.4097283440669042,-0.0966407896367954,-0.4724660826687775,,,,,,,,,,,,,
12156.249541303,12670509,200,199,1,0,16,64.96141299976443,-47,63,0.4896421845574537,-99.83443708609272,95.53610503282275,53.84615384615387,4.029304029304043,7.200587803085965,-0.10891263593988053,-1.880660445947796,1.5968740001889525,1.4097283440669042,-0.0966407896367954,-0.4724660826687775,-0.10891263593988053,-1.880660445947796,1.5968740001889525,1.4097283440669042,-0.0966407896367954,-0.4724660826687775,,,,,,,,,,,,,
12156.282676223,12670509,201,200,1,0,33,64.8712889997114,-47,63,0.4896421845574537,-99.83443708609272,95.53610503282275,53.84615384615387,4.029304029304043,7.200587803085965,-0.10891263593988053,-1.880660445947796,1.5968740001889525,1.4097283440669042,-0.0966407896367954,-0.4724660826687775,-0.10891263593988053,-1.880660445947796,1.5968740001889525,1.4097283440669042,-0.0966407896367954,-0.4724660826687775,,,,,,,,,,,,,
12156.349374262,12670509,203,202,1,0,14,64.71967799916456,-47,63,0.4896421845574537,-99.83443708609272,95.53610503282275,53.84615384615387,4.029304029304043,7.200587803085965,-0.10891263593988053,-1.880660445947796,1.5968740001889525,1.4097283440669042,-0.0966407896367954,-0.4724660826687775,-0.10891263593988053,-1.880660445947796,1.5968740001889525,1.4097283440669042,-0.0966407896367954,-0.4724660826687775,,,,,,,,,,,,,
12156.415799435,12670509,205,203,1,0,31,98.18374099995708,-47,63,0.4896421845574537,-99.83443708609272,95.53610503282275,53.84615384615387,4.029304029304043,7.200587803085965,-0.10891263593988053,-1.880660445947796,1.5968740001889525,1.4097283440669042,-0.0966407896367954,-0.4724660826687775,-0.10891263593988053,-1.880660445947796,1.5968740001889525,1.4097283440669042,-0.0966407896367954,-0.4724660826687775,,,,,,,,,,,,,
12156.449192041,12670509,206,205,1,0,11,64.94322000071406,-47,63,0.4896421845574537,-99.83443708609272,95.53610503282275,53.84615384615387,4.029304029304043,7.200587803085965,-0.10891263593988053,-1.880660445947796,1.5968740001889525,1.4097283440669042,-0.0966407896367954,-0.4724660826687775,-0.10891263593988053,-1.880660445947796,1.5968740001889525,1.4097283440669042,-0.0966407896367954,-0.4724660826687775,,,,,,,,,,,,,
12156.482517182,12670509,207,206,1,0,33,64.7482439999294,-47,63,0.4896421845574537,-99.83443708609272,95.53610503282275,53.84615384615387,4.029304029304043,7.200587803085965,-0.10891263593988053,-1.880660445947796,1.5968740001889525,1.4097283440669042,-0.0966407896367954,-0.4724660826687775,-0.10891263593988053,-1.880660445947796,1.5968740001889525,1.4097283440669042,-0.0966407896367954,-0.4724660826687775,,,,,,,,,,,,,
12156.549177115,12670509,209,208,1,0,7,64.80512199959776,-47,63,0.4896421845574537,-99.83443708609272,95.53610503282275,53.84615384615387,4.029304029304043,7.200587803085965,-0.10891263593988053,-1.880660445947796,1.5968740001889525,1.4097283440669042,-0.0966407896367954,-0.4724660826687775,-0.10891263593988053,-1.880660445947796,1.5968740001889525,1.4097283440669042,-0.0966407896367954,-0.4724660826687775,,,,,,,,,,,,,
12156.582467732,12670509,210,209,1,0,11,64.7223039995879,-47,63,0.4896421845574537,-99.83443708609272,95.53610503282275,53.84615384615387,4.029304029304043,7.200587803085965,-0.10891263593988053,-1.880660445947796,1.5968740001889525,1.4097283440669042,-0.0966407896367954,-0.4724660826687775,-0.10891263593988053,-1.880660445947796,1.5968740001889525,1.4097283440669042,-0.0966407896367954,-0.4724660826687775,,,,,,,,,,,,,
12156.649241061,12670509,212,211,1,0,9,65.00763200165238,-47,63,0.4896421845574537,-99.83443708609272,95.53610503282275,53.84615384615387,4.029304029304043,7.200587803085965,-0.10891263593988053,-1.880660445947796,1.5968740001889525,1.4097283440669042,-0.0966407896367954,-0.4724660826687775,-0.10891263593988053,-1.880660445947796,1.5968740001889525,1.4097283440669042,-0.0966407896367954,-0.4724660826687775,,,,,,,,,,,,,
12156.682619762,12670509,213,212,1,0,33,65.02966100015328,-47,63,0.4896421845574537,-99.83443708609272,95.53610503282275,53.84615384615387,4.029304029304043,7.200587803085965,-0.10891263593988053,-1.880660445947796,1.5968740001889525,1.4097283440669042,-0.0966407896367954,-0.4724660826687775,-0.10891263593988053,-1.880660445947796,1.5968740001889525,1.4097283440669042,-0.0966407896367954,-0.4724660826687775,,,,,,,,,,,,,
12156.716101559,12670509,214,214,1,0,18,31.637308000426856,-47,63,0.4896421845574537,-99.83443708609272,95.53610503282275,53.84615384615387,4.029304029304043,7.200587803085965,-0.10891263593988053,-1.880660445947796,1.5968740001889525,1.4097283440669042,-0.0966407896367954,-0.4724660826687775,-0.10891263593988053,-1.880660445947796,1.5968740001889525,1.4097283440669042,-0.0966407896367954,-0.4724660826687775,,,,,,,,,,,,,
12156.782706674,12670509,216,215,1,0,34,64.66862599882006,-47,63,0.4896421845574537,-99.83443708609272,95.53610503282275,53.84615384615387,4.029304029304043,7.200587803085965,-0.10891263593988053,-1.880660445947796,1.5968740001889525,1.4097283440669042,-0.0966407896367954,-0.4724660826687775,-0.10891263593988053,-1.880660445947796,1.5968740001889525,1.4097283440669042,-0.0966407896367954,-0.4724660826687775,,,,,,,,,,,,,
12156.815867173,12670509,217,217,1,0,13,31.218764999721316,-47,63,0.4896421845574537,-99.83443708609272,95.53610503282275,53.84615384615387,4.029304029304043,7.200587803085965,-0.10891263593988053,-1.880660445947796,1.5968740001889525,1.4097283440669042,-0.0966407896367954,-0.4724660826687775,-0.10891263593988053,-1.880660445947796,1.5968740001889525,1.4097283440669042,-0.0966407896367954,-0.4724660826687775,,,,,,,,,,,,,
12156.916123924,12670509,220,218,1,0,31,98.3253379999951,-47,63,0.4896421845574537,-99.83443708609272,95.53610503282275,53.84615384615387,4.029304029304043,7.200587803085965,-0.10891263593988053,-1.880660445947796,1.5968740001889525,1.4097283440669042,-0.0966407896367954,-0.4724660826687775,-0.10891263593988053,-1.880660445947796,1.5968740001889525,1.4097283440669042,-0.0966407896367954,-0.4724660826687775,,,,,,,,,,,,,
12156.949461111,12670509,221,220,1,0,19,64.98713000110001,-47,63,0.4896421845574537,-99.83443708609272,95.53610503282275,53.84615384615387,4.029304029304043,7.200587803085965,-0.10891263593988053,-1.880660445947796,1.5968740001889525,1.4097283440669042,-0.0966407896367954,-0.4724660826687775,-0.10891263593988053,-1.880660445947796,1.5968740001889525,1.4097283440669042,-0.0966407896367954,-0.4724660826687775,,,,,,,,,,,,,
12156.982815055,12670509,222,221,1,0,31,64.77639300101146,-47,63,0.4896421845574537,-99.83443708609272,95.53610503282275,53.84615384615387,4.029304029304043,7.200587803085965,-0.10891263593988053,-1.880660445947796,1.5968740001889525,1.4097283440669042,-0.0966407896367954,-0.4724660826687775,-0.10891263593988053,-1.880660445947796,1.5968740001889525,1.4097283440669042,-0.0966407896367954,-0.4724660826687775,,,,,,,,,,,,,
12157.049420439,12670509,224,223,1,0,15,64.62253000063356,-47,63,0.4896421845574537,-99.83443708609272,95.53610503282275,53.84615384615387,4.029304029304043,7.200587803085965,-0.10891263593988053,-1.880660445947796,1.5968740001889525,1.4097283440669042,-0.0966407896367954,-0.4724660826687775,-0.10891263593988053,-1.880660445947796,1.5968740001889525,1.4097283440669042,-0.0966407896367954,-0.4724660826687775,,,,,,,,,,,,,
12157.082713265,12670509,225,224,1,0,33,64.78464799874928,-47,63,0.4896421845574537,-99.83443708609272,95.53610503282275,53.84615384615387,4.029304029304043,7.200587803085965,-0.10891263593988053,-1.880660445947796,1.5968740001889525,1.4097283440669042,-0.0966407896367954,-0.4724660826687775,-0.10891263593988053,-1.880660445947796,1.5968740001889525,1.4097283440669042,-0.0966407896367954,-0.4724660826687775,,,,,,,,,,,,,
12157.149154161,12670509,227,226,1,0,19,64.49525899915898,-47,63,0.4896421845574537,-99.83443708609272,95.53610503282275,53.84615384615387,4.029304029304043,7.200587803085965,-0.10891263593988053,-1.880660445947796,1.5968740001889525,1.4097283440669042,-0.0966407896367954,-0.4724660826687775,-0.10891263593988053,-1.880660445947796,1.5968740001889525,1.4097283440669042,-0.0966407896367954,-0.4724660826687775,,,,,,,,,,,,,
12157.182633642,12670509,228,227,1,0,37,65.09621400073229,-47,63,0.4896421845574537,-99.83443708609272,95.53610503282275,53.84615384615387,4.029304029304043,7.200587803085965,-0.10891263593988053,-1.880660445947796,1.5968740001889525,1.4097283440669042,-0.0966407896367954,-0.4724660826687775,-0.10891263593988053,-1.880660445947796,1.5968740001889525,1.4097283440669042,-0.0966407896367954,-0.4724660826687775,,,,,,,,,,,,,
12157.249194386,12670509,230,229,1,0,15,64.67215399970883,-47,63,0.4896421845574537,-99.83443708609272,95.53610503282275,53.84615384615387,4.029304029304043,7.200587803085965,-0.10891263593988053,-1.880660445947796,1.5968740001889525,1.4097283440669042,-0.0966407896367954,-0.4724660826687775,-0.10891263593988053,-1.880660445947796,1.5968740001889525,1.4097283440669042,-0.0966407896367954,-0.4724660826687775,,,,,,,,,,,,,
12157.28255536,12670509,231,230,1,0,33,64.83487599871296,-47,63,0.4896421845574537,-99.83443708609272,95.53610503282275,53.84615384615387,4.029304029304043,7.200587803085965,-0.10891263593988053,-1.880660445947796,1.5968740001889525,1.4097283440669042,-0.0966407896367954,-0.4724660826687775,-0.10891263593988053,-1.880660445947796,1.5968740001889525,1.4097283440669042,-0.0966407896367954,-0.4724660826687775,,,,,,,,,,,,,
12157.349403746,12670509,233,232,1,0,15,64.91374200049904,-47,63,0.4896421845574537,-99.83443708609272,95.53610503282275,53.84615384615387,4.029304029304043,7.200587803085965,-0.10891263593988053,-1.880660445947796,1.5968740001889525,1.4097283440669042,-0.0966407896367954,-0.4724660826687775,-0.10891263593988053,-1.880660445947796,1.5968740001889525,1.4097283440669042,-0.0966407896367954,-0.4724660826687775,,,,,,,,,,,,,
12157.382588199,12670509,234,233,1,0,29,64.96117200003937,-53,63,0.4896421845574537,-99.83443708609272,95.53610503282275,53.84615384615387,4.029304029304043,7.200587803085965,-0.10891263593988053,-1.880660445947796,1.5968740001889525,1.4097283440669042,-0.0966407896367954,-0.4724660826687775,-0.10891263593988053,-1.880660445947796,1.5968740001889525,1.4097283440669042,-0.0966407896367954,-0.4724660826687775,,,,,,,,,,,,,
12157.449419877,12670509,236,235,1,0,19,64.98990799991589,-53,63,0.4896421845574537,-99.83443708609272,95.53610503282275,53.84615384615387,4.029304029304043,7.200587803085965,-0.10891263593988053,-1.880660445947796,1.5968740001889525,1.4097283440669042,-0.0966407896367954,-0.4724660826687775,-0.10891263593988053,-1.880660445947796,1.5968740001889525,1.4097283440669042,-0.0966407896367954,-0.4724660826687775,,,,,,,,,,,,,
12157.482600852,12670509,237,236,1,0,33,64.92686999990838,-53,63,0.4896421845574537,-99.83443708609272,95.53610503282275,53.84615384615387,4.029304029304043,7.200587803085965,-0.10891263593988053,-1.880660445947796,1.5968740001889525,1.4097283440669042,-0.0966407896367954,-0.4724660826687775,-0.10891263593988053,-1.880660445947796,1.5968740001889525,1.4097283440669042,-0.0966407896367954,-0.4724660826687775,,,,,,,,,,,,,
12157.549149581,12670509,239,238,1,0,15,64.62204399940674,-53,63,0.4896421845574537,-99.83443708609272,95.53610503282275,53.84615384615387,4.029304029304043,7.200587803085965,-0.10891263593988053,-1.880660445947796,1.5968740001889525,1.4097283440669042,-0.0966407896367954,-0.4724660826687775,-0.10891263593988053,-1.880660445947796,1.5968740001889525,1.4097283440669042,-0.0966407896367954,-0.4724660826687775,,,,,,,,,,,,,
12157.615857108,12670509,241,241,1,0,19,31.543052000415628,-53,63,0.4896421845574537,-99.83443708609272,95.53610503282275,53.84615384615387,4.029304029304043,7.200587803085965,-0.10891263593988053,-1.880660445947796,1.5968740001889525,1.4097283440669042,-0.0966407896367954,-0.4724660826687775,-0.10891263593988053,-1.880660445947796,1.5968740001889525,1.4097283440669042,-0.0966407896367954,-0.4724660826687775,,,,,,,,,,,,,
12157.6826867,12670509,243,242,1,0,34,64.91652799923031,-53,63,0.41431261770243566,-99.83443708609272,95.53610503282275,53.84615384615387,4.029304029304043,7.200587803085965,-0.11029986301020633,-1.880660445947796,1.5968740001889525,1.4097283440669042,-0.0966407896367954,-0.4724660826687775,-0.10891263593988053,-1.880660445947796,1.5968740001889525,1.4097283440669042,-0.0966407896367954,-0.4724660826687775,,,,,,,,,,,,,
12157.74938567,12670509,245,244,1,0,15,64.74922000052175,-53,63,0.41431261770243566,-99.83443708609272,95.53610503282275,53.84615384615387,4.029304029304043,7.200587803085965,-0.11029986301020633,-1.880660445947796,1.5968740001889525,1.4097283440669042,-0.0966407896367954,-0.4724660826687775,-0.10891263593988053,-1.880660445947796,1.5968740001889525,1.4097283440669042,-0.0966407896367954,-0.4724660826687775,,,,,,,,,,,,,
12157.782788931,12670509,246,245,1,0,33,64.68614199911826,-53,63,0.41431261770243566,-99.83443708609272,95.53610503282275,53.84615384615387,4.029304029304043,7.200587803085965,-0.11029986301020633,-1.880660445947796,1.5968740001889525,1.4097283440669042,-0.0966407896367954,-0.4724660826687775,-0.10891263593988053,-1.880660445947796,1.5968740001889525,1.4097283440669042,-0.0966407896367954,-0.4724660826687775,,,,,,,,,,,,,
12157.849418153,12670509,248,247,1,0,19,64.6524120002141,-53,63,0.41431261770243566,-99.83443708609272,95.53610503282275,53.84615384615387,4.029304029304043,7.200587803085965,-0.11029986301020633,-1.880660445947796,1.5968740001889525,1.4097283440669042,-0.0966407896367954,-0.4724660826687775,-0.10891263593988053,-1.880660445947796,1.5968740001889525,1.4097283440669042,-0.0966407896367954,-0.4724660826687775,,,,,,,,,,,,,
12157.882688506,12670509,249,248,1,0,36,64.78888899982849,-53,63,0.41431261770243566,-99.83443708609272,95.53610503282275,53.84615384615387,4.029304029304043,7.200587803085965,-0.11029986301020633,-1.880660445947796,1.5968740001889525,1.4097283440669042,-0.0966407896367954,-0.4724660826687775,-0.10891263593988053,-1.880660445947796,1.5968740001889525,1.4097283440669042,-0.0966407896367954,-0.4724660826687775,,,,,,,,,,,,,
12157.94946165,12670509,251,250,1,0,19,64.85111499932827,-53,63,0.41431261770243566,-99.83443708609272,95.53610503282275,53.84615384615387,4.029304029304043,7.200587803085965,-0.11029986301020633,-1.880660445947796,1.5968740001889525,1.4097283440669042,-0.0966407896367954,-0.4724660826687775,-0.10891263593988053,-1.880660445947796,1.5968740001889525,1.4097283440669042,-0.0966407896367954,-0.4724660826687775,,,,,,,,,,,,,
12157.982525954,12670509,252,251,1,0,28,64.79855299949122,-53,63,0.41431261770243566,-99.83443708609272,95.53610503282275,53.84615384615387,4.029304029304043,7.200587803085965,-0.11029986301020633,-1.880660445947796,1.5968740001889525,1.4097283440669042,-0.0966407896367954,-0.4724660826687775,-0.10891263593988053,-1.880660445947796,1.5968740001889525,1.4097283440669042,-0.0966407896367954,-0.4724660826687775,,,,,,,,,,,,,
12158.015945543,12670509,253,253,1,0,17,31.572203000905574,-53,63,0.41431261770243566,-99.83443708609272,95.53610503282275,53.84615384615387,4.029304029304043,7.200587803085965,-0.11029986301020633,-1.880660445947796,1.5968740001889525,1.4097283440669042,-0.0966407896367954,-0.4724660826687775,-0.10891263593988053,-1.880660445947796,1.5968740001889525,1.4097283440669042,-0.0966407896367954,-0.4724660826687775,,,,,,,,,,,,,
12158.082772855,12670509,255,254,1,0,33,65.07607599996845,-53,63,0.41431261770243566,-99.83443708609272,95.53610503282275,53.84615384615387,4.029304029304043,7.200587803085965,-0.11029986301020633,-1.880660445947796,1.5968740001889525,1.4097283440669042,-0.0966407896367954,-0.4724660826687775,-0.10891263593988053,-1.880660445947796,1.5968740001889525,1.4097283440669042,-0.0966407896367954,-0.4724660826687775,,,,,,,,,,,,,
12158.149700939,12670509,257,256,1,0,15,64.93760400007886,-53,63,0.41431261770243566,-99.83443708609272,95.53610503282275,53.84615384615387,4.029304029304043,7.200587803085965,-0.11029986301020633,-1.880660445947796,1.5968740001889525,1.4097283440669042,-0.0966407896367954,-0.4724660826687775,-0.10891263593988053,-1.880660445947796,1.5968740001889525,1.4097283440669042,-0.0966407896367954,-0.4724660826687775,,,,,,,,,,,,,
12158.182804339,12670509,258,257,1,0,29,64.93188399872452,-53,63,0.41431261770243566,-99.83443708609272,95.53610503282275,53.84615384615387,4.029304029304043,7.200587803085965,-0.11029986301020633,-1.880660445947796,1.5968740001889525,1.4097283440669042,-0.0966407896367954,-0.4724660826687775,-0.10891263593988053,-1.880660445947796,1.5968740001889525,1.4097283440669042,-0.0966407896367954,-0.4724660826687775,,,,,,,,,,,,,
12158.216199426,12670509,259,259,1,0,14,31.373517000247375,-53,63,0.41431261770243566,-99.83443708609272,95.53610503282275,53.84615384615387,4.029304029304043,7.200587803085965,-0.11029986301020633,-1.880660445947796,1.5968740001889525,1.4097283440669042,-0.0966407896367954,-0.4724660826687775,-0.10891263593988053,-1.880660445947796,1.5968740001889525,1.4097283440669042,-0.0966407896367954,-0.4724660826687775,,,,,,,,,,,,,
12158.282693511,12670509,261,260,1,0,33,64.4764180015045,-53,63,0.41431261770243566,-99.83443708609272,95.53610503282275,53.84615384615387,4.029304029304043,7.200587803085965,-0.11029986301020633,-1.880660445947796,1.5968740001889525,1.4097283440669042,-0.0966407896367954,-0.4724660826687775,-0.10891263593988053,-1.880660445947796,1.5968740001889525,1.4097283440669042,-0.0966407896367954,-0.4724660826687775,,,,,,,,,,,,,
12158.349514356,12670509,263,262,1,0,19,64.8153589991125,-53,63,0.41431261770243566,-99.83443708609272,95.53610503282275,53.84615384615387,4.029304029304043,7.200587803085965,-0.11029986301020633,-1.880660445947796,1.5968740001889525,1.4097283440669042,-0.0966407896367954,-0.4724660826687775,-0.10891263593988053,-1.880660445947796,1.5968740001889525,1.4097283440669042,-0.0966407896367954,-0.4724660826687775,,,,,,,,,,,,,
12158.382726108,12670509,264,263,1,0,34,64.80789000124787,-53,63,0.41431261770243566,-99.83443708609272,95.53610503282275,53.84615384615387,4.029304029304043,7.200587803085965,-0.11029986301020633,-1.880660445947796,1.5968740001889525,1.4097283440669042,-0.0966407896367954,-0.4724660826687775,-0.10891263593988053,-1.880660445947796,1.5968740001889525,1.4097283440669042,-0.0966407896367954,-0.4724660826687775,,,,,,,,,,,,,
12158.449664617,12670509,266,265,1,0,15,64.91817699861713,-53,63,0.41431261770243566,-99.83443708609272,95.53610503282275,53.84615384615387,4.029304029304043,7.200587803085965,-0.11029986301020633,-1.880660445947796,1.5968740001889525,1.4097283440669042,-0.0966407896367954,-0.4724660826687775,-0.10891263593988053,-1.880660445947796,1.5968740001889525,1.4097283440669042,-0.0966407896367954,-0.4724660826687775,,,,,,,,,,,,,
12158.482709591,12670509,267,266,1,0,33,64.78036500084272,-53,63,0.41431261770243566,-99.83443708609272,95.53610503282275,53.84615384615387,4.029304029304043,7.200587803085965,-0.11029986301020633,-1.880660445947796,1.5968740001889525,1.4097283440669042,-0.0966407896367954,-0.4724660826687775,-0.10891263593988053,-1.880660445947796,1.5968740001889525,1.4097283440669042,-0.0966407896367954,-0.4724660826687775,,,,,,,,,,,,,
12158.516450093,12670509,268,268,1,0,15,31.735743999888655,-47,63,0.41431261770243566,-99.83443708609272,95.53610503282275,53.84615384615387,4.029304029304043,7.200587803085965,-0.11029986301020633,-1.880660445947796,1.5968740001889525,1.4097283440669042,-0.0966407896367954,-0.4724660826687775,-0.10891263593988053,-1.880660445947796,1.5968740001889525,1.4097283440669042,-0.0966407896367954,-0.4724660826687775,,,,,,,,,,,,,
12158.582780518,12670509,270,269,1,0,38,64.31139199958125,-47,63,0.41431261770243566,-99.83443708609272,95.53610503282275,53.84615384615387,4.029304029304043,7.200587803085965,-0.11029986301020633,-1.880660445947796,1.5968740001889525,1.4097283440669042,-0.0966407896367954,-0.4724660826687775,-0.10891263593988053,-1.880660445947796,1.5968740001889525,1.4097283440669042,-0.0966407896367954,-0.4724660826687775,,,,,,,,,,,,,
12158.616064453,12670509,271,271,1,0,17,31.49496799960616,-47,63,0.4896421845574537,-99.83443708609272,95.53610503282275,53.84615384615387,4.029304029304043,7.200587803085965,-0.10891263593988053,-1.880660445947796,1.5968740001889525,1.4097283440669042,-0.0966407896367954,-0.4724660826687775,-0.10891263593988053,-1.880660445947796,1.5968740001889525,1.4097283440669042,-0.0966407896367954,-0.4724660826687775,,,,,,,,,,,,,
12158.68268355,12670509,273,272,1,0,34,64.80259300042235,-47,63,0.7156308851224082,-99.83443708609272,95.53610503282275,53.84615384615387,4.029304029304043,7.200587803085965,-0.10475095472890517,-1.880660445947796,1.5968740001889525,1.4097283440669042,-0.0966407896367954,-0.4724660826687775,-0.10891263593988053,-1.880660445947796,1.5968740001889525,1.4097283440669042,-0.0966407896367954,-0.4724660826687775,,,,,,,,,,,,,
12158.749415811,12670509,275,274,1,0,19,64.87794900021981,-47,63,0.6403013182674187,-99.83443708609272,95.53610503282275,53.84615384615387,4.029304029304043,7.200587803085965,-0.10613818179923028,-1.880660445947796,1.5968740001889525,1.4097283440669042,-0.0966407896367954,-0.4724660826687775,-0.10891263593988053,-1.880660445947796,1.5968740001889525,1.4097283440669042,-0.0966407896367954,-0.4724660826687775,,,,,,,,,,,,,
12158.782599002,12670509,276,275,1,0,33,65.01558999843837,-47,63,0.41431261770243566,-99.83443708609272,95.53610503282275,53.84615384615387,4.029304029304043,7.200587803085965,-0.11029986301020633,-1.880660445947796,1.5968740001889525,1.4097283440669042,-0.0966407896367954,-0.4724660826687775,-0.10891263593988053,-1.880660445947796,1.5968740001889525,1.4097283440669042,-0.0966407896367954,-0.4724660826687775,,,,,,,,,,,,,
12158.849354969,12670509,278,277,1,0,19,64.94245199974102,-47,63,0.4896421845574537,-99.83443708609272,95.53610503282275,53.84615384615387,4.029304029304043,7.200587803085965,-0.10891263593988053,-1.880660445947796,1.5968740001889525,1.4097283440669042,-0.0966407896367954,-0.4724660826687775,-0.10891263593988053,-1.880660445947796,1.5968740001889525,1.4097283440669042,-0.0966407896367954,-0.4724660826687775,,,,,,,,,,,,,
12158.882578234,12670509,279,278,1,0,34,64.9488190010743,-47,63,0.41431261770243566,-99.83443708609272,95.53610503282275,53.84615384615387,4.029304029304043,7.200587803085965,-0.11029986301020633,-1.880660445947796,1.5968740001889525,1.4097283440669042,-0.0966407896367954,-0.4724660826687775,-0.10891263593988053,-1.880660445947796,1.5968740001889525,1.4097283440669042,-0.0966407896367954,-0.4724660826687775,,,,,,,,,,,,,
12158.949585031,12670509,281,280,1,0,19,65.31216999974276,-47,63,0.33898305084744607,-99.83443708609272,95.44857768052518,53.84615384615387,4.029304029304043,7.200587803085965,-0.11168709008053146,-1.880660445947796,1.595324578894231,1.4097283440669042,-0.0966407896367954,-0.4724660826687775,-0.10891263593988053,-1.880660445947796,1.5968740001889525,1.4097283440669042,-0.0966407896367954,-0.4724660826687775,,,,,,,,,,,,,
12158.982982144,12670509,282,281,1,0,4,65.25539900030708,-47,63,0.33898305084744607,-99.83443708609272,95.44857768052518,53.84615384615387,4.029304029304043,7.200587803085965,-0.11168709008053146,-1.880660445947796,1.595324578894231,1.4097283440669042,-0.0966407896367954,-0.4724660826687775,-0.10891263593988053,-1.880660445947796,1.5968740001889525,1.4097283440669042,-0.0966407896367954,-0.4724660826687775,,,,,,,,,,,,,
12159.049575176,12670509,284,283,1,0,11,64.64209300065704,-47,63,0.2636534839924707,-99.83443708609272,95.44857768052518,53.929313929313935,4.078144078144092,7.200587803085965,-0.11307431715085624,-1.880660445947796,1.595324578894231,1.411269978812983,-0.09510680884890975,-0.4724660826687775,-0.10891263593988053,-1.880660445947796,1.5968740001889525,1.4097283440669042,-0.0966407896367954,-0.4724660826687775,,,,,,,,,,,,,
12159.082755372,12670509,285,284,1,0,33,65.05090999962704,-47,63,0.2636534839924707,-99.83443708609272,95.44857768052518,54.0956340956341,4.078144078144092,7.200587803085965,-0.11307431715085624,-1.880660445947796,1.595324578894231,1.4143532483051404,-0.09510680884890975,-0.4724660826687775,-0.10891263593988053,-1.880660445947796,1.5968740001889525,1.4097283440669042,-0.0966407896367954,-0.4724660826687775,,,,,,,,,,,,,
12159.149649049,12670509,287,286,1,0,19,64.89212100132136,-47,63,0.1883239171374811,-99.83443708609272,95.44857768052518,54.0956340956341,4.078144078144092,7.200587803085965,-0.1144615442211817,-1.880660445947796,1.595324578894231,1.4143532483051404,-0.09510680884890975,-0.4724660826687775,-0.10891263593988053,-1.880660445947796,1.5968740001889525,1.4097283440669042,-0.0966407896367954,-0.4724660826687775,,,,,,,,,,,,,
12159.216148954,12670509,289,287,1,0,33,97.89595099937287,-47,63,0.1129943502824915,-99.83443708609272,95.44857768052518,54.0956340956341,4.078144078144092,7.200587803085965,-0.11584877129150682,-1.880660445947796,1.595324578894231,1.4143532483051404,-0.09510680884890975,-0.4724660826687775,-0.10891263593988053,-1.880660445947796,1.5968740001889525,1.4097283440669042,-0.0966407896367954,-0.4724660826687775,,,,,,,,,,,,,
12159.2495185,12670509,290,289,1,0,19,64.83165100144106,-47,63,-0.1883239171374811,-99.83443708609272,95.44857768052518,54.17879417879419,4.078144078144092,7.200587803085965,-0.12139767957280764,-1.880660445947796,1.595324578894231,1.415894883051219,-0.09510680884890975,-0.4724660826687775,-0.10891263593988053,-1.880660445947796,1.5968740001889525,1.4097283440669042,-0.0966407896367954,-0.4724660826687775,,,,,,,,,,,,,
12159.282699494,12670509,291,290,1,0,33,64.57200200020452,-47,63,-0.8662900188323874,-99.83443708609272,95.44857768052518,54.17879417879419,4.078144078144092,7.200587803085965,-0.1338827232057344,-1.880660445947796,1.595324578894231,1.415894883051219,-0.09510680884890975,-0.4724660826687775,-0.10891263593988053,-1.880660445947796,1.5968740001889525,1.4097283440669042,-0.0966407896367954,-0.4724660826687775,,,,,,,,,,,,,
12159.349550447,12670509,293,292,1,0,15,64.85987899941392,-47,63,-2.8248587570621453,-99.83443708609272,95.44857768052518,54.17879417879419,4.078144078144092,7.200587803085965,-0.16995062703418998,-1.880660445947796,1.595324578894231,1.415894883051219,-0.09510680884890975,-0.4724660826687775,-0.10891263593988053,-1.880660445947796,1.5968740001889525,1.4097283440669042,-0.0966407896367954,-0.4724660826687775,,,,,,,,,,,,,
12159.382729558,12670509,294,293,1,0,33,64.78965499991318,-47,63,-4.030131826742007,-99.83443708609272,95.44857768052518,54.17879417879419,4.078144078144092,7.200587803085965,-0.1921462601593933,-1.880660445947796,1.595324578894231,1.415894883051219,-0.09510680884890975,-0.4724660826687775,-0.11965050145508001,-1.880660445947796,1.5968740001889525,1.4097283440669042,-0.0966407896367954,-0.4724660826687775,,,,,,,,,,,,,
12159.449571247,12670509,296,295,1,0,17,64.99925699972664,-47,63,-6.290018832391709,-99.83443708609272,95.44857768052518,54.17879417879419,4.078144078144092,7.200587803085965,-0.23376307226914933,-1.880660445947796,1.595324578894231,1.415894883051219,-0.09510680884890975,-0.4724660826687775,-0.14266021327336462,-1.880660445947796,1.5968740001889525,1.4097283440669042,-0.0966407896367954,-0.4724660826687775,,,,,,,,,,,,,
12159.482752567,12670509,297,296,1,0,26,64.7182190004969,-47,63,-7.344632768361578,-99.83443708609272,95.44857768052518,54.17879417879419,4.078144078144092,7.200587803085965,-0.25318425125370236,-1.880660445947796,1.595324578894231,1.415894883051219,-0.09510680884890975,-0.4724660826687775,-0.16566992509164924,-1.880660445947796,1.5968740001889525,1.4097283440669042,-0.0966407896367954,-0.4724660826687775,,,,,,,,,,,,,
12159.549621599,12670509,299,298,1,0,15,64.86361200040847,-47,63,-9.378531073446325,-99.83443708609272,95.44857768052518,54.17879417879419,4.078144078144092,7.200587803085965,-0.2906393821524827,-1.880660445947796,1.595324578894231,1.415894883051219,-0.09510680884890975,-0.4724660826687775,-0.1932815792735908,-1.880660445947796,1.5968740001889525,1.4097283440669042,-0.0966407896367954,-0.4724660826687775,,,,,,,,,,,,,
12159.582692638,12670509,300,299,1,0,33,64.7739879987057,-47,63,-10.508474576271183,-99.83443708609272,95.44857768052518,54.17879417879419,4.078144078144092,7.200587803085965,-0.3114477882073609,-1.880660445947796,1.595324578894231,1.415894883051219,-0.09510680884890975,-0.4724660826687775,-0.22242721424341796,-1.880660445947796,1.5968740001889525,1.4097283440669042,-0.0966407896367954,-0.4724660826687775,,,,,,,,,,,,,
12159.649425856,12670509,302,301,1,0,19,64.84748799994122,-46,63,-12.61770244821092,-99.83443708609272,95.44857768052518,54.17879417879419,4.078144078144092,7.200587803085965,-0.3502901461764667,-1.880660445947796,1.595324578894231,1.415894883051219,-0.09510680884890975,-0.4724660826687775,-0.25310683000113077,-1.880660445947796,1.5968740001889525,1.4097283440669042,-0.0966407896367954,-0.4724660826687775,,,,,,,,,,,,,
12159.682697153,12670509,303,302,1,0,34,64.74923900168505,-46,63,-13.672316384180789,-99.83443708609272,95.44857768052518,54.17879417879419,4.078144078144092,7.200587803085965,-0.3697113251610198,-1.880660445947796,1.595324578894231,1.415894883051219,-0.09510680884890975,-0.4724660826687775,-0.2791845033951867,-1.880660445947796,1.5968740001889525,1.4097283440669042,-0.0966407896367954,-0.4724660826687775,,,,,,,,,,,,,
12159.749655375,12670509,305,304,1,0,15,65.10677200094506,-46,63,-15.630885122410547,-99.83443708609272,95.44857768052518,54.17879417879419,4.078144078144092,7.200587803085965,-0.405779228989475,-1.880660445947796,1.595324578894231,1.415894883051219,-0.09510680884890975,-0.4724660826687775,-0.31139809994078516,-1.880660445947796,1.5968740001889525,1.4097283440669042,-0.0966407896367954,-0.4724660826687775,,,,,,,,,,,,,
12159.782742066,12670509,306,305,1,0,33,64.76033499893674,-46,63,-16.384180790960457,-99.83443708609272,95.44857768052518,54.17879417879419,4.078144078144092,7.200587803085965,-0.41965149969272725,-1.880660445947796,1.595324578894231,1.415894883051219,-0.09510680884890975,-0.4724660826687775,-0.3390097541227267,-1.880660445947796,1.5968740001889525,1.4097283440669042,-0.0966407896367954,-0.4724660826687775,,,,,,,,,,,,,
12159.849673875,12670509,308,307,1,0,19,64.93830299950787,-46,63,-17.212806026365342,-99.83443708609272,95.44857768052518,54.17879417879419,4.078144078144092,7.200587803085965,-0.43491099746630424,-1.880660445947796,1.595324578894231,1.415894883051219,-0.09510680884890975,-0.4724660826687775,-0.36968936988043954,-1.880660445947796,1.5968740001889525,1.4097283440669042,-0.0966407896367954,-0.4724660826687775,,,,,,,,,,,,,
12159.882808989,12670509,309,308,1,0,34,64.91381799969531,-46,63,-17.514124293785315,-99.83443708609272,95.44857768052518,54.17879417879419,4.078144078144092,7.200587803085965,-0.4404599057476054,-1.880660445947796,1.595324578894231,1.415894883051219,-0.09510680884890975,-0.4724660826687775,-0.39730102406238105,-1.880660445947796,1.5968740001889525,1.4097283440669042,-0.0966407896367954,-0.4724660826687775,,,,,,,,,,,,,
12159.949527136,12670509,311,310,1,0,19,64.73224299952562,-46,63,-17.589453860640305,-99.83443708609272,95.44857768052518,54.17879417879419,3.931623931623946,7.200587803085965,-0.44184713281793053,-1.880660445947796,1.595324578894231,1.415894883051219,-0.09970875121256667,-0.4724660826687775,-0.4141748127291231,-1.880660445947796,1.5968740001889525,1.4097283440669042,-0.0966407896367954,-0.4724660826687775,,,,,,,,,,,,,
12159.982696203,12670509,312,311,1,0,32,64.73912799992831,-46,63,-17.514124293785315,-99.83443708609272,95.44857768052518,54.17879417879419,3.7362637362637514,7.200587803085965,-0.4404599057476054,-1.880660445947796,1.595324578894231,1.415894883051219,-0.10584467436410924,-0.4724660826687775,-0.42184471666855133,-1.880660445947796,1.5968740001889525,1.4097283440669042,-0.0966407896367954,-0.4724660826687775,,,,,,,,,,,,,
12160.016154327,12670509,313,313,1,0,15,31.450125999981537,-46,63,-17.514124293785315,-99.83443708609272,95.44857768052518,54.17879417879419,3.7851037851038,7.200587803085965,-0.4404599057476054,-1.880660445947796,1.595324578894231,1.415894883051219,-0.1043106935762236,-0.4724660826687775,-0.4295146206079795,-1.880660445947796,1.5968740001889525,1.4097283440669042,-0.0966407896367954,-0.4724660826687775,,,,,,,,,,,,,
12160.082683336,12670509,315,314,1,0,34,64.55214000015985,-46,63,-17.43879472693031,-99.83443708609272,95.44857768052518,54.17879417879419,3.8339438339438487,7.200587803085965,-0.43907267867727995,-1.880660445947796,1.595324578894231,1.415894883051219,-0.10277671278833796,-0.4724660826687775,-0.4325825821837508,-1.880660445947796,1.5968740001889525,1.4097283440669042,-0.0966407896367954,-0.4724660826687775,,,,,,,,,,,,,
12160.149599138,12670509,317,316,1,0,19,64.89548199897399,-46,63,-16.911487758945384,-99.83443708609272,95.44857768052518,54.17879417879419,3.8339438339438487,7.200587803085965,-0.4293620891850034,-1.880660445947796,1.595324578894231,1.415894883051219,-0.10277671278833796,-0.4724660826687775,-0.4325825821837508,-1.880660445947796,1.5968740001889525,1.4097283440669042,-0.0966407896367954,-0.4724660826687775,,,,,,,,,,,,,
12160.182799344,12670509,318,317,1,0,31,64.84745200032194,-46,63,-16.233521657250478,-99.83443708609272,95.44857768052518,53.929313929313935,3.7362637362637514,7.200587803085965,-0.416877045552077,-1.880660445947796,1.595324578894231,1.411269978812983,-0.10584467436410924,-0.4724660826687775,-0.4325825821837508,-1.880660445947796,1.5968740001889525,1.4097283440669042,-0.0966407896367954,-0.4724660826687775,,,,,,,,,,,,,
12160.249664656,12670509,320,319,1,0,19,64.86327999846253,-46,63,-14.19962335216573,-99.83443708609272,95.44857768052518,53.929313929313935,3.6874236874237027,7.200587803085965,-0.37942191465329633,-1.880660445947796,1.595324578894231,1.411269978812983,-0.10737865515199488,-0.4724660826687775,-0.4325825821837508,-1.880660445947796,1.5968740001889525,1.4097283440669042,-0.0966407896367954,-0.4724660826687775,,,,,,,,,,,,,
12160.282777763,12670509,321,320,1,0,34,64.76355499944475,-46,63,-12.994350282485883,-99.83443708609272,95.44857768052518,53.929313929313935,3.6874236874237027,7.200587803085965,-0.357226281528093,-1.880660445947796,1.595324578894231,1.411269978812983,-0.10737865515199488,-0.4724660826687775,-0.4325825821837508,-1.880660445947796,1.5968740001889525,1.4097283440669042,-0.0966407896367954,-0.4724660826687775,,,,,,,,,,,,,
12160.349522629,12670509,323,322,1,0,15,64.72359399958805,-46,63,-10.508474576271183,-99.83443708609272,95.44857768052518,53.929313929313935,3.6874236874237027,7.200587803085965,-0.3114477882073609,-1.880660445947796,1.595324578894231,1.411269978812983,-0.10737865515199488,-0.4724660826687775,-0.4111068511533518,-1.880660445947796,1.5968740001889525,1.4097283440669042,-0.0966407896367954,-0.4724660826687775,,,,,,,,,,,,,
12160.382687134,12670509,324,323,1,0,33,64.8037650007609,-46,63,-9.227871939736346,-99.83443708609272,95.44857768052518,53.929313929313935,3.6874236874237027,7.200587803085965,-0.2878649280118325,-1.880660445947796,1.595324578894231,1.411269978812983,-0.10737865515199488,-0.4724660826687775,-0.3865631585471816,-1.880660445947796,1.5968740001889525,1.4097283440669042,-0.0966407896367954,-0.4724660826687775,,,,,,,,,,,,,
12160.449664355,12670509,326,325,1,0,15,64.92370899832167,-46,63,-6.89265536723164,-99.83443708609272,95.44857768052518,53.929313929313935,3.6874236874237027,7.200587803085965,-0.24486088883175097,-1.880660445947796,1.595324578894231,1.411269978812983,-0.10737865515199488,-0.4724660826687775,-0.35434956200158313,-1.880660445947796,1.5968740001889525,1.4097283440669042,-0.0966407896367954,-0.4724660826687775,,,,,,,,,,,,,
12160.48274163,12670509,327,326,1,0,33,64.6997799995006,-46,63,-5.6873822975517925,-99.83443708609272,95.44857768052518,53.929313929313935,3.6874236874237027,7.200587803085965,-0.22266525570654802,-1.880660445947796,1.595324578894231,1.411269978812983,-0.10737865515199488,-0.4724660826687775,-0.3236699462438703,-1.880660445947796,1.5968740001889525,1.4097283440669042,-0.0966407896367954,-0.4724660826687775,,,,,,,,,,,,,
12160.549610857,12670509,329,328,1,0,19,64.74421300117683,-46,63,-3.4274952919020762,-99.83443708609272,95.44857768052518,53.929313929313935,3.6874236874237027,7.200587803085965,-0.18104844359679162,-1.880660445947796,1.595324578894231,1.411269978812983,-0.10737865515199488,-0.4724660826687775,-0.2899223689103862,-1.880660445947796,1.5968740001889525,1.4097283440669042,-0.0966407896367954,-0.4724660826687775,,,,,,,,,,,,,
12160.582745716,12670509,330,329,1,0,33,64.63568599974678,-46,63,-2.297551789077218,-99.83443708609272,95.44857768052518,53.929313929313935,3.6874236874237027,7.200587803085965,-0.16024003754191343,-1.880660445947796,1.595324578894231,1.411269978812983,-0.10737865515199488,-0.4724660826687775,-0.25924275315267337,-1.880660445947796,1.5968740001889525,1.4097283440669042,-0.0966407896367954,-0.4724660826687775,,,,,,,,,,,,,
12160.649300319,12670509,332,331,1,0,20,64.6592770008283,-46,63,-0.11299435028247728,-99.83443708609272,95.44857768052518,53.929313929313935,3.6874236874237027,7.200587803085965,-0.12001045250248218,-1.880660445947796,1.595324578894231,1.411269978812983,-0.10737865515199488,-0.4724660826687775,-0.22549517581918926,-1.880660445947796,1.5968740001889525,1.4097283440669042,-0.0966407896367954,-0.4724660826687775,,,,,,,,,,,,,
12160.68262456,12670509,333,332,1,0,34,64.92028200045752,-46,63,0.9416195856873912,-99.83443708609272,95.44857768052518,53.929313929313935,3.6874236874237027,7.200587803085965,-0.10058927351792946,-1.880660445947796,1.595324578894231,1.411269978812983,-0.10737865515199488,-0.4724660826687775,-0.19481556006147643,-1.880660445947796,1.5968740001889525,1.4097283440669042,-0.0966407896367954,-0.4724660826687775,,,,,,,,,,,,,
12160.749432459,12670509,335,334,1,0,7,64.98407800063433,-46,63,2.9755178907721245,-99.83443708609272,95.44857768052518,53.929313929313935,3.6874236874237027,7.200587803085965,-0.06313414261914913,-1.880660445947796,1.595324578894231,1.411269978812983,-0.10737865515199488,-0.4724660826687775,-0.16260196351587797,-1.880660445947796,1.5968740001889525,1.4097283440669042,-0.0966407896367954,-0.4724660826687775,,,,,,,,,,,,,
12160.815915816,12670509,337,335,1,0,37,98.23672799939231,-49,63,4.934086629001882,-99.83443708609272,95.44857768052518,53.929313929313935,3.6874236874237027,7.200587803085965,-0.027066238790693576,-1.880660445947796,1.595324578894231,1.411269978812983,-0.10737865515199488,-0.4724660826687775,-0.1349903093339364,-1.880660445947796,1.5968740001889525,1.4097283440669042,-0.0966407896367954,-0.4724660826687775,,,,,,,,,,,,,
12160.849404342,12670509,338,337,1,0,19,65.0766830003704,-49,63,5.988700564971765,-99.83443708609272,95.44857768052518,53.929313929313935,3.6874236874237027,7.200587803085965,-0.007645059806140504,-1.880660445947796,1.595324578894231,1.411269978812983,-0.10737865515199488,-0.4724660826687775,-0.10277671278833796,-1.880660445947796,1.5968740001889525,1.4097283440669042,-0.0966407896367954,-0.4724660826687775,,,,,,,,,,,,,
12160.916075671,12670509,340,338,1,0,32,98.34081400003925,-49,63,7.871939736346519,-99.83443708609272,95.44857768052518,53.929313929313935,3.6874236874237027,7.200587803085965,0.02703561695198958,-1.880660445947796,1.595324578894231,1.411269978812983,-0.10737865515199488,-0.4724660826687775,-0.07669903939428206,-1.880660445947796,1.5968740001889525,1.4097283440669042,-0.0966407896367954,-0.4724660826687775,,,,,,,,,,,,,
12160.949312412,12670509,341,340,1,0,19,64.92184799935785,-49,63,8.926553672316388,-99.83443708609272,95.44857768052518,53.929313929313935,3.6874236874237027,7.200587803085965,0.04645679593654265,-1.880660445947796,1.595324578894231,1.411269978812983,-0.10737865515199488,-0.4724660826687775,-0.04601942363656923,-1.880660445947796,1.5968740001889525,1.4097283440669042,-0.0966407896367954,-0.4724660826687775,,,,,,,,,,,,,
12160.982720853,12670509,342,341,1,0,23,64.79019200014591,-49,63,9.981167608286242,-99.83443708609272,95.44857768052518,53.929313929313935,3.6874236874237027,7.200587803085965,0.06587797492109503,-1.880660445947796,1.595324578894231,1.411269978812983,-0.10737865515199488,-0.4724660826687775,-0.021475731030398976,-1.880660445947796,1.5968740001889525,1.4097283440669042,-0.0966407896367954,-0.4724660826687775,,,,,,,,,,,,,
12161.049582319,12670509,344,343,1,0,19,65.00963599864917,-49,63,12.165725047080983,-99.83443708609272,95.44857768052518,53.929313929313935,3.6874236874237027,7.200587803085965,0.10610755996052629,-1.880660445947796,1.595324578894231,1.411269978812983,-0.10737865515199488,-0.4724660826687775,0.007669903939428206,-1.880660445947796,1.5968740001889525,1.4097283440669042,-0.0966407896367954,-0.4724660826687775,,,,,,,,,,,,,
12161.082754595,12670509,345,344,1,0,34,64.96825499925762,-49,63,13.37099811676083,-99.83443708609272,95.44857768052518,53.929313929313935,3.6874236874237027,7.200587803085965,0.1283031930857296,-1.880660445947796,1.595324578894231,1.411269978812983,-0.10737865515199488,-0.4724660826687775,0.035281558121369745,-1.880660445947796,1.5968740001889525,1.4097283440669042,-0.0966407896367954,-0.4724660826687775,,,,,,,,,,,,,
12161.149407346,12670509,347,346,1,0,19,64.78662399968016,-49,63,16.007532956685495,-99.83443708609272,95.44857768052518,53.929313929313935,3.6874236874237027,7.200587803085965,0.17685614054711157,-1.880660445947796,1.595324578894231,1.411269978812983,-0.10737865515199488,-0.4724660826687775,0.06596117387908257,-1.880660445947796,1.5968740001889525,1.4097283440669042,-0.0966407896367954,-0.4724660826687775,,,,,,,,,,,,,
12161.182529497,12670509,348,347,1,0,38,64.39146800039453,-49,63,17.438794726930325,-99.83443708609272,95.44857768052518,53.929313929313935,3.638583638583654,7.200587803085965,0.20321345488329096,-1.880660445947796,1.595324578894231,1.411269978812983,-0.10891263593988053,-0.4724660826687775,0.09510680884890975,-1.880660445947796,1.5968740001889525,1.4097283440669042,-0.0966407896367954,-0.4724660826687775,,,,,,,,,,,,,
12161.249730384,12670509,350,349,1,0,15,65.40596399827336,-49,63,20.67796610169492,-99.83443708609272,95.44857768052518,53.929313929313935,3.638583638583654,7.200587803085965,0.26286421890727457,-1.880660445947796,1.595324578894231,1.411269978812983,-0.10891263593988053,-0.4724660826687775,0.12885438618239387,-1.880660445947796,1.5968740001889525,1.4097283440669042,-0.0966407896367954,-0.4724660826687775,,,,,,,,,,,,,
12161.282762107,12670509,351,350,1,0,31,64.959049999743,-49,63,22.335216572504706,-99.83443708609272,95.44857768052518,53.929313929313935,3.638583638583654,7.200587803085965,0.29338321445442933,-1.880660445947796,1.595324578894231,1.411269978812983,-0.10891263593988053,-0.4724660826687775,0.16260196351587797,-1.880660445947796,1.5968740001889525,1.4097283440669042,-0.0966407896367954,-0.4724660826687775,,,,,,,,,,,,,
12161.349626356,12670509,353,352,1,0,19,65.11618999866187,-49,63,25.348399246704332,-99.83443708609272,95.44857768052518,53.929313929313935,3.638583638583654,7.200587803085965,0.34887229726743757,-1.880660445947796,1.595324578894231,1.411269978812983,-0.10891263593988053,-0.4724660826687775,0.19941750242513334,-1.880660445947796,1.5968740001889525,1.4097283440669042,-0.0966407896367954,-0.4724660826687775,,,,,,,,,,,,,
12161.382781604,12670509,354,353,1,0,34,65.08742899859499,-49,63,26.70433145009416,-99.83443708609272,95.44857768052518,53.929313929313935,3.638583638583654,7.200587803085965,0.37384238453329116,-1.880660445947796,1.595324578894231,1.411269978812983,-0.10891263593988053,-0.4724660826687775,0.24390294527381695,-1.880660445947796,1.5968740001889525,1.4097283440669042,-0.0966407896367954,-0.4724660826687775,,,,,,,,,,,,,
12161.449678869,12670509,356,355,1,0,19,64.9446249990433,-49,63,28.361581920903944,-99.83443708609272,95.44857768052518,53.929313929313935,3.638583638583654,7.200587803085965,0.40436138008044586,-1.880660445947796,1.595324578894231,1.411269978812983,-0.10891263593988053,-0.4724660826687775,0.28838838812250056,-1.880660445947796,1.5968740001889525,1.4097283440669042,-0.0966407896367954,-0.4724660826687775,,,,,,,,,,,,,
12161.482719097,12670509,357,356,1,0,33,64.87118300174188,-49,63,29.11487758945387,-99.83443708609272,95.44857768052518,53.929313929313935,3.638583638583654,7.200587803085965,0.41823365078369773,-1.880660445947796,1.595324578894231,1.411269978812983,-0.10891263593988053,-0.4724660826687775,0.3282718886075272,-1.880660445947796,1.5968740001889525,1.4097283440669042,-0.0966407896367954,-0.4724660826687775,,,,,,,,,,,,,
12161.549380427,12670509,359,358,1,0,19,64.72391000170319,-49,63,30.018832391713744,-99.83443708609272,95.44857768052518,53.84615384615387,3.638583638583654,7.200587803085965,0.4348803756275999,-1.880660445947796,1.595324578894231,1.4097283440669042,-0.10891263593988053,-0.4724660826687775,0.3620194659410113,-1.880660445947796,1.5968740001889525,1.4097283440669042,-0.0966407896367954,-0.4724660826687775,,,,,,,,,,,,,
12161.582628773,12670509,360,359,1,0,34,64.7564329992747,-49,63,30.09416195856872,-99.83443708609272,95.44857768052518,53.84615384615387,3.638583638583654,7.200587803085965,0.436267602697925,-1.880660445947796,1.595324578894231,1.4097283440669042,-0.10891263593988053,-0.4724660826687775,0.3865631585471816,-1.880660445947796,1.5968740001889525,1.4097283440669042,-0.0966407896367954,-0.4724660826687775,,,,,,,,,,,,,
12161.649417203,12670509,362,361,1,0,19,64.9931989992183,-49,63,30.09416195856872,-99.83443708609272,95.44857768052518,53.84615384615387,3.638583638583654,7.200587803085965,0.436267602697925,-1.880660445947796,1.595324578894231,1.4097283440669042,-0.10891263593988053,-0.4724660826687775,0.4065049087896949,-1.880660445947796,1.5968740001889525,1.4097283440669042,-0.0966407896367954,-0.4724660826687775,,,,,,,,,,,,,
12161.682673029,12670509,363,362,1,0,33,64.93312000020524,-49,63,30.018832391713744,-99.83443708609272,95.44857768052518,53.84615384615387,3.8339438339438487,7.200587803085965,0.4348803756275999,-1.880660445947796,1.595324578894231,1.4097283440669042,-0.10277671278833796,-0.4724660826687775,0.4172427743048944,-1.880660445947796,1.5968740001889525,1.4097283440669042,-0.0966407896367954,-0.4724660826687775,,,,,,,,,,,,,
12161.749342833,12670509,365,364,1,0,19,64.37998100045661,-49,63,29.717514124293785,-99.83443708609272,95.44857768052518,53.84615384615387,3.931623931623946,7.200587803085965,0.4293314673462994,-1.880660445947796,1.595324578894231,1.4097283440669042,-0.09970875121256667,-0.4724660826687775,0.42337869745643697,-1.880660445947796,1.5968740001889525,1.4097283440669042,-0.0966407896367954,-0.4724660826687775,,,,,,,,,,,,,
12161.782563164,12670509,366,365,1,0,33,64.74495400107116,-49,63,29.190207156308844,-99.83443708609272,95.44857768052518,53.84615384615387,3.931623931623946,7.200587803085965,0.41962087785402286,-1.880660445947796,1.595324578894231,1.4097283440669042,-0.09970875121256667,-0.4724660826687775,0.4249126782443226,-1.880660445947796,1.5968740001889525,1.4097283440669042,-0.0966407896367954,-0.4724660826687775,,,,,,,,,,,,,
12161.849575237,12670509,368,367,1,0,19,65.10987199908413,-49,63,27.08097928436912,-99.83443708609272,95.44857768052518,54.01247401247403,4.029304029304043,7.200587803085965,0.38077851988491745,-1.880660445947796,1.595324578894231,1.4128116135590616,-0.0966407896367954,-0.4724660826687775,0.4249126782443226,-1.880660445947796,1.5968740001889525,1.4097283440669042,-0.0966407896367954,-0.4724660826687775,,,,,,,,,,,,,
12161.882544699,12670509,369,368,1,0,37,64.72471599954588,-45,63,25.800376647834284,-99.83443708609272,95.44857768052518,54.01247401247403,4.029304029304043,7.200587803085965,0.357195659689389,-1.880660445947796,1.595324578894231,1.4128116135590616,-0.0966407896367954,-0.4724660826687775,0.4249126782443226,-1.880660445947796,1.5968740001889525,1.4097283440669042,-0.0966407896367954,-0.4724660826687775,,,,,,,,,,,,,
12161.94966709,12670509,371,370,1,0,19,65.2568510013225,-45,63,22.937853107344637,-99.83443708609272,95.44857768052518,54.01247401247403,4.029304029304043,7.200587803085965,0.30448103101703095,-1.880660445947796,1.595324578894231,1.4128116135590616,-0.0966407896367954,-0.4724660826687775,0.4172427743048944,-1.880660445947796,1.5968740001889525,1.4097283440669042,-0.0966407896367954,-0.4724660826687775,,,,,,,,,,,,,
12162.015945117,12670509,373,371,1,0,35,98.18909900059225,-45,63,19.84934086629002,-99.83443708609272,95.44857768052518,54.01247401247403,4.078144078144092,7.200587803085965,0.24760472113369758,-1.880660445947796,1.595324578894231,1.4128116135590616,-0.09510680884890975,-0.4724660826687775,0.35588354278946877,-1.880660445947796,1.5968740001889525,1.4097283440669042,-0.0966407896367954,-0.4724660826687775,,,,,,,,,,,,,
12162.049296494,12670509,374,373,1,0,15,64.5771910003532,-45,63,18.11676082862523,-99.83443708609272,95.44857768052518,54.01247401247403,4.078144078144092,7.200587803085965,0.21569849851621772,-1.880660445947796,1.595324578894231,1.4128116135590616,-0.09510680884890975,-0.4724660826687775,0.35588354278946877,-1.880660445947796,1.5968740001889525,1.4097283440669042,-0.0966407896367954,-0.4724660826687775,,,,,,,,,,,,,
12162.08253843,12670509,375,374,1,0,34,64.7328720006044,-45,63,16.308851224105453,-99.83443708609272,95.44857768052518,54.01247401247403,4.078144078144092,7.200587803085965,0.18240504882841274,-1.880660445947796,1.595324578894231,1.4128116135590616,-0.09510680884890975,-0.4724660826687775,0.32213596545598466,-1.880660445947796,1.5968740001889525,1.4097283440669042,-0.0966407896367954,-0.4724660826687775,,,,,,,,,,,,,
12162.149646662,12670509,377,376,1,0,19,65.22231099916098,-45,63,12.843691148775903,-99.83443708609272,95.44857768052518,54.01247401247403,4.078144078144092,7.200587803085965,0.11859260359345307,-1.880660445947796,1.595324578894231,1.4128116135590616,-0.09510680884890975,-0.4724660826687775,0.2761165418194154,-1.880660445947796,1.5968740001889525,1.4097283440669042,-0.0966407896367954,-0.4724660826687775,,,,,,,,,,,,,
12162.182747932,12670509,378,377,1,0,33,65.05243299943686,-45,63,11.035781544256125,-99.83443708609272,95.44857768052518,54.01247401247403,4.078144078144092,7.200587803085965,0.0852991539056481,-1.880660445947796,1.595324578894231,1.4128116135590616,-0.09510680884890975,-0.4724660826687775,0.23316507975861744,-1.880660445947796,1.5968740001889525,1.4097283440669042,-0.0966407896367954,-0.4724660826687775,,,,,,,,,,,,,
12162.249693256,12670509,380,379,1,0,15,64.99731199983216,-45,63,7.7966101694915295,-99.83443708609272,95.44857768052518,54.0956340956341,4.078144078144092,7.200587803085965,0.02564838988166446,-1.880660445947796,1.595324578894231,1.4143532483051404,-0.09510680884890975,-0.4724660826687775,0.18714565612204823,-1.880660445947796,1.5968740001889525,1.4097283440669042,-0.0966407896367954,-0.4724660826687775,,,,,,,,,,,,,
12162.282682191,12670509,381,380,1,0,33,64.64123800105881,-45,63,6.290018832391709,-99.83443708609272,95.44857768052518,54.0956340956341,4.078144078144092,7.200587803085965,-0.0020961515248400266,-1.880660445947796,1.595324578894231,1.4143532483051404,-0.09510680884890975,-0.4724660826687775,0.14112623248547898,-1.880660445947796,1.5968740001889525,1.4097283440669042,-0.0966407896367954,-0.4724660826687775,,,,,,,,,,,,,
12162.349664388,12670509,383,382,1,0,15,65.04851300087466,-45,63,4.180790960451986,-99.83443708609272,95.44857768052518,54.0956340956341,4.078144078144092,7.200587803085965,-0.04093850949394547,-1.880660445947796,1.595324578894231,1.4143532483051404,-0.09510680884890975,-0.4724660826687775,0.09357282806102411,-1.880660445947796,1.5968740001889525,1.4097283440669042,-0.0966407896367954,-0.4724660826687775,,,,,,,,,,,,,
12162.416108475,12670509,385,383,1,0,34,98.17412399934256,-45,63,2.3728813559322077,-99.83443708609272,95.44857768052518,54.0956340956341,4.078144078144092,7.200587803085965,-0.07423195918175043,-1.880660445947796,1.595324578894231,1.4143532483051404,-0.09510680884890975,-0.4724660826687775,0.047553404424454875,-1.880660445947796,1.5968740001889525,1.4097283440669042,-0.0966407896367954,-0.4724660826687775,,,,,,,,,,,,,
12162.449544961,12670509,386,385,1,0,15,65.09893300062686,-45,63,1.7702448210922768,-99.83443708609272,95.44857768052518,54.0956340956341,4.078144078144092,7.200587803085965,-0.08532977574435244,-1.880660445947796,1.595324578894231,1.4143532483051404,-0.09510680884890975,-0.4724660826687775,0.009203884727313847,-1.880660445947796,1.5968740001889525,1.4097283440669042,-0.0966407896367954,-0.4724660826687775,,,,,,,,,,,,,
12162.516195128,12670509,388,386,1,0,34,98.14974100117979,-45,63,0.9416195856873912,-99.83443708609272,95.44857768052518,54.0956340956341,4.078144078144092,7.200587803085965,-0.10058927351792946,-1.880660445947796,1.595324578894231,1.4143532483051404,-0.09510680884890975,-0.4724660826687775,-0.023009711818284616,-1.880660445947796,1.5968740001889525,1.4097283440669042,-0.0966407896367954,-0.4724660826687775,,,,,,,,,,,,,
12162.549486674,12670509,389,388,1,0,15,64.97688299896254,-45,63,0.7156308851224082,-99.83443708609272,95.44857768052518,54.0956340956341,4.078144078144092,7.200587803085965,-0.10475095472890517,-1.880660445947796,1.595324578894231,1.4143532483051404,-0.09510680884890975,-0.4724660826687775,-0.0521553467881118,-1.880660445947796,1.5968740001889525,1.4097283440669042,-0.0966407896367954,-0.4724660826687775,,,,,,,,,,,,,
12162.616095407,12670509,391,389,1,0,34,97.95308100001421,-45,63,0.6403013182674187,-99.83443708609272,95.44857768052518,54.0956340956341,4.078144078144092,7.200587803085965,-0.10613818179923028,-1.880660445947796,1.595324578894231,1.4143532483051404,-0.09510680884890975,-0.4724660826687775,-0.07209709703062514,-1.880660445947796,1.5968740001889525,1.4097283440669042,-0.0966407896367954,-0.4724660826687775,,,,,,,,,,,,,
12162.649515481,12670509,392,391,1,0,19,65.13203999929829,-45,63,0.6403013182674187,-99.83443708609272,95.44857768052518,54.0956340956341,4.078144078144092,7.200587803085965,-0.10613818179923028,-1.880660445947796,1.595324578894231,1.4143532483051404,-0.09510680884890975,-0.4724660826687775,-0.0859029241215959,-1.880660445947796,1.5968740001889525,1.4097283440669042,-0.0966407896367954,-0.4724660826687775,,,,,,,,,,,,,
12162.682751521,12670509,393,392,1,0,33,64.8477440008719,-45,63,0.6403013182674187,-99.83443708609272,95.44857768052518,54.0956340956341,4.078144078144092,7.200587803085965,-0.10613818179923028,-1.880660445947796,1.595324578894231,1.4143532483051404,-0.09510680884890975,-0.4724660826687775,-0.09203884727313846,-1.880660445947796,1.5968740001889525,1.4097283440669042,-0.0966407896367954,-0.4724660826687775,,,,,,,,,,,,,
12162.749434129,12670509,395,394,1,0,15,64.62131700027385,-45,63,0.6403013182674187,-99.83443708609272,95.44857768052518,54.0956340956341,4.078144078144092,7.200587803085965,-0.10613818179923028,-1.880660445947796,1.595324578894231,1.4143532483051404,-0.09510680884890975,-0.4724660826687775,-0.0966407896367954,-1.880660445947796,1.5968740001889525,1.4097283440669042,-0.0966407896367954,-0.4724660826687775,,,,,,,,,,,,,
12162.816178926,12670509,397,395,1,0,33,98.2433619992662,-45,63,0.6403013182674187,-99.83443708609272,95.44857768052518,54.0956340956341,4.078144078144092,7.200587803085965,-0.10613818179923028,-1.880660445947796,1.595324578894231,1.4143532483051404,-0.09510680884890975,-0.4724660826687775,-0.09817477042468103,-1.880660445947796,1.5968740001889525,1.4097283440669042,-0.0966407896367954,-0.4724660826687775,,,,,,,,,,,,,
12162.84960569,12670509,398,397,1,0,19,64.98991099942941,-45,63,0.6403013182674187,-99.83443708609272,95.44857768052518,54.0956340956341,4.078144078144092,7.200587803085965,-0.10613818179923028,-1.880660445947796,1.595324578894231,1.4143532483051404,-0.09510680884890975,-0.4724660826687775,-0.09817477042468103,-1.880660445947796,1.5968740001889525,1.4097283440669042,-0.0966407896367954,-0.4724660826687775,,,,,,,,,,,,,
12162.882715738,12670509,399,398,1,0,34,64.6128200005478,-45,63,0.4896421845574537,-99.83443708609272,95.44857768052518,54.0956340956341,4.078144078144092,7.200587803085965,-0.10891263593988053,-1.880660445947796,1.595324578894231,1.4143532483051404,-0.09510680884890975,-0.4724660826687775,-0.09817477042468103,-1.880660445947796,1.5968740001889525,1.4097283440669042,-0.0966407896367954,-0.4724660826687775,,,,,,,,,,,,,
12162.949452867,12670509,401,400,1,0,13,64.77409299986903,-45,63,0.1129943502824915,-99.83443708609272,95.44857768052518,54.0956340956341,4.078144078144092,7.200587803085965,-0.11584877129150682,-1.880660445947796,1.595324578894231,1.4143532483051404,-0.09510680884890975,-0.4724660826687775,-0.09817477042468103,-1.880660445947796,1.5968740001889525,1.4097283440669042,-0.0966407896367954,-0.4724660826687775,,,,,,,,,,,,,
12162.982699051,12670509,402,401,1,0,35,64.77382899902295,-45,63,0.1129943502824915,-99.83443708609272,95.44857768052518,54.0956340956341,4.078144078144092,7.200587803085965,-0.11584877129150682,-1.880660445947796,1.595324578894231,1.4143532483051404,-0.09510680884890975,-0.4724660826687775,-0.10124273200045232,-1.880660445947796,1.5968740001889525,1.4097283440669042,-0.0966407896367954,-0.4724660826687775,,,,,,,,,,,,,
12163.049492639,12670509,404,403,1,0,19,64.76205999933882,-47,63,0.0376647834275019,-99.83443708609272,95.44857768052518,54.17879417879419,4.078144078144092,7.200587803085965,-0.11723599836183193,-1.880660445947796,1.595324578894231,1.415894883051219,-0.09510680884890975,-0.4724660826687775,-0.10891263593988053,-1.880660445947796,1.5968740001889525,1.4097283440669042,-0.0966407896367954,-0.4724660826687775,,,,,,,,,,,,,
12163.082782688,12670509,405,404,1,0,34,64.8186380003608,-47,63,0.0376647834275019,-99.83443708609272,95.44857768052518,54.17879417879419,4.078144078144092,7.200587803085965,-0.11723599836183193,-1.880660445947796,1.595324578894231,1.415894883051219,-0.09510680884890975,-0.4724660826687775,-0.10891263593988053,-1.880660445947796,1.5968740001889525,1.4097283440669042,-0.0966407896367954,-0.4724660826687775,,,,,,,,,,,,,
12163.149389486,12670509,407,406,1,0,19,64.55144599931373,-47,63,0.0376647834275019,-99.83443708609272,95.44857768052518,54.17879417879419,4.078144078144092,7.200587803085965,-0.11723599836183193,-1.880660445947796,1.595324578894231,1.415894883051219,-0.09510680884890975,-0.4724660826687775,-0.1119805975156518,-1.880660445947796,1.5968740001889525,1.4097283440669042,-0.0966407896367954,-0.4724660826687775,,,,,,,,,,,,,
12163.182694804,12670509,408,407,1,0,33,64.67541699930734,-47,63,0.0376647834275019,-99.83443708609272,95.44857768052518,54.26195426195426,4.078144078144092,7.200587803085965,-0.11723599836183193,-1.880660445947796,1.595324578894231,1.4174365177972978,-0.09510680884890975,-0.4724660826687775,-0.1119805975156518,-1.880660445947796,1.5968740001889525,1.4097283440669042,-0.0966407896367954,-0.4724660826687775,,,,,,,,,,,,,
12163.249903983,12670509,410,409,1,0,19,65.11413699990953,-47,63,0.0376647834275019,-99.83443708609272,95.44857768052518,54.345114345114354,4.078144078144092,7.200587803085965,-0.11723599836183193,-1.880660445947796,1.595324578894231,1.4189781525433773,-0.09510680884890975,-0.4724660826687775,-0.1119805975156518,-1.880660445947796,1.5968740001889525,1.4097283440669042,-0.0966407896367954,-0.4724660826687775,,,,,,,,,,,,,
12163.282738506,12670509,411,410,1,0,14,64.64583500019216,-47,63,0.0376647834275019,-99.83443708609272,95.44857768052518,54.345114345114354,4.078144078144092,7.200587803085965,-0.11723599836183193,-1.880660445947796,1.595324578894231,1.4189781525433773,-0.09510680884890975,-0.4724660826687775,-0.1119805975156518,-1.880660445947796,1.5968740001889525,1.4097283440669042,-0.0966407896367954,-0.4724660826687775,,,,,,,,,,,,,
12163.349631072,12670509,413,412,1,0,15,64.88124600036826,-47,63,0.0376647834275019,-99.83443708609272,95.36105032822758,54.345114345114354,4.078144078144092,7.200587803085965,-0.11723599836183193,-1.880660445947796,1.5937751575995087,1.4189781525433773,-0.09510680884890975,-0.4724660826687775,-0.1119805975156518,-1.880660445947796,1.5968740001889525,1.4097283440669042,-0.0966407896367954,-0.4724660826687775,,,,,,,,,,,,,
12163.382687853,12670509,414,413,1,0,33,64.49338099992019,-47,63,0.0376647834275019,-99.83443708609272,95.18599562363238,54.42827442827442,4.078144078144092,7.200587803085965,-0.11723599836183193,-1.880660445947796,1.5906763150100638,1.4205197872894553,-0.09510680884890975,-0.4724660826687775,-0.1119805975156518,-1.880660445947796,1.5968740001889525,1.4097283440669042,-0.0966407896367954,-0.4724660826687775,,,,,,,,,,,,,
12163.449628369,12670509,416,415,1,0,19,64.89746400075092,-47,63,0.0376647834275019,-99.83443708609272,94.92341356673961,54.511434511434516,4.078144078144092,7.200587803085965,-0.11723599836183193,-1.880660445947796,1.586028051125898,1.4220614220355348,-0.09510680884890975,-0.4724660826687775,-0.1119805975156518,-1.880660445947796,1.5968740001889525,1.4097283440669042,-0.0966407896367954,-0.4724660826687775,,,,,,,,,,,,,
12163.482717748,12670509,417,416,1,0,37,64.61083400063217,-47,63,0.0376647834275019,-99.83443708609272,94.92341356673961,54.511434511434516,4.078144078144092,7.200587803085965,-0.11723599836183193,-1.880660445947796,1.586028051125898,1.4220614220355348,-0.09510680884890975,-0.4724660826687775,-0.1119805975156518,-1.880660445947796,1.5968740001889525,1.4097283440669042,-0.0966407896367954,-0.4724660826687775,,,,,,,,,,,,,
12163.549600455,12670509,419,418,1,0,15,64.83936200129392,-47,63,0.0376647834275019,-99.83443708609272,94.92341356673961,54.511434511434516,4.078144078144092,7.200587803085965,-0.11723599836183193,-1.880660445947796,1.586028051125898,1.4220614220355348,-0.09510680884890975,-0.4724660826687775,-0.1119805975156518,-1.880660445947796,1.5968740001889525,1.4097283440669042,-0.0966407896367954,-0.4724660826687775,,,,,,,,,,,,,
12163.582741988,12670509,420,419,1,0,33,64.537422000285,-47,63,0.1129943502824915,-99.83443708609272,94.92341356673961,54.511434511434516,4.029304029304043,7.200587803085965,-0.11584877129150682,-1.880660445947796,1.586028051125898,1.4220614220355348,-0.0966407896367954,-0.4724660826687775,-0.1119805975156518,-1.880660445947796,1.5968740001889525,1.4097283440669042,-0.0966407896367954,-0.4724660826687775,,,,,,,,,,,,,
12163.649388247,12670509,422,421,1,0,15,64.65854400084936,-47,63,0.33898305084744607,-99.83443708609272,94.92341356673961,54.511434511434516,3.931623931623946,7.200587803085965,-0.11168709008053146,-1.880660445947796,1.586028051125898,1.4220614220355348,-0.09970875121256667,-0.4724660826687775,-0.1119805975156518,-1.880660445947796,1.5968740001889525,1.4097283440669042,-0.0966407896367954,-0.4724660826687775,,,,,,,,,,,,,
12163.682731271,12670509,423,422,1,0,29,64.5364679985505,-47,63,0.33898305084744607,-99.83443708609272,94.92341356673961,54.511434511434516,4.029304029304043,7.200587803085965,-0.11168709008053146,-1.880660445947796,1.586028051125898,1.4220614220355348,-0.0966407896367954,-0.4724660826687775,-0.1119805975156518,-1.880660445947796,1.5968740001889525,1.4097283440669042,-0.0966407896367954,-0.4724660826687775,,,,,,,,,,,,,
12163.749595946,12670509,425,424,1,0,15,64.8507489986514,-47,63,0.4896421845574537,-99.83443708609272,94.92341356673961,54.511434511434516,4.029304029304043,7.200587803085965,-0.10891263593988053,-1.880660445947796,1.586028051125898,1.4220614220355348,-0.0966407896367954,-0.4724660826687775,-0.1119805975156518,-1.880660445947796,1.5968740001889525,1.4097283440669042,-0.0966407896367954,-0.4724660826687775,,,,,,,,,,,,,
12163.782690236,12670509,426,425,1,0,33,64.56807999893499,-47,63,0.4896421845574537,-99.83443708609272,94.83588621444201,54.511434511434516,4.029304029304043,7.200587803085965,-0.10891263593988053,-1.880660445947796,1.5844786298311757,1.4220614220355348,-0.0966407896367954,-0.4724660826687775,-0.1119805975156518,-1.880660445947796,1.5968740001889525,1.4097283440669042,-0.0966407896367954,-0.4724660826687775,,,,,,,,,,,,,
12163.849644492,12670509,428,427,1,0,15,64.87758900038898,-47,63,0.5649717514124291,-99.83443708609272,94.83588621444201,54.511434511434516,4.029304029304043,7.200587803085965,-0.10752540886955575,-1.880660445947796,1.5844786298311757,1.4220614220355348,-0.0966407896367954,-0.4724660826687775,-0.1119805975156518,-1.880660445947796,1.5968740001889525,1.4097283440669042,-0.0966407896367954,-0.4724660826687775,,,,,,,,,,,,,
12163.882693345,12670509,429,428,1,0,33,64.62694100082444,-47,63,0.5649717514124291,-99.83443708609272,94.83588621444201,54.511434511434516,4.029304029304043,7.200587803085965,-0.10752540886955575,-1.880660445947796,1.5844786298311757,1.4220614220355348,-0.0966407896367954,-0.4724660826687775,-0.1119805975156518,-1.880660445947796,1.5968740001889525,1.4097283440669042,-0.0966407896367954,-0.4724660826687775,,,,,,,,,,,,,
12163.949649966,12670509,431,430,1,0,15,64.90321199999016,-47,63,0.6403013182674187,-99.83443708609272,94.83588621444201,54.511434511434516,4.029304029304043,7.200587803085965,-0.10613818179923028,-1.880660445947796,1.5844786298311757,1.4220614220355348,-0.0966407896367954,-0.4724660826687775,-0.1119805975156518,-1.880660445947796,1.5968740001889525,1.4097283440669042,-0.0966407896367954,-0.4724660826687775,,,,,,,,,,,,,
12163.982759207,12670509,432,431,1,0,32,64.73524799912411,-47,63,0.6403013182674187,-99.83443708609272,94.83588621444201,54.511434511434516,4.029304029304043,7.200587803085965,-0.10613818179923028,-1.880660445947796,1.5844786298311757,1.4220614220355348,-0.0966407896367954,-0.4724660826687775,-0.1119805975156518,-1.880660445947796,1.5968740001889525,1.4097283440669042,-0.0966407896367954,-0.4724660826687775,,,,,,,,,,,,,
12164.049593252,12670509,434,433,1,0,15,64.87387600100192,-47,63,0.6403013182674187,-99.83443708609272,94.83588621444201,54.511434511434516,4.029304029304043,7.200587803085965,-0.10613818179923028,-1.880660445947796,1.5844786298311757,1.4220614220355348,-0.0966407896367954,-0.4724660826687775,-0.1119805975156518,-1.880660445947796,1.5968740001889525,1.4097283440669042,-0.0966407896367954,-0.4724660826687775,,,,,,,,,,,,,
12164.082970771,12670509,435,434,1,0,33,64.94666899925505,-47,63,0.6403013182674187,-99.83443708609272,94.83588621444201,54.511434511434516,4.029304029304043,7.200587803085965,-0.10613818179923028,-1.880660445947796,1.5844786298311757,1.4220614220355348,-0.0966407896367954,-0.4724660826687775,-0.1119805975156518,-1.880660445947796,1.5968740001889525,1.4097283440669042,-0.0966407896367954,-0.4724660826687775,,,,,,,,,,,,,
12164.149449411,12670509,437,436,1,0,13,64.40595200001553,-48,63,0.6403013182674187,-99.83443708609272,95.09846827133478,54.511434511434516,4.029304029304043,7.200587803085965,-0.10613818179923028,-1.880660445947796,1.5891268937153415,1.4220614220355348,-0.0966407896367954,-0.4724660826687775,-0.1119805975156518,-1.880660445947796,1.5968740001889525,1.4097283440669042,-0.0966407896367954,-0.4724660826687775,,,,,,,,,,,,,
12164.182963396,12670509,438,437,1,0,27,64.71098600013647,-48,63,0.5649717514124291,-99.83443708609272,95.36105032822758,54.511434511434516,4.029304029304043,7.200587803085965,-0.10752540886955575,-1.880660445947796,1.5937751575995087,1.4220614220355348,-0.0966407896367954,-0.4724660826687775,-0.1119805975156518,-1.880660445947796,1.5968740001889525,1.4097283440669042,-0.0966407896367954,-0.4724660826687775,,,,,,,,,,,,,
12164.249758876,12670509,440,439,1,0,14,64.76696499885293,-48,63,0.33898305084744607,-99.83443708609272,95.36105032822758,54.511434511434516,4.029304029304043,7.200587803085965,-0.11168709008053146,-1.880660445947796,1.5937751575995087,1.4220614220355348,-0.0966407896367954,-0.4724660826687775,-0.1119805975156518,-1.880660445947796,1.5968740001889525,1.4097283440669042,-0.0966407896367954,-0.4724660826687775,,,,,,,,,,,,,
12164.282943738,12670509,441,440,1,0,33,64.7753430002922,-48,63,0.4896421845574537,-99.83443708609272,95.36105032822758,54.511434511434516,4.029304029304043,7.200587803085965,-0.10891263593988053,-1.880660445947796,1.5937751575995087,1.4220614220355348,-0.0966407896367954,-0.4724660826687775,-0.1119805975156518,-1.880660445947796,1.5968740001889525,1.4097283440669042,-0.0966407896367954,-0.4724660826687775,,,,,,,,,,,,,
12164.349522989,12670509,443,442,1,0,9,64.50474600023881,-48,63,0.4896421845574537,-99.83443708609272,95.36105032822758,54.511434511434516,3.8339438339438487,7.200587803085965,-0.10891263593988053,-1.880660445947796,1.5937751575995087,1.4220614220355348,-0.10277671278833796,-0.4724660826687775,-0.1119805975156518,-1.880660445947796,1.5968740001889525,1.4097283440669042,-0.0966407896367954,-0.4724660826687775,,,,,,,,,,,,,
12164.382735433,12670509,444,443,1,0,34,64.4779810008913,-48,63,0.33898305084744607,-99.83443708609272,95.36105032822758,54.511434511434516,3.8827838827838974,7.200587803085965,-0.11168709008053146,-1.880660445947796,1.5937751575995087,1.4220614220355348,-0.10124273200045232,-0.4724660826687775,-0.1119805975156518,-1.880660445947796,1.5968740001889525,1.4097283440669042,-0.0966407896367954,-0.4724660826687775,,,,,,,,,,,,,
12164.449602749,12670509,446,445,1,0,15,64.80903600095189,-48,63,0.33898305084744607,-99.83443708609272,95.36105032822758,54.511434511434516,3.8827838827838974,7.200587803085965,-0.11168709008053146,-1.880660445947796,1.5937751575995087,1.4220614220355348,-0.10124273200045232,-0.4724660826687775,-0.1119805975156518,-1.880660445947796,1.5968740001889525,1.4097283440669042,-0.0966407896367954,-0.4724660826687775,,,,,,,,,,,,,
12164.482912881,12670509,447,446,1,0,29,64.75596199925349,-48,63,0.2636534839924707,-99.83443708609272,95.36105032822758,54.511434511434516,3.8827838827838974,7.200587803085965,-0.11307431715085624,-1.880660445947796,1.5937751575995087,1.4220614220355348,-0.10124273200045232,-0.4724660826687775,-0.1119805975156518,-1.880660445947796,1.5968740001889525,1.4097283440669042,-0.0966407896367954,-0.4724660826687775,,,,,,,,,,,,,
12164.549643476,12670509,449,447,1,0,47,97.98249500090606,-48,63,0.1129943502824915,-99.83443708609272,95.44857768052518,53.929313929313935,4.078144078144092,7.200587803085965,-0.11584877129150682,-1.880660445947796,1.595324578894231,1.411269978812983,-0.09510680884890975,-0.4724660826687775,-0.1119805975156518,-1.880660445947796,1.5968740001889525,1.4097283440669042,-0.0966407896367954,-0.4724660826687775,,,,,,,,,,,,,
12164.61609331,12670509,451,449,1,0,33,98.04346499913663,-48,63,0.0376647834275019,-99.83443708609272,95.44857768052518,53.929313929313935,4.078144078144092,7.200587803085965,-0.11723599836183193,-1.880660445947796,1.595324578894231,1.411269978812983,-0.09510680884890975,-0.4724660826687775,-0.1119805975156518,-1.880660445947796,1.5968740001889525,1.4097283440669042,-0.0966407896367954,-0.4724660826687775,,,,,,,,,,,,,
12164.649492252,12670509,452,451,1,0,7,65.02229299985629,-48,63,0.0376647834275019,-99.83443708609272,95.36105032822758,53.929313929313935,4.078144078144092,7.200587803085965,-0.11723599836183193,-1.880660445947796,1.5937751575995087,1.411269978812983,-0.09510680884890975,-0.4724660826687775,-0.1119805975156518,-1.880660445947796,1.5968740001889525,1.4097283440669042,-0.0966407896367954,-0.4724660826687775,,,,,,,,,,,,,
12164.682774707,12670509,453,452,1,0,33,64.86070500068308,-48,63,-0.03766478342748769,-99.83443708609272,94.74835886214441,53.929313929313935,4.078144078144092,7.200587803085965,-0.11862322543215706,-1.880660445947796,1.5829292085364535,1.411269978812983,-0.09510680884890975,-0.4724660826687775,-0.1119805975156518,-1.880660445947796,1.5968740001889525,1.4097283440669042,-0.0966407896367954,-0.4724660826687775,,,,,,,,,,,,,
12164.749515104,12670509,455,454,1,0,19,64.66937600089295,-48,63,-0.03766478342748769,-99.83443708609272,94.39824945295405,53.929313929313935,4.078144078144092,7.200587803085965,-0.11862322543215706,-1.880660445947796,1.5767315233575647,1.411269978812983,-0.09510680884890975,-0.4724660826687775,-0.1119805975156518,-1.880660445947796,1.5968740001889525,1.4097283440669042,-0.0966407896367954,-0.4724660826687775,,,,,,,,,,,,,
12164.782714972,12670509,456,455,1,0,33,64.79289900016738,-48,63,-0.03766478342748769,-99.83443708609272,93.96061269146608,53.67983367983368,4.029304029304043,7.200587803085965,-0.11862322543215706,-1.880660445947796,1.5689844168839546,1.406645074574746,-0.0966407896367954,-0.4724660826687775,-0.1119805975156518,-1.880660445947796,1.5938060386131812,1.4097283440669042,-0.0966407896367954,-0.4724660826687775,,,,,,,,,,,,,
12164.849679095,12670509,458,457,1,0,19,65.01556699913635,-48,63,-0.03766478342748769,-99.83443708609272,91.94748358862142,53.67983367983368,4.029304029304043,7.200587803085965,-0.11862322543215706,-1.880660445947796,1.533347727105345,1.406645074574746,-0.0966407896367954,-0.4724660826687775,-0.1119805975156518,-1.880660445947796,1.5846021538858672,1.4097283440669042,-0.0966407896367954,-0.4724660826687775,,,,,,,,,,,,,
12164.882696449,12670509,459,458,1,0,35,64.68715700066241,-48,63,-0.03766478342748769,-99.83443708609272,90.63457330415753,53.67983367983368,4.029304029304043,7.200587803085965,-0.11862322543215706,-1.880660445947796,1.510106407684513,1.406645074574746,-0.0966407896367954,-0.4724660826687775,-0.1119805975156518,-1.880660445947796,1.5707963267948966,1.4097283440669042,-0.0966407896367954,-0.4724660826687775,,,,,,,,,,,,,
12164.949701569,12670509,461,460,1,0,11,64.98369399923831,-48,63,-0.03766478342748769,-99.83443708609272,87.746170678337,53.67983367983368,4.029304029304043,7.200587803085965,-0.11862322543215706,-1.880660445947796,1.4589755049586837,1.406645074574746,-0.0966407896367954,-0.4724660826687775,-0.1119805975156518,-1.880660445947796,1.5539225381281545,1.4097283440669042,-0.0966407896367954,-0.4724660826687775,,,,,,,,,,,,,
12164.982777896,12670509,462,461,1,0,23,64.81500900008541,-48,63,-0.03766478342748769,-99.83443708609272,86.2582056892779,53.67983367983368,4.029304029304043,7.200587803085965,-0.11862322543215706,-1.880660445947796,1.4326353429484073,1.406645074574746,-0.0966407896367954,-0.4724660826687775,-0.1119805975156518,-1.880660445947796,1.5355147686735269,1.4097283440669042,-0.0966407896367954,-0.4724660826687775,,,,,,,,,,,,,
12165.049589573,12670509,464,463,1,0,11,64.83026400019298,-48,63,-0.03766478342748769,-99.83443708609272,83.45733041575491,53.67983367983368,4.029304029304043,7.200587803085965,-0.11862322543215706,-1.880660445947796,1.383053861517299,1.406645074574746,-0.0966407896367954,-0.4724660826687775,-0.1119805975156518,-1.880660445947796,1.5155730184310134,1.4097283440669042,-0.0966407896367954,-0.4724660826687775,,,,,,,,,,,,,
12165.08252265,12670509,465,464,1,0,11,64.56196600083786,-48,63,-0.03766478342748769,-99.83443708609272,82.66958424507658,53.67983367983368,4.029304029304043,7.200587803085965,-0.11862322543215706,-1.880660445947796,1.3691090698647999,1.406645074574746,-0.0966407896367954,-0.4724660826687775,-0.1119805975156518,-1.880660445947796,1.4956312681885002,1.4097283440669042,-0.0966407896367954,-0.4724660826687775,,,,,,,,,,,,,
12165.149611698,12670509,467,466,1,0,14,65.14176999917254,-48,63,-0.03766478342748769,-99.83443708609272,81.35667396061271,53.84615384615387,4.029304029304043,7.200587803085965,-0.11862322543215706,-1.880660445947796,1.3458677504439687,1.4097283440669042,-0.0966407896367954,-0.4724660826687775,-0.1119805975156518,-1.880660445947796,1.4756895179459868,1.4097283440669042,-0.0966407896367954,-0.4724660826687775,,,,,,,,,,,,,
12165.182724949,12670509,468,467,1,0,29,64.64649000008649,-48,63,-0.03766478342748769,-99.83443708609272,81.00656455142231,54.17879417879419,4.029304029304043,7.200587803085965,-0.11862322543215706,-1.880660445947796,1.33967006526508,1.415894883051219,-0.0966407896367954,-0.4724660826687775,-0.1119805975156518,-1.880660445947796,1.4526798061277022,1.4097283440669042,-0.0966407896367954,-0.4724660826687775,,,,,,,,,,,,,
12165.249594198,12670509,470,469,1,0,15,64.77721099872724,-48,63,-0.03766478342748769,-99.83443708609272,80.21881838074398,54.26195426195426,4.029304029304043,7.200587803085965,-0.11862322543215706,-1.880660445947796,1.3257252736125802,1.4174365177972978,-0.0966407896367954,-0.4724660826687775,-0.1119805975156518,-1.880660445947796,1.428136113521532,1.4097283440669042,-0.0966407896367954,-0.4724660826687775,,,,,,,,,,,,,
12165.28269373,12670509,471,470,1,0,33,64.60148000041954,-45,63,-0.03766478342748769,-99.83443708609272,79.95623632385121,54.26195426195426,4.029304029304043,7.200587803085965,-0.11862322543215706,-1.880660445947796,1.3210770097284144,1.4174365177972978,-0.0966407896367954,-0.4724660826687775,-0.1119805975156518,-1.880660445947796,1.41126232485479,1.4097283440669042,-0.0966407896367954,-0.4724660826687775,,,,,,,,,,,,,
12165.349424798,12670509,473,472,1,0,19,64.6666569991794,-45,63,-0.03766478342748769,-99.83443708609272,79.60612691466082,54.26195426195426,4.029304029304043,7.200587803085965,-0.11862322543215706,-1.880660445947796,1.3148793245495256,1.4174365177972978,-0.0966407896367954,-0.4724660826687775,-0.1119805975156518,-1.880660445947796,1.3989904785517047,1.4097283440669042,-0.0966407896367954,-0.4724660826687775,,,,,,,,,,,,,
12165.382706923,12670509,474,473,1,0,33,64.78687099843228,-45,63,-0.03766478342748769,-99.83443708609272,79.34354485776805,53.67983367983368,4.029304029304043,7.200587803085965,-0.11862322543215706,-1.880660445947796,1.310231060665359,1.406645074574746,-0.0966407896367954,-0.4724660826687775,-0.1119805975156518,-1.880660445947796,1.3913205746122765,1.4097283440669042,-0.0966407896367954,-0.4724660826687775,,,,,,,,,,,,,
12165.449690355,12670509,476,475,1,0,17,65.05294700036757,-45,63,-0.03766478342748769,-99.83443708609272,78.38074398249452,54.26195426195426,4.029304029304043,7.200587803085965,-0.11862322543215706,-1.880660445947796,1.2931874264234158,1.4174365177972978,-0.0966407896367954,-0.4724660826687775,-0.1119805975156518,-1.880660445947796,1.3836506706728484,1.4097283440669042,-0.0966407896367954,-0.4724660826687775,,,,,,,,,,,,,
12165.482736633,12670509,477,476,1,0,34,64.64076799966278,-45,63,-0.03766478342748769,-99.83443708609272,77.68052516411379,54.345114345114354,4.029304029304043,7.200587803085965,-0.11862322543215706,-1.880660445947796,1.280792056065639,1.4189781525433773,-0.0966407896367954,-0.4724660826687775,-0.1119805975156518,-1.880660445947796,1.3790487283091915,1.4097283440669042,-0.0966407896367954,-0.4724660826687775,,,,,,,,,,,,,
12165.549448125,12670509,479,478,1,0,14,64.77784600065206,-45,63,0.0376647834275019,-99.83443708609272,76.45514223194749,54.345114345114354,4.029304029304043,7.200587803085965,-0.11723599836183193,-1.880660445947796,1.2591001579395291,1.4189781525433773,-0.0966407896367954,-0.4724660826687775,-0.1119805975156518,-1.880660445947796,1.368310862793992,1.4097283440669042,-0.0966407896367954,-0.4724660826687775,,,,,,,,,,,,,
12165.616031905,12670509,481,479,1,0,29,98.33596200041939,-45,63,0.0376647834275019,-99.83443708609272,75.40481400437636,54.345114345114354,4.029304029304043,7.200587803085965,-0.11723599836183193,-1.880660445947796,1.2405071024028635,1.4189781525433773,-0.0966407896367954,-0.4724660826687775,-0.1119805975156518,-1.880660445947796,1.3529710549151355,1.4097283440669042,-0.0966407896367954,-0.4724660826687775,,,,,,,,,,,,,
12165.649632834,12670509,482,481,1,0,19,65.08249299986346,-45,63,0.0376647834275019,-99.83443708609272,75.054704595186,54.345114345114354,4.029304029304043,7.200587803085965,-0.11723599836183193,-1.880660445947796,1.2343094172239748,1.4189781525433773,-0.0966407896367954,-0.4724660826687775,-0.1119805975156518,-1.880660445947796,1.3345632854605078,1.4097283440669042,-0.0966407896367954,-0.4724660826687775,,,,,,,,,,,,,
12165.716421726,12670509,484,484,1,0,15,31.52358999977878,-45,63,0.0376647834275019,-99.83443708609272,74.9671772428884,54.345114345114354,4.029304029304043,7.200587803085965,-0.11723599836183193,-1.880660445947796,1.2327599959292528,1.4189781525433773,-0.0966407896367954,-0.4724660826687775,-0.1119805975156518,-1.880660445947796,1.3084856120664519,1.4097283440669042,-0.0966407896367954,-0.4724660826687775,,,,,,,,,,,,,
12165.816453136,12670509,487,485,1,0,31,97.89911299958476,-45,63,0.0376647834275019,-99.83443708609272,75.1422319474836,54.345114345114354,4.029304029304043,7.200587803085965,-0.11723599836183193,-1.880660445947796,1.235858838518697,1.4189781525433773,-0.0966407896367954,-0.4724660826687775,-0.1119805975156518,-1.880660445947796,1.3008157081270237,1.4097283440669042,-0.0966407896367954,-0.4724660826687775,,,,,,,,,,,,,
12165.849634615,12670509,488,487,1,0,19,64.91883899980166,-45,63,0.1129943502824915,-99.83443708609272,74.79212253829323,54.345114345114354,4.029304029304043,7.200587803085965,-0.11584877129150682,-1.880660445947796,1.229661153339809,1.4189781525433773,-0.0966407896367954,-0.4724660826687775,-0.1119805975156518,-1.880660445947796,1.2977477465512524,1.4097283440669042,-0.0966407896367954,-0.4724660826687775,,,,,,,,,,,,,
12165.916312501,12670509,490,488,1,0,31,97.8303430001688,-45,63,0.41431261770243566,-99.75165562913908,74.61706783369803,54.345114345114354,4.029304029304043,7.200587803085965,-0.11029986301020633,-1.8791131317176315,1.2265623107503647,1.4189781525433773,-0.0966407896367954,-0.4724660826687775,-0.1119805975156518,-1.880660445947796,1.2977477465512524,1.4097283440669042,-0.0966407896367954,-0.4724660826687775,,,,,,,,,,,,,
12165.949609377,12670509,491,490,1,0,19,64.71803000022192,-45,63,0.41431261770243566,-99.33774834437087,74.44201312910283,54.345114345114354,4.029304029304043,7.200587803085965,-0.11029986301020633,-1.8713765605668093,1.2234634681609196,1.4189781525433773,-0.0966407896367954,-0.4724660826687775,-0.1119805975156518,-1.880660445947796,1.2977477465512524,1.4097283440669042,-0.0966407896367954,-0.4724660826687775,,,,,,,,,,,,,
12165.982972344,12670509,492,491,1,0,15,64.55722099963168,-45,63,0.41431261770243566,-98.67549668874172,74.35448577680526,54.345114345114354,4.029304029304043,7.200587803085965,-0.11029986301020633,-1.8589980467254936,1.2219140468661982,1.4189781525433773,-0.0966407896367954,-0.4724660826687775,-0.1119805975156518,-1.880660445947796,1.2977477465512524,1.4097283440669042,-0.0966407896367954,-0.4724660826687775,,,,,,,,,,,,,
12166.049522848,12670509,494,493,1,0,10,64.4423289995757,-45,63,0.41431261770243566,-96.8543046357616,73.8293216630197,53.67983367983368,4.029304029304043,7.200587803085965,-0.11029986301020633,-1.8249571336618757,1.212617519097865,1.406645074574746,-0.0966407896367954,-0.4724660826687775,-0.1119805975156518,-1.880660445947796,1.2977477465512524,1.4097283440669042,-0.0966407896367954,-0.4724660826687775,,,,,,,,,,,,,
12166.082708586,12670509,495,494,1,0,34,65.00797899934696,-45,63,0.33898305084744607,-95.86092715231788,73.12910284463896,53.67983367983368,4.029304029304043,7.200587803085965,-0.11168709008053146,-1.8063893628999026,1.2002221487400881,1.406645074574746,-0.0966407896367954,-0.4724660826687775,-0.1119805975156518,-1.8775924843720249,1.2977477465512524,1.4097283440669042,-0.0966407896367954,-0.4724660826687775,,,,,,,,,,,,,
12166.149483709,12670509,497,496,1,0,15,64.93766099993081,-45,63,0.41431261770243566,-94.20529801324503,71.2910284463895,53.67983367983368,4.029304029304043,7.200587803085965,-0.11029986301020633,-1.7754430782966133,1.1676843015509237,1.406645074574746,-0.0966407896367954,-0.4724660826687775,-0.1119805975156518,-1.8622526764931684,1.2916118233997098,1.4097283440669042,-0.0966407896367954,-0.4724660826687775,,,,,,,,,,,,,
12166.182978641,12670509,498,497,1,0,38,65.01736099926347,-45,63,0.4896421845574537,-93.70860927152317,69.97811816192561,53.67983367983368,4.029304029304043,7.200587803085965,-0.10891263593988053,-1.7661591929156268,1.1444429821300917,1.406645074574746,-0.0966407896367954,-0.4724660826687775,-0.1119805975156518,-1.8377089838869982,1.2747380347329678,1.4097283440669042,-0.0966407896367954,-0.4724660826687775,,,,,,,,,,,,,
12166.249596517,12670509,500,499,1,0,15,64.52398600049492,-45,63,0.4896421845574537,-93.12913907284768,66.03938730853392,53.67983367983368,4.029304029304043,7.200587803085965,-0.10891263593988053,-1.7553279933044756,1.0747190238675963,1.406645074574746,-0.0966407896367954,-0.4724660826687775,-0.1119805975156518,-1.8116313104929422,1.248660361338912,1.4097283440669042,-0.0966407896367954,-0.4724660826687775,,,,,,,,,,,,,
12166.283051735,12670509,501,500,1,0,30,65.00789299934695,-45,63,0.4896421845574537,-92.9635761589404,63.58862144420132,53.67983367983368,4.029304029304043,7.200587803085965,-0.10891263593988053,-1.7522333648441468,1.0313352276153767,1.406645074574746,-0.0966407896367954,-0.4724660826687775,-0.11044661672776616,-1.7932235410383146,1.217980745581199,1.4097283440669042,-0.0966407896367954,-0.4724660826687775,,,,,,,,,,,,,
12166.349630117,12670509,503,502,1,0,19,64.70917399929021,-45,63,0.4896421845574537,-92.3841059602649,58.424507658643336,53.67983367983368,4.029304029304043,7.200587803085965,-0.10891263593988053,-1.7414021652329958,0.9399193712267713,1.406645074574746,-0.0966407896367954,-0.4724660826687775,-0.11044661672776616,-1.7794177139473437,1.1765632643082868,1.4097283440669042,-0.0966407896367954,-0.4724660826687775,,,,,,,,,,,,,
12166.383018297,12670509,504,503,1,0,33,64.87663599909865,-47,63,0.5649717514124291,-92.13576158940397,55.79868708971554,53.67983367983368,4.029304029304043,7.200587803085965,-0.10752540886955575,-1.736760222542502,0.8934367323851072,1.406645074574746,-0.0966407896367954,-0.4724660826687775,-0.11044661672776616,-1.7686798484321442,1.1213399559444037,1.4097283440669042,-0.0966407896367954,-0.4724660826687775,,,,,,,,,,,,,
12166.44961722,12670509,506,505,1,0,15,64.69593399924634,-47,63,0.6403013182674187,-91.97019867549669,51.59737417943106,53.67983367983368,4.029304029304043,7.200587803085965,-0.10613818179923028,-1.7336655940821735,0.8190645102384445,1.406645074574746,-0.0966407896367954,-0.4724660826687775,-0.1119805975156518,-1.7594759637048305,1.0584467436410925,1.4097283440669042,-0.0966407896367954,-0.4724660826687775,,,,,,,,,,,,,
12166.482718768,12670509,507,506,1,0,33,64.70952900053817,-47,63,0.6403013182674187,-91.97019867549669,49.58424507658643,53.67983367983368,4.029304029304043,7.200587803085965,-0.10613818179923028,-1.7336655940821735,0.7834278204598357,1.406645074574746,-0.0966407896367954,-0.4724660826687775,-0.11044661672776616,-1.753340040553288,0.9955535313377811,1.4097283440669042,-0.0966407896367954,-0.4724660826687775,,,,,,,,,,,,,
12166.549412431,12670509,509,508,1,0,15,64.73927000115509,-47,63,0.7156308851224082,-91.97019867549669,46.43326039387307,54.26195426195426,4.029304029304043,7.200587803085965,-0.10475095472890517,-1.7336655940821735,0.7276486538498392,1.4174365177972978,-0.0966407896367954,-0.4724660826687775,-0.11044661672776616,-1.7502720789775166,0.9326603190344698,1.4097283440669042,-0.0966407896367954,-0.4724660826687775,,,,,,,,,,,,,
12166.582710608,12670509,510,509,1,0,34,64.8596129994985,-47,63,0.7156308851224082,-91.88741721854305,45.73304157549234,54.511434511434516,4.029304029304043,7.200587803085965,-0.10475095472890517,-1.732118279852009,0.7152532834920624,1.4220614220355348,-0.0966407896367954,-0.4724660826687775,-0.11044661672776616,-1.7502720789775166,0.8789709914584724,1.4097283440669042,-0.0966407896367954,-0.4724660826687775,,,,,,,,,,,,,
12166.649655191,12670509,512,511,1,0,15,65.07045299986203,-47,63,0.7156308851224082,-91.88741721854305,45.64551422319474,54.511434511434516,4.029304029304043,7.200587803085965,-0.10475095472890517,-1.732118279852009,0.7137038621973403,1.4220614220355348,-0.0966407896367954,-0.4724660826687775,-0.11044661672776616,-1.7502720789775166,0.8298836062461319,1.4158642672184467,-0.0966407896367954,-0.4724660826687775,,,,,,,,,,,,,
12166.682705305,12670509,513,512,1,0,37,64.95318700035568,-47,63,0.7156308851224082,-91.88741721854305,45.64551422319474,54.511434511434516,4.029304029304043,7.200587803085965,-0.10475095472890517,-1.732118279852009,0.7137038621973403,1.4220614220355348,-0.0966407896367954,-0.4724660826687775,-0.11044661672776616,-1.7502720789775166,0.7976700097005334,1.418932228794218,-0.0966407896367954,-0.4724660826687775,,,,,,,,,,,,,
12166.749364833,12670509,515,514,1,0,15,64.82495099953667,-47,63,0.7156308851224082,-91.88741721854305,46.3457330415755,54.511434511434516,4.029304029304043,7.200587803085965,-0.10475095472890517,-1.732118279852009,0.7260992325551177,1.4220614220355348,-0.0966407896367954,-0.4724660826687775,-0.11044661672776616,-1.7502720789775166,0.7807962210337913,1.418932228794218,-0.0966407896367954,-0.4724660826687775,,,,,,,,,,,,,
12166.782690161,12670509,516,515,1,0,38,65.14659900130937,-47,63,0.7156308851224082,-91.88741721854305,46.958424507658634,54.511434511434516,4.029304029304043,7.200587803085965,-0.10475095472890517,-1.732118279852009,0.7369451816181722,1.4220614220355348,-0.0966407896367954,-0.4724660826687775,-0.11044661672776616,-1.7502720789775166,0.7731263170943632,1.418932228794218,-0.0966407896367954,-0.4724660826687775,,,,,,,,,,,,,
12166.849499686,12670509,518,517,1,0,15,64.89646900081425,-47,63,0.7156308851224082,-91.80463576158941,48.44638949671773,54.511434511434516,4.029304029304043,7.200587803085965,-0.10475095472890517,-1.7305709656218444,0.7632853436284487,1.4220614220355348,-0.0966407896367954,-0.4724660826687775,-0.11044661672776616,-1.7502720789775166,0.7731263170943632,1.418932228794218,-0.0966407896367954,-0.4724660826687775,,,,,,,,,,,,,
12166.882701686,12670509,519,518,1,0,37,65.1328129988542,-47,63,0.7156308851224082,-91.63907284768212,49.40919037199126,54.511434511434516,4.029304029304043,7.200587803085965,-0.10475095472890517,-1.7274763371615156,0.780328977870392,1.4220614220355348,-0.0966407896367954,-0.4724660826687775,-0.11044661672776616,-1.7502720789775166,0.7746602978822488,1.418932228794218,-0.0966407896367954,-0.4724660826687775,,,,,,,,,,,,,
12166.949381967,12670509,521,520,1,0,19,64.72274500083586,-47,63,0.7156308851224082,-89.90066225165563,51.15973741794312,54.511434511434516,4.029304029304043,7.200587803085965,-0.10475095472890517,-1.6949827383280625,0.811317403764835,1.4220614220355348,-0.0966407896367954,-0.4724660826687775,-0.11044661672776616,-1.7502720789775166,0.782330201821677,1.418932228794218,-0.0966407896367954,-0.4724660826687775,,,,,,,,,,,,,
12166.982742656,12670509,522,521,1,0,27,64.7540210011357,-47,63,0.7156308851224082,-88.41059602649007,51.85995623632385,54.511434511434516,4.029304029304043,7.200587803085965,-0.10475095472890517,-1.6671310821851022,0.823712774122611,1.4220614220355348,-0.0966407896367954,-0.4724660826687775,-0.11044661672776616,-1.748738098189631,0.7961360289126478,1.418932228794218,-0.0966407896367954,-0.4724660826687775,,,,,,,,,,,,,
12167.049673325,12670509,524,523,1,0,15,65.01238300006662,-47,63,0.7156308851224082,-84.93377483443709,52.91028446389495,54.511434511434516,4.029304029304043,7.200587803085965,-0.10475095472890517,-1.6021438845181954,0.8423058296592766,1.4220614220355348,-0.0966407896367954,-0.4724660826687775,-0.11044661672776616,-1.73493227109866,0.8191457407309324,1.418932228794218,-0.0966407896367954,-0.4724660826687775,,,,,,,,,,,,,
12167.082804188,12670509,525,524,1,0,12,64.74859199988714,-47,63,0.7156308851224082,-83.02980132450331,53.34792122538292,54.511434511434516,4.029304029304043,7.200587803085965,-0.10475095472890517,-1.5665556572244128,0.8500529361328875,1.4220614220355348,-0.0966407896367954,-0.4724660826687775,-0.11044661672776616,-1.7088545977046044,0.8344855486097889,1.418932228794218,-0.0966407896367954,-0.4724660826687775,,,,,,,,,,,,,
12167.149658886,12670509,527,526,1,0,14,64.86050700004853,-47,63,0.7156308851224082,-79.22185430463577,53.96061269146608,54.511434511434516,4.029304029304043,7.200587803085965,-0.10475095472890517,-1.4953792026368484,0.860898885195942,1.4220614220355348,-0.0966407896367954,-0.4724660826687775,-0.11044661672776616,-1.6751070203711202,0.8513593372765309,1.418932228794218,-0.0966407896367954,-0.4724660826687775,,,,,,,,,,,,,
12167.183008958,12670509,528,527,1,0,35,65.16162899970368,-47,63,0.7156308851224082,-77.31788079470199,54.13566739606125,54.511434511434516,4.029304029304043,7.200587803085965,-0.10475095472890517,-1.459790975343066,0.8639977277853864,1.4220614220355348,-0.0966407896367954,-0.4724660826687775,-0.1119805975156518,-1.6275536159466653,0.863631183579616,1.418932228794218,-0.0966407896367954,-0.4724660826687775,,,,,,,,,,,,,
12167.249547778,12670509,530,529,1,0,15,64.69071900028212,-47,63,0.7156308851224082,-74.75165562913907,54.660831509846815,54.511434511434516,4.029304029304043,7.200587803085965,-0.10475095472890517,-1.411824234207968,0.8732942555537195,1.4220614220355348,-0.0966407896367954,-0.4724660826687775,-0.1119805975156518,-1.573864288370668,0.8713010875190442,1.418932228794218,-0.0966407896367954,-0.4724660826687775,,,,,,,,,,,,,
12167.282933606,12670509,531,530,1,0,34,64.72781699994812,-47,63,0.7156308851224082,-73.59271523178808,54.92341356673961,54.511434511434516,4.029304029304043,7.200587803085965,-0.10475095472890517,-1.390161834985666,0.877942519437886,1.4220614220355348,-0.0966407896367954,-0.4724660826687775,-0.1119805975156518,-1.521708941582556,0.8789709914584724,1.418932228794218,-0.0966407896367954,-0.4724660826687775,,,,,,,,,,,,,
12167.349470921,12670509,533,532,1,0,19,64.6017330000177,-47,63,0.33898305084744607,-72.8476821192053,55.623632385120345,54.511434511434516,4.029304029304043,7.200587803085965,-0.11168709008053146,-1.3762360069141861,0.8903378897956629,1.4220614220355348,-0.0966407896367954,-0.4724660826687775,-0.1119805975156518,-1.4756895179459868,0.8881748761857863,1.418932228794218,-0.0966407896367954,-0.4724660826687775,,,,,,,,,,,,,
12167.38269917,12670509,534,533,1,0,33,64.8493110002164,-47,63,0.1883239171374811,-73.09602649006622,56.06126914660831,54.511434511434516,4.029304029304043,7.200587803085965,-0.1144615442211817,-1.380877949604679,0.8980849962692731,1.4220614220355348,-0.0966407896367954,-0.4724660826687775,-0.1119805975156518,-1.4342720366730746,0.8943107993373288,1.418932228794218,-0.0966407896367954,-0.4724660826687775,,,,,,,,,,,,,
12167.449612661,12670509,536,535,1,0,19,65.02120299956005,-47,63,0.1129943502824915,-74.58609271523179,57.19912472647701,54.511434511434516,4.029304029304043,7.200587803085965,-0.11584877129150682,-1.4087296057476393,0.9182274731006607,1.4220614220355348,-0.0966407896367954,-0.4724660826687775,-0.1119805975156518,-1.41126232485479,0.9035146840646426,1.418932228794218,-0.0966407896367954,-0.4724660826687775,,,,,,,,,,,,,
12167.482995269,12670509,537,536,1,0,37,65.16548999934457,-47,63,0.1129943502824915,-75.66225165562913,57.89934354485777,54.511434511434516,4.029304029304043,7.200587803085965,-0.11584877129150682,-1.4288446907397772,0.9306228434584382,1.4220614220355348,-0.0966407896367954,-0.4724660826687775,-0.1119805975156518,-1.394388536188048,0.9142525495798421,1.418932228794218,-0.0966407896367954,-0.4724660826687775,,,,,,,,,,,,,
12167.549442103,12670509,539,538,1,0,15,64.50895399939327,-47,63,0.1129943502824915,-78.22847682119206,59.562363238512035,54.511434511434516,4.029304029304043,7.200587803085965,-0.11584877129150682,-1.476811431874875,0.9600618480581583,1.4220614220355348,-0.0966407896367954,-0.4724660826687775,-0.1119805975156518,-1.4005244593395905,0.9357282806102412,1.418932228794218,-0.0966407896367954,-0.4724660826687775,,,,,,,,,,,,,
12167.582524869,12670509,540,539,1,0,33,64.4953089995397,-47,63,0.1129943502824915,-79.55298013245033,60.437636761487965,54.511434511434516,4.029304029304043,7.200587803085965,-0.11584877129150682,-1.501568459557506,0.9755560610053801,1.4220614220355348,-0.0966407896367954,-0.4724660826687775,-0.1119805975156518,-1.4173982480063325,0.9526020692769832,1.418932228794218,-0.0966407896367954,-0.4724660826687775,,,,,,,,,,,,,
12167.649544302,12670509,542,541,1,0,19,65.25903199872118,-47,63,0.1129943502824915,-81.95364238410596,62.10065645514223,54.511434511434516,4.029304029304043,7.200587803085965,-0.11584877129150682,-1.5464405722322752,1.0049950656051,1.4220614220355348,-0.0966407896367954,-0.4724660826687775,-0.1119805975156518,-1.4542137869155878,0.9756117810952678,1.418932228794218,-0.0966407896367954,-0.4724660826687775,,,,,,,,,,,,,
12167.682715783,12670509,543,542,1,0,33,64.9141799985955,-47,63,0.1129943502824915,-82.94701986754967,62.88840262582056,54.511434511434516,4.029304029304043,7.200587803085965,-0.11584877129150682,-1.5650083429942485,1.0189398572575992,1.4220614220355348,-0.0966407896367954,-0.4724660826687775,-0.1119805975156518,-1.4848934026733007,0.9970875121256667,1.418932228794218,-0.0966407896367954,-0.4724660826687775,,,,,,,,,,,,,
12167.749637861,12670509,545,544,1,0,15,64.96083799902408,-47,63,0.1883239171374811,-84.68543046357615,64.20131291028446,54.511434511434516,4.029304029304043,7.200587803085965,-0.1144615442211817,-1.5975019418277017,1.0421811766784312,1.4220614220355348,-0.0966407896367954,-0.4724660826687775,-0.1119805975156518,-1.5109710760673565,1.0185632431560658,1.418932228794218,-0.0966407896367954,-0.4724660826687775,,,,,,,,,,,,,
12167.782600536,12670509,546,545,1,0,33,64.62593000105699,-47,63,0.1883239171374811,-85.51324503311258,64.81400437636762,54.511434511434516,4.029304029304043,7.200587803085965,-0.1144615442211817,-1.6129750841293462,1.0530271257414865,1.4220614220355348,-0.0966407896367954,-0.4724660826687775,-0.1119805975156518,-1.5416506918250694,1.038504993398579,1.418932228794218,-0.0966407896367954,-0.4724660826687775,,,,,,,,,,,,,
12167.816067011,12670509,547,547,1,0,15,31.433664998985478,-47,63,0.1883239171374811,-86.25827814569536,65.42669584245075,54.511434511434516,4.029304029304043,7.200587803085965,-0.1144615442211817,-1.6269009122008262,1.063873074804541,1.4220614220355348,-0.0966407896367954,-0.4724660826687775,-0.1119805975156518,-1.5723303075827821,1.055378782065321,1.418932228794218,-0.0966407896367954,-0.4724660826687775,,,,,,,,,,,,,
12167.883016057,12670509,549,548,1,0,36,65.07520900049713,-47,63,0.2636534839924707,-87.58278145695364,66.82713347921225,54.511434511434516,4.029304029304043,7.200587803085965,-0.11307431715085624,-1.6516579398834574,1.0886638155200945,1.4220614220355348,-0.0966407896367954,-0.4724660826687775,-0.1119805975156518,-1.5953400194010667,1.0722525707320631,1.418932228794218,-0.0966407896367954,-0.4724660826687775,,,,,,,,,,,,,
12167.949612955,12670509,551,550,1,0,15,64.63534700014861,-47,63,0.1883239171374811,-88.65894039735099,68.75273522975931,54.511434511434516,4.029304029304043,7.200587803085965,-0.1144615442211817,-1.6717730248755953,1.1227510840039818,1.4220614220355348,-0.0966407896367954,-0.4724660826687775,-0.1119805975156518,-1.6183497312193513,1.0921943209745766,1.418932228794218,-0.0966407896367954,-0.4724660826687775,,,,,,,,,,,,,
12167.982952312,12670509,552,551,1,0,36,64.81380100012757,-47,63,0.1129943502824915,-89.23841059602648,69.89059080962801,54.511434511434516,4.029304029304043,7.200587803085965,-0.11584877129150682,-1.6826042244867463,1.1428935608353696,1.4220614220355348,-0.0966407896367954,-0.4724660826687775,-0.1119805975156518,-1.6367575006739792,1.1106020904292042,1.418932228794218,-0.0966407896367954,-0.4724660826687775,,,,,,,,,,,,,
12168.049465687,12670509,554,553,1,0,15,64.54653899891127,-47,63,0.1129943502824915,-90.14900662251655,72.1663019693654,54.511434511434516,4.029304029304043,7.200587803085965,-0.11584877129150682,-1.6996246810185553,1.1831785144981442,1.4220614220355348,-0.0966407896367954,-0.4724660826687775,-0.1119805975156518,-1.6551652701286068,1.1366797638232602,1.418932228794218,-0.0966407896367954,-0.4724660826687775,,,,,,,,,,,,,
12168.082988679,12670509,555,554,1,0,33,65.12758700046106,-47,63,0.1129943502824915,-90.6456953642384,73.30415754923413,54.511434511434516,4.029304029304043,7.200587803085965,-0.11584877129150682,-1.7089085663995423,1.2033209913295326,1.4220614220355348,-0.0966407896367954,-0.4724660826687775,-0.1119805975156518,-1.6720390587953489,1.162757437217316,1.418932228794218,-0.0966407896367954,-0.4724660826687775,,,,,,,,,,,,,
12168.149640763,12670509,557,556,1,0,15,64.66100199941138,-47,63,0.0376647834275019,-91.55629139072848,75.1422319474836,54.511434511434516,3.8827838827838974,7.200587803085965,-0.11723599836183193,-1.7259290229313513,1.235858838518697,1.4220614220355348,-0.10124273200045232,-0.4724660826687775,-0.1119805975156518,-1.6873788666742053,1.191903072187143,1.418932228794218,-0.0966407896367954,-0.4724660826687775,,,,,,,,,,,,,
12168.182956893,12670509,558,557,1,0,37,65.01102400034142,-47,63,0.0376647834275019,-91.97019867549669,75.66739606126916,54.511434511434516,3.7362637362637514,7.200587803085965,-0.11723599836183193,-1.7336655940821735,1.2451553662870303,1.4220614220355348,-0.10584467436410924,-0.4724660826687775,-0.1119805975156518,-1.701184693765176,1.217980745581199,1.418932228794218,-0.0966407896367954,-0.4724660826687775,,,,,,,,,,,,,
12168.249568089,12670509,560,559,1,0,15,64.63386500035995,-47,63,0.0376647834275019,-92.79801324503312,76.71772428884026,54.511434511434516,3.7362637362637514,7.200587803085965,-0.11723599836183193,-1.749138736383818,1.2637484218236956,1.4220614220355348,-0.10584467436410924,-0.4724660826687775,-0.1119805975156518,-1.713456540068261,1.2455923997631406,1.418932228794218,-0.0966407896367954,-0.4724660826687775,,,,,,,,,,,,,
12168.282789541,12670509,561,560,1,0,33,64.62419199851865,-47,63,0.0376647834275019,-93.04635761589404,77.24288840262582,54.511434511434516,3.7362637362637514,7.200587803085965,-0.11723599836183193,-1.7537806790743111,1.273044949592028,1.4220614220355348,-0.10584467436410924,-0.4724660826687775,-0.1119805975156518,-1.7257283863713464,1.260932207641997,1.418932228794218,-0.0966407896367954,-0.4724660826687775,,,,,,,,,,,,,
12168.349603808,12670509,563,562,1,0,19,64.95808999898145,-47,63,0.0376647834275019,-93.70860927152317,77.85557986870896,54.511434511434516,3.6874236874237027,7.200587803085965,-0.11723599836183193,-1.7661591929156268,1.2838908986550825,1.4220614220355348,-0.10737865515199488,-0.4724660826687775,-0.1119805975156518,-1.739534213462317,1.2762720155208536,1.418932228794218,-0.0966407896367954,-0.4724660826687775,,,,,,,,,,,,,
12168.382732462,12670509,564,563,1,0,38,64.7545589999936,-47,63,0.0376647834275019,-94.03973509933775,78.11816192560175,54.511434511434516,3.6874236874237027,7.200587803085965,-0.11723599836183193,-1.7723484498362847,1.2885391625392493,1.4220614220355348,-0.10737865515199488,-0.4724660826687775,-0.1119805975156518,-1.7502720789775166,1.2931458041875956,1.418932228794218,-0.0966407896367954,-0.4724660826687775,,,,,,,,,,,,,
12168.449610864,12670509,566,565,1,0,10,64.93875699925411,-47,63,0.1129943502824915,-94.61920529801324,78.81838074398249,54.511434511434516,3.931623931623946,7.200587803085965,-0.11584877129150682,-1.7831796494474355,1.3009345328970259,1.4220614220355348,-0.09970875121256667,-0.4724660826687775,-0.1119805975156518,-1.7579419829169447,1.3023496889149093,1.418932228794218,-0.0966407896367954,-0.4724660826687775,,,,,,,,,,,,,
12168.482703774,12670509,567,566,1,0,33,64.67244799932814,-47,63,0.1129943502824915,-94.86754966887418,79.25601750547045,54.511434511434516,4.029304029304043,7.200587803085965,-0.11584877129150682,-1.7878215921379292,1.3086816393706369,1.4220614220355348,-0.0966407896367954,-0.4724660826687775,-0.1119805975156518,-1.7686798484321442,1.3084856120664519,1.418932228794218,-0.0966407896367954,-0.4724660826687775,,,,,,,,,,,,,
12168.549605527,12670509,569,568,1,0,19,65.06400199941709,-47,63,0.1129943502824915,-95.44701986754967,80.48140043763675,54.511434511434516,4.029304029304043,7.200587803085965,-0.11584877129150682,-1.7986527917490802,1.3303735374967467,1.4220614220355348,-0.0966407896367954,-0.4724660826687775,-0.1119805975156518,-1.7748157715836868,1.3222914391574228,1.418932228794218,-0.0966407896367954,-0.4724660826687775,,,,,,,,,,,,,
12168.615986183,12670509,571,569,1,0,35,98.22281400010979,-47,63,0.1129943502824915,-95.86092715231788,81.70678336980305,54.511434511434516,4.029304029304043,7.200587803085965,-0.11584877129150682,-1.8063893628999026,1.3520654356228565,1.4220614220355348,-0.0966407896367954,-0.4724660826687775,-0.1119805975156518,-1.7932235410383146,1.342233189399936,1.418932228794218,-0.0966407896367954,-0.4724660826687775,,,,,,,,,,,,,
12168.64934018,12670509,572,571,1,0,15,64.93577400033246,-54,63,0.1883239171374811,-95.94370860927152,82.23194748358861,54.511434511434516,4.029304029304043,7.200587803085965,-0.1144615442211817,-1.8079366771300667,1.361361963391189,1.4220614220355348,-0.0966407896367954,-0.4724660826687775,-0.1119805975156518,-1.7932235410383146,1.342233189399936,1.418932228794218,-0.0966407896367954,-0.4724660826687775,,,,,,,,,,,,,
12168.682708287,12670509,573,572,1,0,31,64.8873240006651,-54,63,0.1883239171374811,-96.02649006622516,82.58205689277901,54.511434511434516,4.029304029304043,7.200587803085965,-0.1144615442211817,-1.8094839913602314,1.3675596485700785,1.4220614220355348,-0.0966407896367954,-0.4724660826687775,-0.1119805975156518,-1.7993594641898571,1.3606409588545638,1.418932228794218,-0.0966407896367954,-0.4724660826687775,,,,,,,,,,,,,
12168.749356918,12670509,575,574,1,0,15,64.90732299971569,-54,63,0.33898305084744607,-96.02649006622516,83.28227571115974,54.511434511434516,3.7362637362637514,7.200587803085965,-0.11168709008053146,-1.8094839913602314,1.379955018927855,1.4220614220355348,-0.10584467436410924,-0.4724660826687775,-0.1119805975156518,-1.8039614065535141,1.3698448435818775,1.418932228794218,-0.0966407896367954,-0.4724660826687775,,,,,,,,,,,,,
12168.782624684,12670509,576,575,1,0,34,64.90510799994809,-54,63,0.1129943502824915,-96.02649006622516,83.63238512035011,54.511434511434516,3.6874236874237027,7.200587803085965,-0.11584877129150682,-1.8094839913602314,1.3861527041067432,1.4220614220355348,-0.10737865515199488,-0.4724660826687775,-0.1119805975156518,-1.8070293681292853,1.385184651460734,1.418932228794218,-0.0966407896367954,-0.4724660826687775,,,,,,,,,,,,,
12168.849330773,12670509,578,577,1,0,15,64.92699900081789,-54,63,0.0376647834275019,-96.02649006622516,84.24507658643324,54.511434511434516,4.029304029304043,7.200587803085965,-0.11723599836183193,-1.8094839913602314,1.3969986531697978,1.4220614220355348,-0.0966407896367954,-0.4724660826687775,-0.1119805975156518,-1.8024274257656283,1.3913205746122765,1.418932228794218,-0.0966407896367954,-0.4724660826687775,,,,,,,,,,,,,
12168.882633842,12670509,579,578,1,0,34,65.10988300033205,-54,63,0.2636534839924707,-96.02649006622516,84.59518599562364,54.511434511434516,4.029304029304043,7.200587803085965,-0.11307431715085624,-1.8094839913602314,1.4031963383486865,1.4220614220355348,-0.0966407896367954,-0.4724660826687775,-0.1119805975156518,-1.8070293681292853,1.394388536188048,1.418932228794218,-0.0966407896367954,-0.4724660826687775,,,,,,,,,,,,,
12168.94947976,12670509,581,580,1,0,15,65.12814900088415,-54,63,0.41431261770243566,-96.02649006622516,85.38293216630197,54.511434511434516,3.7851037851038,7.200587803085965,-0.11029986301020633,-1.8094839913602314,1.4171411300011862,1.4220614220355348,-0.1043106935762236,-0.4724660826687775,-0.1119805975156518,-1.8070293681292853,1.4051264017032472,1.418932228794218,-0.0966407896367954,-0.4724660826687775,,,,,,,,,,,,,
12168.982833718,12670509,582,581,1,0,27,65.11542400039616,-54,63,0.33898305084744607,-96.02649006622516,85.73304157549234,54.511434511434516,3.6874236874237027,7.200587803085965,-0.11168709008053146,-1.8094839913602314,1.4233388151800743,1.4220614220355348,-0.10737865515199488,-0.4724660826687775,-0.1119805975156518,-1.8070293681292853,1.418932228794218,1.418932228794218,-0.0966407896367954,-0.4724660826687775,,,,,,,,,,,,,
12169.049620341,12670509,584,583,1,0,15,64.80487199951313,-54,63,0.0376647834275019,-96.02649006622516,86.3457330415755,54.511434511434516,3.6874236874237027,7.200587803085965,-0.11723599836183193,-1.8094839913602314,1.4341847642431296,1.4220614220355348,-0.10737865515199488,-0.4724660826687775,-0.1119805975156518,-1.8070293681292853,1.428136113521532,1.418932228794218,-0.0966407896367954,-0.4724660826687775,,,,,,,,,,,,,
12169.082720523,12670509,585,584,1,0,33,64.86756300000707,-54,63,0.0376647834275019,-96.02649006622516,86.52078774617067,54.511434511434516,3.7362637362637514,7.200587803085965,-0.11723599836183193,-1.8094839913602314,1.4372836068325732,1.4220614220355348,-0.10584467436410924,-0.4724660826687775,-0.1119805975156518,-1.8070293681292853,1.4327380558851888,1.418932228794218,-0.0966407896367954,-0.4724660826687775,,,,,,,,,,,,,
12169.149478412,12670509,587,586,1,0,19,64.9270730009448,-54,63,0.0376647834275019,-96.02649006622516,86.52078774617067,53.929313929313935,3.8339438339438487,7.200587803085965,-0.11723599836183193,-1.8094839913602314,1.4372836068325732,1.411269978812983,-0.10277671278833796,-0.4724660826687775,-0.1119805975156518,-1.8070293681292853,1.4419419406125027,1.418932228794218,-0.0966407896367954,-0.4724660826687775,,,,,,,,,,,,,
12169.182774272,12670509,588,587,1,0,37,64.99855699985346,-54,63,0.0376647834275019,-96.02649006622516,86.52078774617067,53.76299376299377,3.8339438339438487,7.200587803085965,-0.11723599836183193,-1.8094839913602314,1.4372836068325732,1.4081867093208256,-0.10277671278833796,-0.4724660826687775,-0.1119805975156518,-1.8070293681292853,1.4480778637640452,1.418932228794218,-0.0966407896367954,-0.4724660826687775,,,,,,,,,,,,,
12169.249634815,12670509,590,589,1,0,19,64.9826730004861,-54,63,0.0376647834275019,-96.02649006622516,86.60831509846827,53.59667359667358,3.8827838827838974,7.200587803085965,-0.11723599836183193,-1.8094839913602314,1.4388330281272954,1.4051034398286675,-0.10124273200045232,-0.4724660826687775,-0.1119805975156518,-1.8070293681292853,1.4511458253398166,1.418932228794218,-0.0966407896367954,-0.4724660826687775,,,,,,,,,,,,,
12169.282990841,12670509,591,590,1,0,38,65.10271800107148,-54,63,0.0376647834275019,-96.02649006622516,86.60831509846827,53.513513513513516,3.8827838827838974,7.200587803085965,-0.11723599836183193,-1.8094839913602314,1.4388330281272954,1.4035618050825887,-0.10124273200045232,-0.4724660826687775,-0.1119805975156518,-1.8070293681292853,1.4511458253398166,1.418932228794218,-0.0966407896367954,-0.4724660826687775,,,,,,,,,,,,,
12169.349724584,12670509,593,592,1,0,15,64.7304210015136,-54,63,0.0376647834275019,-96.02649006622516,86.60831509846827,53.43035343035342,3.931623931623946,7.200587803085965,-0.11723599836183193,-1.8094839913602314,1.4388330281272954,1.4020201703365092,-0.09970875121256667,-0.4724660826687775,-0.1119805975156518,-1.8070293681292853,1.4511458253398166,1.418932228794218,-0.0966407896367954,-0.4724660826687775,,,,,,,,,,,,,
12169.383032339,12670509,594,593,1,0,37,64.8286689993256,-54,63,0.0376647834275019,-96.02649006622516,86.60831509846827,53.43035343035342,3.931623931623946,7.200587803085965,-0.11723599836183193,-1.8094839913602314,1.4388330281272954,1.4020201703365092,-0.09970875121256667,-0.4724660826687775,-0.1119805975156518,-1.8070293681292853,1.4511458253398166,1.418932228794218,-0.0966407896367954,-0.4724660826687775,,,,,,,,,,,,,
12169.44966313,12670509,596,595,1,0,15,64.66802300019481,-54,63,0.0376647834275019,-96.1092715231788,86.60831509846827,53.347193347193354,3.9804639804639947,7.200587803085965,-0.11723599836183193,-1.811031305590396,1.4388330281272954,1.4004785355904312,-0.09817477042468103,-0.4724660826687775,-0.1119805975156518,-1.8070293681292853,1.4511458253398166,1.418932228794218,-0.0966407896367954,-0.4724660826687775,,,,,,,,,,,,,
12169.482941291,12670509,597,596,1,0,33,64.79700099953334,-54,63,0.0376647834275019,-96.1092715231788,86.60831509846827,53.347193347193354,3.9804639804639947,7.200587803085965,-0.11723599836183193,-1.811031305590396,1.4388330281272954,1.4004785355904312,-0.09817477042468103,-0.4724660826687775,-0.1119805975156518,-1.8070293681292853,1.4511458253398166,1.418932228794218,-0.0966407896367954,-0.4724660826687775,,,,,,,,,,,,,
12169.549642349,12670509,599,598,1,0,15,64.76228599967726,-54,63,0.0376647834275019,-96.1092715231788,86.60831509846827,53.347193347193354,3.9804639804639947,7.200587803085965,-0.11723599836183193,-1.811031305590396,1.4388330281272954,1.4004785355904312,-0.09817477042468103,-0.4724660826687775,-0.1119805975156518,-1.8070293681292853,1.4511458253398166,1.418932228794218,-0.0966407896367954,-0.4724660826687775,,,,,,,,,,,,,
12169.615982423,12670509,601,599,1,0,34,97.75769199950446,-54,63,0.0376647834275019,-96.1092715231788,86.60831509846827,53.26403326403326,3.9804639804639947,7.200587803085965,-0.11723599836183193,-1.811031305590396,1.4388330281272954,1.3989369008443517,-0.09817477042468103,-0.4724660826687775,-0.1119805975156518,-1.8070293681292853,1.4511458253398166,1.418932228794218,-0.0966407896367954,-0.4724660826687775,,,,,,,,,,,,,
12169.649483148,12670509,602,601,1,0,15,65.06266599899391,-54,63,0.0376647834275019,-96.1092715231788,86.60831509846827,52.84823284823287,4.029304029304043,7.200587803085965,-0.11723599836183193,-1.811031305590396,1.4388330281272954,1.391228727113958,-0.0966407896367954,-0.4724660826687775,-0.1119805975156518,-1.8070293681292853,1.4511458253398166,1.418932228794218,-0.0966407896367954,-0.4724660826687775,,,,,,,,,,,,,
12169.68264596,12670509,603,602,1,0,37,64.94219799969869,-54,63,0.0376647834275019,-96.1092715231788,86.60831509846827,51.933471933471935,4.029304029304043,7.200587803085965,-0.11723599836183193,-1.811031305590396,1.4388330281272954,1.3742707449070908,-0.0966407896367954,-0.4724660826687775,-0.1119805975156518,-1.8070293681292853,1.4511458253398166,1.418932228794218,-0.0966407896367954,-0.4724660826687775,,,,,,,,,,,,,
12169.749360858,12670509,605,604,1,0,19,64.90863600083685,-54,63,0.0376647834275019,-96.1092715231788,86.60831509846827,48.85654885654887,4.029304029304043,7.200587803085965,-0.11723599836183193,-1.811031305590396,1.4388330281272954,1.3172302593021739,-0.0966407896367954,-0.4724660826687775,-0.1119805975156518,-1.8070293681292853,1.4511458253398166,1.4143302864305611,-0.0966407896367954,-0.4724660826687775,,,,,,,,,,,,,
12169.78254254,12670509,606,605,1,0,37,64.87178899988066,-46,63,0.1883239171374811,-96.1092715231788,86.60831509846827,46.86070686070687,4.029304029304043,7.200587803085965,-0.1144615442211817,-1.811031305590396,1.4388330281272954,1.2802310253962819,-0.0966407896367954,-0.4724660826687775,-0.1119805975156518,-1.8070293681292853,1.4511458253398166,1.3913205746122765,-0.0966407896367954,-0.4724660826687775,,,,,,,,,,,,,
12169.849381915,12670509,608,607,1,0,15,65.16519900105777,-46,63,0.41431261770243566,-96.1092715231788,86.69584245076587,42.86902286902287,4.029304029304043,7.200587803085965,-0.11029986301020633,-1.811031305590396,1.4403824494220177,1.2062325575844977,-0.0966407896367954,-0.4724660826687775,-0.1119805975156518,-1.8070293681292853,1.4511458253398166,1.3560390164909069,-0.0966407896367954,-0.4724660826687775,,,,,,,,,,,,,
12169.882616127,12670509,609,608,1,0,36,64.9753170000622,-46,63,0.4896421845574537,-96.1092715231788,86.69584245076587,40.956340956340966,4.029304029304043,7.200587803085965,-0.10891263593988053,-1.811031305590396,1.4403824494220177,1.170774958424685,-0.0966407896367954,-0.4724660826687775,-0.1119805975156518,-1.8070293681292853,1.4511458253398166,1.3146215352179944,-0.0966407896367954,-0.4724660826687775,,,,,,,,,,,,,
12169.94957481,12670509,611,610,1,0,19,65.21590800002741,-46,63,0.5649717514124291,-96.1092715231788,86.69584245076587,37.71309771309771,4.029304029304043,7.200587803085965,-0.10752540886955575,-1.811031305590396,1.4403824494220177,1.11065120332761,-0.0966407896367954,-0.4724660826687775,-0.1119805975156518,-1.8070293681292853,1.4511458253398166,1.2640001692177683,-0.0966407896367954,-0.4724660826687775,,,,,,,,,,,,,
12169.982758778,12670509,612,611,1,0,31,65.10082900058478,-46,63,0.5649717514124291,-96.1092715231788,86.69584245076587,36.29937629937629,4.029304029304043,7.200587803085965,-0.10752540886955575,-1.811031305590396,1.4403824494220177,1.0844434126442701,-0.0966407896367954,-0.4724660826687775,-0.1119805975156518,-1.8070293681292853,1.4511458253398166,1.2164467647933135,-0.0966407896367954,-0.4724660826687775,,,,,,,,,,,,,
12170.049501739,12670509,614,613,1,0,15,64.7635099994659,-46,63,0.5649717514124291,-96.1092715231788,86.69584245076587,33.8877338877339,4.029304029304043,7.200587803085965,-0.10752540886955575,-1.811031305590396,1.4403824494220177,1.0397360050079838,-0.0966407896367954,-0.4724660826687775,-0.1119805975156518,-1.8070293681292853,1.4511458253398166,1.1704273411567443,-0.0966407896367954,-0.4724660826687775,,,,,,,,,,,,,
12170.082693083,12670509,615,614,1,0,33,64.79184999989229,-46,63,0.5649717514124291,-96.1092715231788,86.69584245076587,32.8898128898129,4.029304029304043,7.200587803085965,-0.10752540886955575,-1.811031305590396,1.4403824494220177,1.0212363880550384,-0.0966407896367954,-0.4724660826687775,-0.1119805975156518,-1.8070293681292853,1.4511458253398166,1.1305438406717176,-0.0966407896367954,-0.4724660826687775,,,,,,,,,,,,,
12170.149354826,12670509,617,616,1,0,19,64.7278920005192,-46,63,0.5649717514124291,-96.1092715231788,86.69584245076587,32.224532224532226,4.029304029304043,7.200587803085965,-0.10752540886955575,-1.811031305590396,1.4403824494220177,1.008903310086407,-0.0966407896367954,-0.4724660826687775,-0.1119805975156518,-1.8054953873413997,1.4511458253398166,1.0937283017624622,-0.0966407896367954,-0.4724660826687775,,,,,,,,,,,,,
12170.182692541,12670509,618,617,1,0,33,64.7114639996289,-46,63,0.5649717514124291,-96.1092715231788,86.78336980306344,31.97505197505197,4.029304029304043,7.200587803085965,-0.10752540886955575,-1.811031305590396,1.4419318707167397,1.0042784058481704,-0.0966407896367954,-0.4724660826687775,-0.1119805975156518,-1.8054953873413997,1.4511458253398166,1.0661166475805206,-0.0966407896367954,-0.4724660826687775,,,,,,,,,,,,,
12170.249608536,12670509,620,619,1,0,19,64.948399000059,-46,63,0.2636534839924707,-96.1092715231788,86.95842450765866,31.808731808731807,4.029304029304043,7.200587803085965,-0.11307431715085624,-1.811031305590396,1.4450307133061848,1.0011951363560128,-0.0966407896367954,-0.4724660826687775,-0.1119805975156518,-1.8054953873413997,1.4511458253398166,1.047708878125893,-0.0966407896367954,-0.4724660826687775,,,,,,,,,,,,,
12170.28269689,12670509,621,620,1,0,33,64.82638800116547,-46,63,0.1883239171374811,-96.1092715231788,87.3960612691466,31.808731808731807,4.029304029304043,7.200587803085965,-0.1144615442211817,-1.811031305590396,1.452777819779795,1.0011951363560128,-0.0966407896367954,-0.4724660826687775,-0.1119805975156518,-1.8054953873413997,1.4511458253398166,1.0354370318228079,-0.0966407896367954,-0.4724660826687775,,,,,,,,,,,,,
12170.349522934,12670509,623,622,1,0,15,64.85835700004827,-46,63,0.1129943502824915,-96.1092715231788,89.32166301969366,31.808731808731807,4.029304029304043,7.200587803085965,-0.11584877129150682,-1.811031305590396,1.4868650882636816,1.0011951363560128,-0.0966407896367954,-0.4724660826687775,-0.1119805975156518,-1.8054953873413997,1.4526798061277022,1.0277671278833795,-0.0966407896367954,-0.4724660826687775,,,,,,,,,,,,,
12170.38269512,12670509,624,623,1,0,33,64.84211900169612,-46,63,0.0376647834275019,-96.1092715231788,90.54704595185996,31.808731808731807,4.078144078144092,7.200587803085965,-0.11723599836183193,-1.811031305590396,1.5085569863897914,1.0011951363560128,-0.09510680884890975,-0.4724660826687775,-0.1119805975156518,-1.8054953873413997,1.4649516524307873,1.0231651855197226,-0.0966407896367954,-0.4724660826687775,,,,,,,,,,,,,
12170.449646775,12670509,626,625,1,0,15,64.97920099900512,-46,63,0.0376647834275019,-96.1092715231788,93.26039387308532,31.808731808731807,4.078144078144092,7.200587803085965,-0.11723599836183193,-1.811031305590396,1.5565890465261771,1.0011951363560128,-0.09510680884890975,-0.4724660826687775,-0.1119805975156518,-1.8054953873413997,1.4879613642490719,1.0231651855197226,-0.0966407896367954,-0.4724660826687775,,,,,,,,,,,,,
12170.482694277,12670509,627,626,1,0,33,64.72990299880621,-46,63,0.0376647834275019,-96.1092715231788,94.57330415754925,31.808731808731807,4.078144078144092,7.200587803085965,-0.11723599836183193,-1.811031305590396,1.5798303659470092,1.0011951363560128,-0.09510680884890975,-0.4724660826687775,-0.1119805975156518,-1.8054953873413997,1.521708941582556,1.0200972239439514,-0.0966407896367954,-0.4724660826687775,,,,,,,,,,,,,
12170.549662448,12670509,629,628,1,0,19,65.01306500103965,-46,63,0.0376647834275019,-96.1092715231788,96.76148796498907,31.808731808731807,4.078144078144092,7.200587803085965,-0.11723599836183193,-1.811031305590396,1.6185658983150624,1.0011951363560128,-0.09510680884890975,-0.4724660826687775,-0.1119805975156518,-1.7886215986746576,1.5493205957644975,1.0200972239439514,-0.0966407896367954,-0.4740000634566631,,,,,,,,,,,,,
12170.582892284,12670509,630,629,1,0,34,64.91159699908167,-46,63,0.0376647834275019,-96.1092715231788,97.19912472647704,31.808731808731807,4.078144078144092,7.200587803085965,-0.11723599836183193,-1.811031305590396,1.6263130047886731,1.0011951363560128,-0.09510680884890975,-0.4724660826687775,-0.11044661672776616,-1.7901555794625432,1.5661943844312396,1.0200972239439514,-0.0966407896367954,-0.4740000634566631,,,,,,,,,,,,,
12170.649615173,12670509,632,631,1,0,15,64.75546700130508,-46,63,0.0376647834275019,-96.1092715231788,98.33698030634571,31.808731808731807,4.078144078144092,7.200587803085965,-0.11723599836183193,-1.811031305590396,1.6464554816200603,1.0011951363560128,-0.09510680884890975,-0.4724660826687775,-0.11044661672776616,-1.7962915026140858,1.5922720578252956,1.0200972239439514,-0.0966407896367954,-0.4740000634566631,,,,,,,,,,,,,
12170.682699402,12670509,633,632,1,0,33,64.76704699889524,-46,63,0.0376647834275019,-96.1092715231788,98.5995623632385,31.808731808731807,4.078144078144092,7.200587803085965,-0.11723599836183193,-1.811031305590396,1.6474953661891787,1.0011951363560128,-0.09510680884890975,-0.4724660826687775,-0.11044661672776616,-1.7978254834019713,1.6091458464920376,1.0200972239439514,-0.0966407896367954,-0.4740000634566631,,,,,,,,,,,,,
12170.749562534,12670509,635,634,1,0,15,64.7809709989815,-46,63,0.0376647834275019,-96.1092715231788,98.6870897155361,31.891891891891902,4.078144078144092,7.200587803085965,-0.11723599836183193,-1.811031305590396,1.6474953661891787,1.0027367711020923,-0.09510680884890975,-0.4724660826687775,-0.11044661672776616,-1.7993594641898571,1.6214176927951227,1.0200972239439514,-0.0966407896367954,-0.4740000634566631,,,,,,,,,,,,,
12170.782697558,12670509,636,635,1,0,34,64.51474499954202,-46,63,0.1883239171374811,-96.1092715231788,98.6870897155361,31.891891891891902,4.078144078144092,7.200587803085965,-0.1144615442211817,-1.811031305590396,1.6474953661891787,1.0027367711020923,-0.09510680884890975,-0.4724660826687775,-0.11044661672776616,-1.7993594641898571,1.624485654370894,1.0200972239439514,-0.0966407896367954,-0.4740000634566631,,,,,,,,,,,,,
12170.849682716,12670509,638,637,1,0,15,64.82745100038301,-46,63,0.4896421845574537,-96.1092715231788,98.6870897155361,31.891891891891902,4.078144078144092,7.200587803085965,-0.10891263593988053,-1.811031305590396,1.6474953661891787,1.0027367711020923,-0.09510680884890975,-0.4724660826687775,-0.11044661672776616,-1.7993594641898571,1.624485654370894,1.0200972239439514,-0.0966407896367954,-0.4740000634566631,,,,,,,,,,,,,
12170.882744764,12670509,639,638,1,0,34,64.48167000053218,-50,63,0.5649717514124291,-96.1092715231788,98.6870897155361,31.97505197505197,4.078144078144092,7.200587803085965,-0.10752540886955575,-1.811031305590396,1.6474953661891787,1.0042784058481704,-0.09510680884890975,-0.4724660826687775,-0.11044661672776616,-1.7993594641898571,1.624485654370894,1.0200972239439514,-0.0966407896367954,-0.4740000634566631,,,,,,,,,,,,,
12170.949623722,12670509,641,640,1,0,15,64.87656799981778,-50,63,0.5649717514124291,-96.1092715231788,98.6870897155361,31.97505197505197,4.078144078144092,7.200587803085965,-0.10752540886955575,-1.811031305590396,1.6474953661891787,1.0042784058481704,-0.09510680884890975,-0.4724660826687775,-0.11044661672776616,-1.7993594641898571,1.624485654370894,1.0200972239439514,-0.0966407896367954,-0.4740000634566631,,,,,,,,,,,,,
12170.982685342,12670509,642,641,1,0,23,64.61198199940554,-50,63,0.6403013182674187,-96.1092715231788,98.6870897155361,31.97505197505197,4.078144078144092,7.200587803085965,-0.10613818179923028,-1.811031305590396,1.6474953661891787,1.0042784058481704,-0.09510680884890975,-0.4724660826687775,-0.11044661672776616,-1.7993594641898571,1.624485654370894,1.0200972239439514,-0.0966407896367954,-0.4740000634566631,,,,,,,,,,,,,
12171.049454673,12670509,644,643,1,0,11,64.70400400030485,-50,63,0.6403013182674187,-96.1092715231788,98.6870897155361,31.97505197505197,4.078144078144092,7.200587803085965,-0.10613818179923028,-1.811031305590396,1.6474953661891787,1.0042784058481704,-0.09510680884890975,-0.4724660826687775,-0.11044661672776616,-1.7993594641898571,1.624485654370894,1.0200972239439514,-0.0966407896367954,-0.4740000634566631,,,,,,,,,,,,,
12171.082706239,12670509,645,644,1,0,37,64.76613800077757,-50,63,0.6403013182674187,-96.1092715231788,98.6870897155361,31.97505197505197,4.078144078144092,7.200587803085965,-0.10613818179923028,-1.811031305590396,1.6474953661891787,1.0042784058481704,-0.09510680884890975,-0.4724660826687775,-0.11044661672776616,-1.7993594641898571,1.624485654370894,1.0200972239439514,-0.0966407896367954,-0.4740000634566631,,,,,,,,,,,,,
12171.149576278,12670509,647,646,1,0,14,64.7313249992294,-50,63,0.2636534839924707,-96.1092715231788,98.6870897155361,31.97505197505197,3.6874236874237027,7.200587803085965,-0.11307431715085624,-1.811031305590396,1.6474953661891787,1.0042784058481704,-0.10737865515199488,-0.4724660826687775,-0.11044661672776616,-1.7993594641898571,1.624485654370894,1.0200972239439514,-0.0966407896367954,-0.4740000634566631,,,,,,,,,,,,,
12171.182949468,12670509,648,647,1,0,34,64.84296200142126,-50,63,0.2636534839924707,-96.1092715231788,98.6870897155361,31.97505197505197,3.6874236874237027,7.200587803085965,-0.11307431715085624,-1.811031305590396,1.6474953661891787,1.0042784058481704,-0.10737865515199488,-0.4724660826687775,-0.11044661672776616,-1.7993594641898571,1.624485654370894,1.0200972239439514,-0.0966407896367954,-0.4740000634566631,,,,,,,,,,,,,
12171.249691066,12670509,650,649,1,0,15,64.80354399900534,-50,63,0.6403013182674187,-96.1092715231788,98.6870897155361,31.97505197505197,4.078144078144092,7.200587803085965,-0.10613818179923028,-1.811031305590396,1.6474953661891787,1.0042784058481704,-0.09510680884890975,-0.4724660826687775,-0.11044661672776616,-1.7993594641898571,1.624485654370894,1.0200972239439514,-0.0966407896367954,-0.4740000634566631,,,,,,,,,,,,,
12171.282978474,12670509,651,650,1,0,34,64.81552300101612,-50,63,0.6403013182674187,-96.1092715231788,98.6870897155361,31.97505197505197,4.078144078144092,7.274063188831742,-0.10613818179923028,-1.811031305590396,1.6474953661891787,1.0042784058481704,-0.09510680884890975,-0.47065934409200977,-0.11044661672776616,-1.7993594641898571,1.624485654370894,1.0200972239439514,-0.0966407896367954,-0.4740000634566631,,,,,,,,,,,,,
12171.349618291,12670509,653,652,1,0,15,64.78867400073796,-50,63,0.41431261770243566,-96.1092715231788,98.6870897155361,31.97505197505197,4.029304029304043,7.567964731814842,-0.11029986301020633,-1.811031305590396,1.6474953661891787,1.0042784058481704,-0.0966407896367954,-0.4634323897849395,-0.11044661672776616,-1.7993594641898571,1.624485654370894,1.0200972239439514,-0.0966407896367954,-0.4740000634566631,,,,,,,,,,,,,
12171.382719964,12670509,654,653,1,0,29,64.37390300015977,-50,63,0.41431261770243566,-96.1092715231788,98.6870897155361,31.97505197505197,4.029304029304043,7.347538574577516,-0.11029986301020633,-1.811031305590396,1.6474953661891787,1.0042784058481704,-0.0966407896367954,-0.4688526055152424,-0.11044661672776616,-1.7993594641898571,1.624485654370894,1.0200972239439514,-0.0966407896367954,-0.4740000634566631,,,,,,,,,,,,,
12171.449653172,12670509,656,655,1,0,11,65.16104199909023,-50,63,0.2636534839924707,-96.1092715231788,98.6870897155361,31.97505197505197,3.6874236874237027,7.274063188831742,-0.11307431715085624,-1.811031305590396,1.6474953661891787,1.0042784058481704,-0.10737865515199488,-0.47065934409200977,-0.11044661672776616,-1.7993594641898571,1.624485654370894,1.0200972239439514,-0.0966407896367954,-0.4740000634566631,,,,,,,,,,,,,
12171.482987807,12670509,657,656,1,0,34,65.15265099915268,-50,63,0.2636534839924707,-96.1092715231788,98.6870897155361,31.97505197505197,3.6874236874237027,7.200587803085965,-0.11307431715085624,-1.811031305590396,1.6474953661891787,1.0042784058481704,-0.10737865515199488,-0.4724660826687775,-0.11044661672776616,-1.7993594641898571,1.624485654370894,1.0200972239439514,-0.0966407896367954,-0.4740000634566631,,,,,,,,,,,,,
12171.549715741,12670509,659,658,1,0,19,64.93739700090373,-50,63,0.33898305084744607,-96.1092715231788,98.6870897155361,31.97505197505197,3.6874236874237027,7.567964731814842,-0.11168709008053146,-1.811031305590396,1.6474953661891787,1.0042784058481704,-0.10737865515199488,-0.4634323897849395,-0.11044661672776616,-1.7993594641898571,1.624485654370894,1.0200972239439514,-0.0966407896367954,-0.4740000634566631,,,,,,,,,,,,,
12171.582953012,12670509,660,659,1,0,37,65.03251600042859,-50,63,0.1883239171374811,-96.1092715231788,98.6870897155361,31.97505197505197,3.6874236874237027,7.567964731814842,-0.1144615442211817,-1.811031305590396,1.6474953661891787,1.0042784058481704,-0.10737865515199488,-0.4634323897849395,-0.11044661672776616,-1.7993594641898571,1.624485654370894,1.0200972239439514,-0.0966407896367954,-0.4740000634566631,,,,,,,,,,,,,
12171.64966257,12670509,662,661,1,0,15,64.73106600060419,-50,63,0.2636534839924707,-96.1092715231788,98.6870897155361,31.97505197505197,3.7362637362637514,7.274063188831742,-0.11307431715085624,-1.811031305590396,1.6474953661891787,1.0042784058481704,-0.10584467436410924,-0.47065934409200977,-0.11044661672776616,-1.7993594641898571,1.624485654370894,1.0200972239439514,-0.0966407896367954,-0.4740000634566631,,,,,,,,,,,,,
12171.682801112,12670509,663,662,1,0,33,64.84820699915872,-50,63,0.5649717514124291,-96.1092715231788,98.6870897155361,31.97505197505197,3.8827838827838974,7.274063188831742,-0.10752540886955575,-1.811031305590396,1.6474953661891787,1.0042784058481704,-0.10124273200045232,-0.47065934409200977,-0.11044661672776616,-1.7993594641898571,1.624485654370894,1.0200972239439514,-0.0966407896367954,-0.4740000634566631,,,,,,,,,,,,,
12171.74963445,12670509,665,664,1,0,15,64.88354300017818,-50,63,0.4896421845574537,-96.1092715231788,98.6870897155361,31.97505197505197,3.6874236874237027,7.200587803085965,-0.10891263593988053,-1.811031305590396,1.6474953661891787,1.0042784058481704,-0.10737865515199488,-0.4724660826687775,-0.11044661672776616,-1.7993594641898571,1.624485654370894,1.0200972239439514,-0.0966407896367954,-0.4740000634566631,,,,,,,,,,,,,
12171.782968456,12670509,666,665,1,0,33,64.86456600032398,-50,63,0.4896421845574537,-96.1092715231788,98.6870897155361,31.97505197505197,3.6874236874237027,7.200587803085965,-0.10891263593988053,-1.811031305590396,1.6474953661891787,1.0042784058481704,-0.10737865515199488,-0.4724660826687775,-0.11044661672776616,-1.7993594641898571,1.624485654370894,1.0200972239439514,-0.09817477042468103,-0.4740000634566631,,,,,,,,,,,,,
12171.849694569,12670509,668,667,1,0,15,64.75683800090337,-50,63,0.33898305084744607,-96.1092715231788,98.6870897155361,31.97505197505197,3.9804639804639947,7.200587803085965,-0.11168709008053146,-1.811031305590396,1.6474953661891787,1.0042784058481704,-0.09817477042468103,-0.4724660826687775,-0.11044661672776616,-1.7993594641898571,1.624485654370894,1.0200972239439514,-0.09970875121256667,-0.4740000634566631,,,,,,,,,,,,,
12171.882847851,12670509,669,668,1,0,37,64.74371799959044,-50,63,0.1129943502824915,-96.1092715231788,98.6870897155361,31.97505197505197,3.9804639804639947,7.200587803085965,-0.11584877129150682,-1.811031305590396,1.6474953661891787,1.0042784058481704,-0.09817477042468103,-0.4724660826687775,-0.11044661672776616,-1.7993594641898571,1.624485654370894,1.0200972239439514,-0.09970875121256667,-0.4740000634566631,,,,,,,,,,,,,
12171.94964275,12670509,671,670,1,0,15,64.82730300012918,-50,63,0.0376647834275019,-96.1092715231788,98.6870897155361,31.97505197505197,3.9804639804639947,7.200587803085965,-0.11723599836183193,-1.811031305590396,1.6474953661891787,1.0042784058481704,-0.09817477042468103,-0.4724660826687775,-0.11044661672776616,-1.7993594641898571,1.624485654370894,1.0200972239439514,-0.09970875121256667,-0.4740000634566631,,,,,,,,,,,,,
12171.982943239,12670509,672,671,1,0,31,64.88964500022121,-50,63,0.0376647834275019,-96.1092715231788,98.7746170678337,31.97505197505197,3.9804639804639947,7.200587803085965,-0.11723599836183193,-1.811031305590396,1.6474953661891787,1.0042784058481704,-0.09817477042468103,-0.4724660826687775,-0.11044661672776616,-1.7993594641898571,1.624485654370894,1.0200972239439514,-0.09970875121256667,-0.4740000634566631,,,,,,,,,,,,,
12172.049548069,12670509,674,673,1,0,15,64.65901699993992,-49,63,0.0376647834275019,-96.1092715231788,98.7746170678337,31.97505197505197,3.9804639804639947,7.200587803085965,-0.11723599836183193,-1.811031305590396,1.6474953661891787,1.0042784058481704,-0.09817477042468103,-0.4724660826687775,-0.11044661672776616,-1.7993594641898571,1.624485654370894,1.0200972239439514,-0.09970875121256667,-0.4740000634566631,,,,,,,,,,,,,
12172.082941513,12670509,675,674,1,0,33,64.90622599994822,-49,63,0.0376647834275019,-96.1092715231788,98.7746170678337,31.97505197505197,3.7851037851038,7.200587803085965,-0.11723599836183193,-1.811031305590396,1.6474953661891787,1.0042784058481704,-0.1043106935762236,-0.4724660826687775,-0.11044661672776616,-1.7993594641898571,1.624485654370894,1.0200972239439514,-0.09970875121256667,-0.4740000634566631,,,,,,,,,,,,,
12172.149629503,12670509,677,676,1,0,15,64.69594599911943,-49,63,0.0376647834275019,-96.1092715231788,98.7746170678337,31.97505197505197,3.7851037851038,7.200587803085965,-0.11723599836183193,-1.811031305590396,1.6474953661891787,1.0042784058481704,-0.1043106935762236,-0.4724660826687775,-0.11044661672776616,-1.7978254834019713,1.624485654370894,1.0200972239439514,-0.09970875121256667,-0.4740000634566631,,,,,,,,,,,,,
12172.182724608,12670509,678,677,1,0,25,64.76834399836662,-49,63,0.0376647834275019,-96.1092715231788,98.7746170678337,31.97505197505197,3.8827838827838974,7.200587803085965,-0.11723599836183193,-1.811031305590396,1.6474953661891787,1.0042784058481704,-0.10124273200045232,-0.4724660826687775,-0.11044661672776616,-1.7978254834019713,1.624485654370894,1.0200972239439514,-0.09970875121256667,-0.4740000634566631,,,,,,,,,,,,,
12172.249688216,12670509,680,679,1,0,15,65.02746499973,-49,63,0.0376647834275019,-96.1092715231788,98.86214442013127,31.97505197505197,3.6874236874237027,7.200587803085965,-0.11723599836183193,-1.811031305590396,1.6474953661891787,1.0042784058481704,-0.10737865515199488,-0.4724660826687775,-0.11044661672776616,-1.7978254834019713,1.624485654370894,1.0200972239439514,-0.09970875121256667,-0.4740000634566631,,,,,,,,,,,,,
12172.282971135,12670509,681,680,1,0,33,64.87282300076913,-49,63,0.0376647834275019,-96.1092715231788,98.86214442013127,31.97505197505197,3.6874236874237027,7.200587803085965,-0.11723599836183193,-1.811031305590396,1.6474953661891787,1.0042784058481704,-0.10737865515199488,-0.4724660826687775,-0.11044661672776616,-1.7978254834019713,1.624485654370894,1.0200972239439514,-0.09970875121256667,-0.4740000634566631,,,,,,,,,,,,,
12172.349750627,12670509,683,682,1,0,15,64.80994899902726,-49,63,0.0376647834275019,-96.1092715231788,98.7746170678337,31.97505197505197,3.6874236874237027,7.200587803085965,-0.11723599836183193,-1.811031305590396,1.6474953661891787,1.0042784058481704,-0.10737865515199488,-0.4724660826687775,-0.11044661672776616,-1.7978254834019713,1.624485654370894,1.0200972239439514,-0.09970875121256667,-0.4740000634566631,,,,,,,,,,,,,
12172.382936076,12670509,684,683,1,0,33,64.79849199968157,-49,63,0.0376647834275019,-96.1092715231788,98.7746170678337,31.97505197505197,3.6874236874237027,7.200587803085965,-0.11723599836183193,-1.811031305590396,1.6474953661891787,1.0042784058481704,-0.10737865515199488,-0.4724660826687775,-0.11044661672776616,-1.7978254834019713,1.624485654370894,1.0200972239439514,-0.09970875121256667,-0.4740000634566631,,,,,,,,,,,,,
12172.449672563,12670509,686,685,1,0,19,64.78252299893938,-49,63,0.0376647834275019,-96.1092715231788,98.7746170678337,31.97505197505197,3.6874236874237027,7.567964731814842,-0.11723599836183193,-1.811031305590396,1.6474953661891787,1.0042784058481704,-0.10737865515199488,-0.4634323897849395,-0.11044661672776616,-1.7978254834019713,1.624485654370894,1.0200972239439514,-0.09970875121256667,-0.4740000634566631,,,,,,,,,,,,,
12172.48269435,12670509,687,686,1,0,33,64.7525759995915,-49,63,0.0376647834275019,-96.1092715231788,98.7746170678337,31.97505197505197,3.638583638583654,7.567964731814842,-0.11723599836183193,-1.811031305590396,1.6474953661891787,1.0042784058481704,-0.10891263593988053,-0.4634323897849395,-0.11044661672776616,-1.7978254834019713,1.624485654370894,1.0200972239439514,-0.09970875121256667,-0.4740000634566631,,,,,,,,,,,,,
12172.549606239,12670509,689,688,1,0,13,64.987295998435,-49,63,-0.03766478342748769,-96.1092715231788,98.7746170678337,31.97505197505197,3.638583638583654,7.274063188831742,-0.11862322543215706,-1.811031305590396,1.6474953661891787,1.0042784058481704,-0.10891263593988053,-0.47065934409200977,-0.11044661672776616,-1.7978254834019713,1.624485654370894,1.0200972239439514,-0.09970875121256667,-0.4740000634566631,,,,,,,,,,,,,
12172.58275773,12670509,690,689,1,0,21,64.7176340007718,-49,63,-0.03766478342748769,-96.1092715231788,98.7746170678337,31.97505197505197,3.638583638583654,7.200587803085965,-0.11862322543215706,-1.811031305590396,1.6474953661891787,1.0042784058481704,-0.10891263593988053,-0.4724660826687775,-0.11044661672776616,-1.7978254834019713,1.624485654370894,1.0200972239439514,-0.09970875121256667,-0.4740000634566631,,,,,,,,,,,,,
12172.649705403,12670509,692,691,1,0,15,65.06995600102528,-49,63,-0.03766478342748769,-96.1092715231788,98.7746170678337,31.97505197505197,3.5897435897436054,7.200587803085965,-0.11862322543215706,-1.811031305590396,1.6474953661891787,1.0042784058481704,-0.11044661672776616,-0.4724660826687775,-0.11044661672776616,-1.7978254834019713,1.624485654370894,1.0200972239439514,-0.09970875121256667,-0.4740000634566631,,,,,,,,,,,,,
12172.682787291,12670509,693,692,1,0,37,64.90190300064569,-49,63,-0.03766478342748769,-96.1092715231788,98.7746170678337,31.97505197505197,3.5897435897436054,7.200587803085965,-0.11862322543215706,-1.811031305590396,1.6474953661891787,1.0042784058481704,-0.11044661672776616,-0.4724660826687775,-0.11044661672776616,-1.7978254834019713,1.624485654370894,1.0200972239439514,-0.09970875121256667,-0.4740000634566631,,,,,,,,,,,,,
12172.749660839,12670509,695,694,1,0,13,64.8770899988449,-49,63,-0.03766478342748769,-96.1092715231788,98.7746170678337,32.058212058212064,3.5897435897436054,7.200587803085965,-0.11862322543215706,-1.811031305590396,1.6474953661891787,1.0058200405942497,-0.11044661672776616,-0.4724660826687775,-0.11044661672776616,-1.7978254834019713,1.624485654370894,1.0200972239439514,-0.09970875121256667,-0.4740000634566631,,,,,,,,,,,,,
12172.782879088,12670509,696,695,1,0,33,64.86525399850507,-49,63,-0.03766478342748769,-96.1092715231788,98.7746170678337,32.058212058212064,3.5897435897436054,7.200587803085965,-0.11862322543215706,-1.811031305590396,1.6474953661891787,1.0058200405942497,-0.11044661672776616,-0.4724660826687775,-0.11044661672776616,-1.7978254834019713,1.624485654370894,1.0200972239439514,-0.09970875121256667,-0.4740000634566631,,,,,,,,,,,,,
12172.84970907,12670509,698,697,1,0,15,64.89063700064435,-49,63,-0.03766478342748769,-96.1092715231788,98.7746170678337,33.30561330561329,3.5897435897436054,7.200587803085965,-0.11862322543215706,-1.811031305590396,1.6474953661891787,1.028944561785432,-0.11044661672776616,-0.4724660826687775,-0.11044661672776616,-1.7978254834019713,1.624485654370894,1.0200972239439514,-0.09970875121256667,-0.4740000634566631,,,,,,,,,,,,,
12172.882741148,12670509,699,698,1,0,29,64.62877599915373,-49,63,-0.03766478342748769,-96.1092715231788,98.7746170678337,34.55301455301455,3.5897435897436054,7.567964731814842,-0.11862322543215706,-1.811031305590396,1.6474953661891787,1.0520690829766142,-0.11044661672776616,-0.4634323897849395,-0.11044661672776616,-1.7978254834019713,1.624485654370894,1.0200972239439514,-0.09970875121256667,-0.4740000634566631,,,,,,,,,,,,,
12172.949642324,12670509,701,700,1,0,13,64.94773399936093,-49,63,-0.03766478342748769,-96.1092715231788,98.7746170678337,38.04573804573806,3.5409035409035567,7.7149155033063925,-0.11862322543215706,-1.811031305590396,1.6474953661891787,1.116817742311926,-0.1119805975156518,-0.4598189126314044,-0.11044661672776616,-1.7978254834019713,1.624485654370894,1.030835089459151,-0.09970875121256667,-0.4740000634566631,,,,,,,,,,,,,
12172.983013732,12670509,702,701,1,0,31,64.79386899991368,-49,63,-0.03766478342748769,-96.1092715231788,98.7746170678337,39.87525987525987,3.5409035409035567,7.788390889052168,-0.11862322543215706,-1.811031305590396,1.6474953661891787,1.1507337067256593,-0.1119805975156518,-0.4580121740546366,-0.11044661672776616,-1.7978254834019713,1.624485654370894,1.055378782065321,-0.09970875121256667,-0.4724660826687775,,,,,,,,,,,,,
12173.049456536,12670509,704,703,1,0,15,64.45934899966232,-49,63,-0.03766478342748769,-96.19205298013244,98.6870897155361,42.53638253638255,3.5409035409035567,7.861866274797942,-0.11862322543215706,-1.8125786198205602,1.6474953661891787,1.2000660186001826,-0.1119805975156518,-0.45620543547786924,-0.11044661672776616,-1.7978254834019713,1.624485654370894,1.0952622825503477,-0.09970875121256667,-0.4678641403051206,,,,,,,,,,,,,
12173.08297697,12670509,705,704,1,0,33,64.99315399923944,-49,63,-0.03766478342748769,-96.19205298013244,98.6870897155361,43.86694386694387,3.5409035409035567,7.861866274797942,-0.11862322543215706,-1.8125786198205602,1.6474953661891787,1.2247321745374435,-0.1119805975156518,-0.45620543547786924,-0.11044661672776616,-1.7978254834019713,1.624485654370894,1.1366797638232602,-0.09817477042468103,-0.4632621979414636,,,,,,,,,,,,,
12173.149719541,12670509,707,706,1,0,8,64.73305500003335,-49,63,-0.03766478342748769,-96.19205298013244,98.6870897155361,45.69646569646571,3.9804639804639947,7.861866274797942,-0.11862322543215706,-1.8125786198205602,1.6474953661891787,1.2586481389511783,-0.09817477042468103,-0.45620543547786924,-0.11044661672776616,-1.7978254834019713,1.624485654370894,1.175029283520401,-0.09970875121256667,-0.46019423636569234,,,,,,,,,,,,,
12173.182704487,12670509,708,707,1,0,33,64.52646300022025,-49,63,-0.03766478342748769,-96.19205298013244,98.6870897155361,46.195426195426194,4.029304029304043,7.861866274797942,-0.11862322543215706,-1.8125786198205602,1.6474953661891787,1.2678979474276513,-0.0966407896367954,-0.45620543547786924,-0.11044661672776616,-1.7978254834019713,1.624485654370894,1.210310841641771,-0.09970875121256667,-0.46019423636569234,,,,,,,,,,,,,
12173.283052308,12670509,711,710,1,0,27,64.83741599913628,-49,63,-0.03766478342748769,-96.19205298013244,98.6870897155361,46.44490644490645,4.078144078144092,7.935341660543719,-0.11862322543215706,-1.8125786198205602,1.6474953661891787,1.2725228516658875,-0.09510680884890975,-0.4543986969011015,-0.11044661672776616,-1.7978254834019713,1.624485654370894,1.2593982268541113,-0.09970875121256667,-0.46019423636569234,,,,,,,,,,,,,
12173.349745791,12670509,713,712,1,0,15,64.70300399996631,-49,63,-0.03766478342748769,-96.8543046357616,98.6870897155361,46.44490644490645,4.126984126984141,8.082292432035269,-0.11862322543215706,-1.8249571336618757,1.6474953661891787,1.2725228516658875,-0.09357282806102411,-0.4507852197475664,-0.11044661672776616,-1.7978254834019713,1.624485654370894,1.2686021115814252,-0.09970875121256667,-0.46019423636569234,,,,,,,,,,,,,
12173.382960059,12670509,714,713,1,0,33,64.8493310000049,-49,63,-0.03766478342748769,-97.26821192052981,98.6870897155361,46.44490644490645,4.126984126984141,8.082292432035269,-0.11862322543215706,-1.832693704812698,1.6474953661891787,1.2725228516658875,-0.09357282806102411,-0.4507852197475664,-0.11044661672776616,-1.7978254834019713,1.624485654370894,1.2686021115814252,-0.09817477042468103,-0.46019423636569234,,,,,,,,,,,,,
12173.449703576,12670509,716,715,1,0,6,64.80134899902623,-49,63,-0.03766478342748769,-97.76490066225166,98.6870897155361,46.86070686070687,4.126984126984141,8.596620132255694,-0.11862322543215706,-1.8419775901936848,1.6474953661891787,1.2802310253962819,-0.09357282806102411,-0.4381380497101933,-0.11044661672776616,-1.8070293681292853,1.624485654370894,1.2686021115814252,-0.09817477042468103,-0.46019423636569234,,,,,,,,,,,,,
12173.482967126,12670509,717,716,1,0,37,64.95214499955182,-49,63,-0.03766478342748769,-97.93046357615894,98.6870897155361,47.1101871101871,4.126984126984141,9.698750918442322,-0.11862322543215706,-1.8450722186540136,1.6474953661891787,1.284855929634518,-0.09357282806102411,-0.4110369710586797,-0.11044661672776616,-1.8177672336444848,1.624485654370894,1.2686021115814252,-0.09817477042468103,-0.46019423636569234,,,,,,,,,,,,,
12173.549738972,12670509,719,718,1,0,15,64.83211600061622,-49,63,-0.03766478342748769,-98.01324503311258,98.6870897155361,47.359667359667355,4.078144078144092,13.372520205731082,-0.11862322543215706,-1.846619532884178,1.6474953661891787,1.2894808338727548,-0.09510680884890975,-0.3207000422203003,-0.11044661672776616,-1.8269711183717987,1.624485654370894,1.2747380347329678,-0.09817477042468103,-0.44638840927472156,,,,,,,,,,,,,
12173.583019067,12670509,720,719,1,0,33,64.95035400075722,-49,63,-0.03766478342748769,-98.01324503311258,98.6870897155361,47.359667359667355,3.8827838827838974,15.797207935341662,-0.11862322543215706,-1.846619532884178,1.6474953661891787,1.2894808338727548,-0.10124273200045232,-0.26107766918696995,-0.11044661672776616,-1.8331070415233413,1.624485654370894,1.282407938672396,-0.09817477042468103,-0.4111068511533518,,,,,,,,,,,,,
12173.649280833,12670509,722,721,1,0,15,64.32854200102156,-49,63,-0.03766478342748769,-98.01324503311258,98.6870897155361,47.359667359667355,3.7362637362637514,21.16091109478325,-0.11862322543215706,-1.846619532884178,1.6474953661891787,1.2894808338727548,-0.10584467436410924,-0.12918575308293645,-0.11044661672776616,-1.8361750030991124,1.624485654370894,1.2870098810360528,-0.09970875121256667,-0.35588354278946877,,,,,,,,,,,,,
12173.682625815,12670509,723,722,1,0,37,64.97677900006238,-49,63,-0.03766478342748769,-98.01324503311258,98.6870897155361,47.44282744282745,3.7362637362637514,23.732549595885377,-0.11862322543215706,-1.846619532884178,1.6474953661891787,1.2910224686188336,-0.10584467436410924,-0.06594990289607096,-0.11044661672776616,-1.8377089838869982,1.624485654370894,1.2870098810360528,-0.09970875121256667,-0.2945243112740431,,,,,,,,,,,,,
12173.749423521,12670509,725,724,1,0,15,65.08189099986339,-49,63,0.1129943502824915,-98.01324503311258,98.6870897155361,47.44282744282745,3.7362637362637514,27.99412196914034,-0.11584877129150682,-1.846619532884178,1.6474953661891787,1.2910224686188336,-0.10584467436410924,0.03884093455644894,-0.11044661672776616,-1.8377089838869982,1.624485654370894,1.2870098810360528,-0.09970875121256667,-0.21322332951610412,,,,,,,,,,,,,
12173.782587526,12670509,726,725,1,0,29,64.94490000113728,-49,63,0.2636534839924707,-98.01324503311258,98.6870897155361,47.44282744282745,3.7362637362637514,30.05143277002204,-0.11307431715085624,-1.846619532884178,1.6474953661891787,1.2910224686188336,-0.10584467436410924,0.08942961470594134,-0.11044661672776616,-1.8377089838869982,1.624485654370894,1.2870098810360528,-0.09970875121256667,-0.1349903093339364,,,,,,,,,,,,,
12173.849385485,12670509,728,727,1,0,13,64.99884500044573,-49,63,0.5649717514124291,-98.01324503311258,98.6870897155361,47.44282744282745,3.7362637362637514,33.06392358559883,-0.10752540886955575,-1.846619532884178,1.6474953661891787,1.2910224686188336,-0.10584467436410924,0.16350589635341217,-0.11044661672776616,-1.8377089838869982,1.624485654370894,1.2870098810360528,-0.09970875121256667,-0.056757289151768725,,,,,,,,,,,,,
12173.882720604,12670509,729,728,1,0,32,65.1079330000357,-49,63,0.5649717514124291,-98.01324503311258,98.6870897155361,47.44282744282745,3.8827838827838974,33.94562821454812,-0.10752540886955575,-1.846619532884178,1.6474953661891787,1.2910224686188336,-0.10124273200045232,0.1851867592746236,-0.11044661672776616,-1.8377089838869982,1.624485654370894,1.2870098810360528,-0.09970875121256667,0.019941750242513337,,,,,,,,,,,,,
12173.949389076,12670509,731,730,1,0,13,64.89705199965101,-49,63,0.5649717514124291,-98.01324503311258,98.6870897155361,47.44282744282745,4.078144078144092,34.313005143277,-0.10752540886955575,-1.846619532884178,1.6474953661891787,1.2910224686188336,-0.09510680884890975,0.1942204521584616,-0.11044661672776616,-1.8377089838869982,1.624485654370894,1.2870098810360528,-0.09970875121256667,0.08897088569736719,,,,,,,,,,,,,
12173.982687818,12670509,732,731,1,0,13,64.98326099972473,-49,63,0.41431261770243566,-98.01324503311258,98.6870897155361,47.44282744282745,4.078144078144092,34.313005143277,-0.11029986301020633,-1.846619532884178,1.6474953661891787,1.2910224686188336,-0.09510680884890975,0.1942204521584616,-0.11044661672776616,-1.8377089838869982,1.624485654370894,1.2870098810360528,-0.09970875121256667,0.13192234775816514,,,,,,,,,,,,,
12174.049633032,12670509,734,733,1,0,11,65.15304800086597,-49,63,0.1883239171374811,-98.01324503311258,98.6870897155361,47.525987525987546,4.078144078144092,34.16605437178546,-0.1144615442211817,-1.846619532884178,1.6474953661891787,1.292564103364913,-0.09510680884890975,0.19060697500492613,-0.11044661672776616,-1.8377089838869982,1.624485654370894,1.2870098810360528,-0.09970875121256667,0.1595340019401067,,,,,,,,,,,,,
12174.082951901,12670509,735,734,1,0,29,65.43041900113167,-49,63,0.1883239171374811,-98.01324503311258,98.6870897155361,47.525987525987546,4.078144078144092,33.65172667156502,-0.1144615442211817,-1.846619532884178,1.6474953661891787,1.292564103364913,-0.09510680884890975,0.17795980496755268,-0.11044661672776616,-1.8377089838869982,1.624485654370894,1.2870098810360528,-0.09970875121256667,0.17333982903107745,,,,,,,,,,,,,
12174.149674193,12670509,737,736,1,0,15,64.77183100105322,-49,63,0.1883239171374811,-98.01324503311258,98.6870897155361,47.525987525987546,4.126984126984141,31.447465099191767,-0.1144615442211817,-1.846619532884178,1.6474953661891787,1.292564103364913,-0.09357282806102411,0.1237576476645255,-0.11044661672776616,-1.8377089838869982,1.624485654370894,1.2870098810360528,-0.09970875121256667,0.17640779060684875,,,,,,,,,,,,,
12174.183069467,12670509,738,737,1,0,35,64.9782979999145,-49,63,0.1883239171374811,-98.01324503311258,98.6870897155361,47.525987525987546,4.126984126984141,29.757531227038942,-0.1144615442211817,-1.846619532884178,1.6474953661891787,1.292564103364913,-0.09357282806102411,0.08220266039887109,-0.11044661672776616,-1.8377089838869982,1.624485654370894,1.2870098810360528,-0.09970875121256667,0.16566992509164924,,,,,,,,,,,,,
12174.249439139,12670509,740,739,1,0,15,64.38112499927229,-49,63,0.1883239171374811,-98.01324503311258,98.6870897155361,47.525987525987546,4.126984126984141,25.275532696546655,-0.1144615442211817,-1.846619532884178,1.6474953661891787,1.292564103364913,-0.09357282806102411,-0.028008392783951667,-0.11044661672776616,-1.8377089838869982,1.624485654370894,1.2870098810360528,-0.09970875121256667,0.13652429012182207,,,,,,,,,,,,,
12174.282708317,12670509,741,740,1,0,33,64.82241699995939,-49,63,0.1129943502824915,-98.01324503311258,98.6870897155361,47.525987525987546,4.126984126984141,22.777369581190303,-0.11584877129150682,-1.846619532884178,1.6474953661891787,1.292564103364913,-0.09357282806102411,-0.08943750439404942,-0.11044661672776616,-1.8377089838869982,1.624485654370894,1.2870098810360528,-0.09970875121256667,0.09357282806102411,,,,,,,,,,,,,
12174.349524601,12670509,743,742,1,0,15,64.83991999994032,-49,63,0.0376647834275019,-98.01324503311258,98.6870897155361,47.525987525987546,4.175824175824189,17.634092578986042,-0.11723599836183193,-1.846619532884178,1.6474953661891787,1.292564103364913,-0.09203884727313846,-0.2159092047677804,-0.11044661672776616,-1.8377089838869982,1.624485654370894,1.2870098810360528,-0.09970875121256667,0.0337475773334841,,,,,,,,,,,,,
12174.382695732,12670509,744,743,1,0,35,64.82603400036169,-49,63,0.0376647834275019,-98.01324503311258,98.6870897155361,47.525987525987546,4.175824175824189,15.50330639235856,-0.11723599836183193,-1.846619532884178,1.6474953661891787,1.292564103364913,-0.09203884727313846,-0.26830462349404055,-0.11044661672776616,-1.8377089838869982,1.624485654370894,1.2870098810360528,-0.09970875121256667,-0.039883500485026674,,,,,,,,,,,,,
12174.449629061,12670509,746,745,1,0,11,64.9699210007384,-49,63,-0.03766478342748769,-98.01324503311258,98.6870897155361,47.44282744282745,4.224664224664238,11.682586333578252,-0.11862322543215706,-1.846619532884178,1.6474953661891787,1.2910224686188336,-0.09050486648525283,-0.3622550294859547,-0.11044661672776616,-1.8377089838869982,1.624485654370894,1.2870098810360528,-0.09970875121256667,-0.12118448224296566,,,,,,,,,,,,,
12174.482840224,12670509,747,746,1,0,31,64.85359100042842,-49,63,-0.03766478342748769,-98.01324503311258,98.6870897155361,47.44282744282745,4.273504273504287,9.992652461425422,-0.11862322543215706,-1.846619532884178,1.6474953661891787,1.2910224686188336,-0.08897088569736719,-0.40381001675160916,-0.11044661672776616,-1.8377089838869982,1.624485654370894,1.2870098810360528,-0.09970875121256667,-0.1978835216372477,,,,,,,,,,,,,
12174.549599808,12670509,749,748,1,0,13,64.78186000094865,-49,63,-0.03766478342748769,-98.01324503311258,98.6870897155361,47.44282744282745,4.566544566544579,8.302718589272594,-0.11862322543215706,-1.846619532884178,1.6474953661891787,1.2910224686188336,-0.07976700097005335,-0.44536500401726353,-0.11044661672776616,-1.8377089838869982,1.624485654370894,1.2870098810360528,-0.09970875121256667,-0.2761165418194154,,,,,,,,,,,,,
12174.58268336,12670509,750,749,1,0,27,64.63421100124833,-49,63,-0.03766478342748769,-98.01324503311258,98.6870897155361,47.44282744282745,5.152625152625163,8.229243203526819,-0.11862322543215706,-1.846619532884178,1.6474953661891787,1.2910224686188336,-0.06135923151542565,-0.4471717425940313,-0.11044661672776616,-1.8377089838869982,1.624485654370894,1.2870098810360528,-0.09970875121256667,-0.34054373491061235,,,,,,,,,,,,,
12174.64942919,12670509,752,751,1,0,15,64.78515399976459,-49,63,-0.03766478342748769,-98.01324503311258,98.6870897155361,47.44282744282745,7.203907203907207,8.229243203526819,-0.11862322543215706,-1.846619532884178,1.6474953661891787,1.2910224686188336,0.003067961575771286,-0.4471717425940313,-0.11044661672776616,-1.8377089838869982,1.624485654370894,1.2870098810360528,-0.09050486648525283,-0.3865631585471816,,,,,,,,,,,,,
12174.68271077,12670509,753,752,1,0,35,65.05404799827375,-49,63,-0.03766478342748769,-98.01324503311258,98.6870897155361,47.44282744282745,8.52258852258852,8.229243203526819,-0.11862322543215706,-1.846619532884178,1.6474953661891787,1.2910224686188336,0.044485442848682895,-0.4471717425940313,-0.11044661672776616,-1.8377089838869982,1.624485654370894,1.2870098810360528,-0.06442719309119693,-0.4141748127291231,,,,,,,,,,,,,
12174.716088805,12670509,754,754,1,0,11,31.682216000262997,-49,63,-0.03766478342748769,-98.01324503311258,98.6870897155361,47.44282744282745,9.938949938949946,8.229243203526819,-0.11862322543215706,-1.846619532884178,1.6474953661891787,1.2910224686188336,0.08897088569736719,-0.4471717425940313,-0.11044661672776616,-1.8377089838869982,1.624485654370894,1.2870098810360528,-0.030679615757712823,-0.4279806398200939,,,,,,,,,,,,,
12174.782554301,12670509,756,755,1,0,25,64.63769199945091,-49,63,-0.03766478342748769,-98.01324503311258,98.6870897155361,47.44282744282745,13.064713064713061,8.229243203526819,-0.11862322543215706,-1.846619532884178,1.6474953661891787,1.2910224686188336,0.18714565612204753,-0.4471717425940313,-0.11044661672776616,-1.8377089838869982,1.624485654370894,1.2870098810360528,0.015339807878856412,-0.4356505437595221,,,,,,,,,,,,,
12174.849371038,12670509,758,757,1,0,18,64.91544200071075,-49,63,-0.03766478342748769,-98.01324503311258,98.6870897155361,47.44282744282745,16.3858363858364,8.229243203526819,-0.11862322543215706,-1.846619532884178,1.6474953661891787,1.2910224686188336,0.29145634969827183,-0.4471717425940313,-0.11044661672776616,-1.8377089838869982,1.624485654370894,1.2870098810360528,0.07669903939428206,-0.440252486123179,,,,,,,,,,,,,
12174.882651191,12670509,759,758,1,0,35,64.98210899917467,-49,63,-0.03766478342748769,-98.01324503311258,98.6870897155361,47.44282744282745,18.046398046398053,8.229243203526819,-0.11862322543215706,-1.846619532884178,1.6474953661891787,1.2910224686188336,0.3436116964863836,-0.4471717425940313,-0.11044661672776616,-1.8377089838869982,1.624485654370894,1.2870098810360528,0.14572817484913592,-0.4433204476989503,,,,,,,,,,,,,
12174.949289075,12670509,761,760,1,0,15,64.85211200015328,-49,63,-0.03766478342748769,-98.01324503311258,98.6870897155361,47.44282744282745,21.46520146520146,8.229243203526819,-0.11862322543215706,-1.846619532884178,1.6474953661891787,1.2910224686188336,0.4509903516383778,-0.4471717425940313,-0.11044661672776616,-1.8377089838869982,1.624485654370894,1.2870098810360528,0.22242721424341796,-0.4433204476989503,,,,,,,,,,,,,
12174.982532965,12670509,762,761,1,0,31,64.86602799850516,-49,63,-0.03766478342748769,-98.01324503311258,98.6870897155361,47.44282744282745,23.174603174603178,8.229243203526819,-0.11862322543215706,-1.846619532884178,1.6474953661891787,1.2910224686188336,0.504679679214376,-0.4471717425940313,-0.11044661672776616,-1.8377089838869982,1.624485654370894,1.2870098810360528,0.28838838812250056,-0.4433204476989503,,,,,,,,,,,,,
12175.049496266,12670509,764,763,1,0,18,65.19892500000424,-49,63,-0.03766478342748769,-98.01324503311258,98.6870897155361,47.44282744282745,26.153846153846146,8.155767817781042,-0.11862322543215706,-1.846619532884178,1.6474953661891787,1.2910224686188336,0.5982525072753994,-0.448978481170799,-0.11044661672776616,-1.8377089838869982,1.624485654370894,1.2870098810360528,0.3650874275167826,-0.44638840927472156,,,,,,,,,,,,,
12175.082693626,12670509,765,764,1,0,37,65.1269770005456,-49,63,-0.03766478342748769,-98.01324503311258,98.6870897155361,47.44282744282745,27.13064713064712,8.008817046289494,-0.11862322543215706,-1.846619532884178,1.6474953661891787,1.2910224686188336,0.6289321230331122,-0.45259195832433413,-0.11044661672776616,-1.8377089838869982,1.624485654370894,1.2870098810360528,0.44485442848683593,-0.4479223900626072,,,,,,,,,,,,,
12175.149658922,12670509,767,766,1,0,5,64.91705900043598,-49,63,-0.03766478342748769,-98.01324503311258,98.7746170678337,47.44282744282745,29.230769230769226,7.567964731814842,-0.11862322543215706,-1.846619532884178,1.6474953661891787,1.2910224686188336,0.6948932969121947,-0.4634323897849395,-0.11044661672776616,-1.8377089838869982,1.624485654370894,1.2870098810360528,0.5200194870932323,-0.45252433242626416,,,,,,,,,,,,,
12175.182696039,12670509,768,767,1,0,37,64.6029899999121,-49,63,-0.03766478342748769,-98.01324503311258,99.03719912472647,47.44282744282745,29.914529914529908,7.567964731814842,-0.11862322543215706,-1.846619532884178,1.6474953661891787,1.2910224686188336,0.7163690279425937,-0.4634323897849395,-0.11044661672776616,-1.8377089838869982,1.624485654370894,1.2870098810360528,0.5798447378207724,-0.45559229400203544,,,,,,,,,,,,,
12175.249635121,12670509,770,769,1,0,14,64.93328199940152,-49,63,0.0376647834275019,-98.01324503311258,99.21225382932167,47.525987525987546,30.109890109890102,7.4944893460690665,-0.11723599836183193,-1.846619532884178,1.6474953661891787,1.292564103364913,0.7225049510941363,-0.4652391283617072,-0.11044661672776616,-1.8377089838869982,1.624485654370894,1.2870098810360528,0.6335340653967698,-0.4586602555778067,,,,,,,,,,,,,
12175.282708822,12670509,771,770,1,0,34,64.54901500001142,-49,63,0.0376647834275019,-98.01324503311258,99.21225382932167,47.60914760914761,29.670329670329664,7.4944893460690665,-0.11723599836183193,-1.846619532884178,1.6474953661891787,1.2941057381109917,0.7086991240031655,-0.4652391283617072,-0.11044661672776616,-1.8377089838869982,1.624485654370894,1.2870098810360528,0.6703496043060252,-0.4586602555778067,,,,,,,,,,,,,
12175.349662948,12670509,773,772,1,0,19,64.89738399977796,-49,63,0.0376647834275019,-98.01324503311258,99.21225382932167,47.60914760914761,27.960927960927947,7.421013960323291,-0.11723599836183193,-1.846619532884178,1.6474953661891787,1.2941057381109917,0.6550097964271681,-0.4670458669384746,-0.11044661672776616,-1.8377089838869982,1.624485654370894,1.2870098810360528,0.6856894121848816,-0.4586602555778067,,,,,,,,,,,,,
12175.382695269,12670509,774,773,1,0,34,64.58901499900094,-51,63,0.0376647834275019,-98.09602649006622,99.21225382932167,47.60914760914761,26.73992673992673,7.421013960323291,-0.11723599836183193,-1.8481668471143424,1.6474953661891787,1.2941057381109917,0.6166602767300271,-0.4670458669384746,-0.11044661672776616,-1.8377089838869982,1.624485654370894,1.2870098810360528,0.679553489033339,-0.4586602555778067,,,,,,,,,,,,,
12175.449628716,12670509,776,775,1,0,13,64.86386100004893,-51,63,0.0376647834275019,-98.09602649006622,99.21225382932167,47.60914760914761,23.907203907203908,7.421013960323291,-0.11723599836183193,-1.8481668471143424,1.6474953661891787,1.2941057381109917,0.5276893910326599,-0.4670458669384746,-0.11044661672776616,-1.8377089838869982,1.624485654370894,1.2870098810360528,0.6565437772150544,-0.4586602555778067,,,,,,,,,,,,,
12175.482697561,12670509,777,776,1,0,37,64.67854800030182,-51,63,-0.03766478342748769,-98.09602649006622,99.21225382932167,47.525987525987546,22.34432234432235,7.421013960323291,-0.11862322543215706,-1.8481668471143424,1.6474953661891787,1.292564103364913,0.47860200582032003,-0.4670458669384746,-0.11044661672776616,-1.8377089838869982,1.624485654370894,1.2870098810360528,0.6212622190936846,-0.4586602555778067,,,,,,,,,,,,,
12175.549603612,12670509,779,778,1,0,11,64.6038770009909,-51,63,-0.03766478342748769,-98.09602649006622,98.94967177242887,47.525987525987546,19.21855921855922,7.421013960323291,-0.11862322543215706,-1.8481668471143424,1.6474953661891787,1.292564103364913,0.380427235395639,-0.4670458669384746,-0.11044661672776616,-1.8377089838869982,1.624485654370894,1.2870098810360528,0.5675728915176872,-0.4586602555778067,,,,,,,,,,,,,
12175.582696969,12670509,780,779,1,0,37,64.52237899975444,-51,63,-0.03766478342748769,-98.09602649006622,98.7746170678337,47.525987525987546,17.655677655677664,7.421013960323291,-0.11862322543215706,-1.8481668471143424,1.6474953661891787,1.292564103364913,0.3313398501832985,-0.4670458669384746,-0.11044661672776616,-1.8377089838869982,1.624485654370894,1.2870098810360528,0.5077476407901472,-0.4586602555778067,,,,,,,,,,,,,
12175.649383462,12670509,782,781,1,0,13,64.627539999492,-51,63,-0.03766478342748769,-98.09602649006622,98.6870897155361,47.525987525987546,14.774114774114764,7.421013960323291,-0.11862322543215706,-1.8481668471143424,1.6474953661891787,1.292564103364913,0.24083498369804496,-0.4670458669384746,-0.11044661672776616,-1.8377089838869982,1.624485654370894,1.2870098810360528,0.44178646691106466,-0.4586602555778067,,,,,,,,,,,,,
12175.682687671,12670509,783,782,1,0,33,64.87546100106556,-51,63,-0.11299435028247728,-98.09602649006622,98.6870897155361,47.525987525987546,13.45543345543345,7.421013960323291,-0.12001045250248218,-1.8481668471143424,1.6474953661891787,1.292564103364913,0.19941750242513265,-0.4670458669384746,-0.11044661672776616,-1.8377089838869982,1.624485654370894,1.2870098810360528,0.3773592738198677,-0.4586602555778067,,,,,,,,,,,,,
12175.749672776,12670509,785,784,1,0,15,64.88561100013612,-51,63,-0.11299435028247728,-98.09602649006622,98.6870897155361,47.525987525987546,11.013431013431017,7.7149155033063925,-0.12001045250248218,-1.8481668471143424,1.6474953661891787,1.292564103364913,0.1227184630308513,-0.4598189126314044,-0.11044661672776616,-1.8377089838869982,1.624485654370894,1.2870098810360528,0.3129320807286708,-0.4586602555778067,,,,,,,,,,,,,
12175.782694763,12670509,786,785,1,0,33,64.876849999564,-51,63,-0.11299435028247728,-98.09602649006622,98.6870897155361,47.60914760914761,9.890109890109898,7.788390889052168,-0.12001045250248218,-1.8481668471143424,1.6474953661891787,1.2941057381109917,0.08743690490948154,-0.4580121740546366,-0.11044661672776616,-1.8377089838869982,1.624485654370894,1.2870098810360528,0.24697090684958822,-0.4586602555778067,,,,,,,,,,,,,
12175.849617167,12670509,788,787,1,0,15,64.85500300004787,-51,63,-0.11299435028247728,-98.09602649006622,98.6870897155361,47.60914760914761,7.985347985347985,7.861866274797942,-0.12001045250248218,-1.8481668471143424,1.6474953661891787,1.2941057381109917,0.027611654181940844,-0.45620543547786924,-0.11044661672776616,-1.8377089838869982,1.624485654370894,1.2870098810360528,0.1825437137583913,-0.4586602555778067,,,,,,,,,,,,,
12175.882696903,12670509,789,788,1,0,31,64.58214399935969,-51,63,-0.11299435028247728,-98.09602649006622,98.6870897155361,47.60914760914761,7.155067155067158,7.861866274797942,-0.12001045250248218,-1.8481668471143424,1.6474953661891787,1.2941057381109917,0.001533980787885643,-0.45620543547786924,-0.11044661672776616,-1.8377089838869982,1.624485654370894,1.2870098810360528,0.13192234775816514,-0.4586602555778067,,,,,,,,,,,,,
12175.982568205,12670509,792,791,1,0,3,64.46419900021283,-51,63,-0.11299435028247728,-98.09602649006622,98.6870897155361,47.60914760914761,5.299145299145309,7.935341660543719,-0.12001045250248218,-1.8481668471143424,1.6474953661891787,1.2941057381109917,-0.056757289151768725,-0.4543986969011015,-0.11044661672776616,-1.8377089838869982,1.624485654370894,1.2870098810360528,0.03834951969714103,-0.4586602555778067,,,,,,,,,,,,,
12176.049629488,12670509,794,793,1,0,15,65.07308099935472,-51,63,-0.11299435028247728,-98.01324503311258,98.6870897155361,47.60914760914761,4.957264957264968,7.935341660543719,-0.12001045250248218,-1.846619532884178,1.6474953661891787,1.2941057381109917,-0.0674951546669682,-0.4543986969011015,-0.11044661672776616,-1.8377089838869982,1.624485654370894,1.2870098810360528,0.0046019423636569235,-0.4586602555778067,,,,,,,,,,,,,
12176.082690017,12670509,795,794,1,0,33,64.61188600042078,-51,63,-0.03766478342748769,-98.01324503311258,98.6870897155361,47.60914760914761,4.908424908424919,7.6414401175606175,-0.11862322543215706,-1.846619532884178,1.6474953661891787,1.2941057381109917,-0.06902913545485385,-0.4616256512081721,-0.11044661672776616,-1.8377089838869982,1.624485654370894,1.2870098810360528,-0.02454369260617026,-0.4586602555778067,,,,,,,,,,,,,
12176.149626445,12670509,797,796,1,0,15,64.84389700017346,-51,63,-0.03766478342748769,-98.01324503311258,98.6870897155361,47.60914760914761,4.908424908424919,7.567964731814842,-0.11862322543215706,-1.846619532884178,1.6474953661891787,1.2941057381109917,-0.06902913545485385,-0.4634323897849395,-0.11044661672776616,-1.8377089838869982,1.624485654370894,1.2870098810360528,-0.04295146206079795,-0.4586602555778067,,,,,,,,,,,,,
12176.182722676,12670509,798,797,1,0,33,64.76467100037553,-51,63,-0.03766478342748769,-98.01324503311258,98.6870897155361,47.60914760914761,4.908424908424919,7.4944893460690665,-0.11862322543215706,-1.846619532884178,1.6474953661891787,1.2941057381109917,-0.06902913545485385,-0.4652391283617072,-0.11044661672776616,-1.8377089838869982,1.624485654370894,1.2870098810360528,-0.0521553467881118,-0.4586602555778067,,,,,,,,,,,,,
12176.249624169,12670509,800,799,1,0,15,64.83696100076486,-51,63,-0.03766478342748769,-98.01324503311258,98.6870897155361,47.525987525987546,4.908424908424919,7.4944893460690665,-0.11862322543215706,-1.846619532884178,1.6474953661891787,1.292564103364913,-0.06902913545485385,-0.4652391283617072,-0.11044661672776616,-1.8377089838869982,1.624485654370894,1.2870098810360528,-0.05829126993965436,-0.4586602555778067,,,,,,,,,,,,,
12176.282929441,12670509,801,800,1,0,33,64.87111400019785,-51,63,0.0376647834275019,-98.01324503311258,98.6870897155361,47.27650727650726,4.908424908424919,7.4944893460690665,-0.11723599836183193,-1.846619532884178,1.6474953661891787,1.2879391991266753,-0.06902913545485385,-0.4652391283617072,-0.11044661672776616,-1.8377089838869982,1.624485654370894,1.2870098810360528,-0.06135923151542565,-0.4586602555778067,,,,,,,,,,,,,
12176.34941636,12670509,803,802,1,0,15,64.42391900054645,-51,63,0.33898305084744607,-98.01324503311258,98.5995623632385,46.69438669438671,4.566544566544579,7.4944893460690665,-0.11168709008053146,-1.846619532884178,1.6474953661891787,1.2771477559041244,-0.07976700097005335,-0.4652391283617072,-0.11044661672776616,-1.8377089838869982,1.624485654370894,1.2870098810360528,-0.06135923151542565,-0.4586602555778067,,,,,,,,,,,,,
12176.382989719,12670509,804,803,1,0,33,64.81028200141736,-51,63,0.5649717514124291,-97.93046357615894,98.42450765864334,46.528066528066546,4.51770451770453,7.4944893460690665,-0.10752540886955575,-1.8450722186540136,1.6474953661891787,1.274064486411967,-0.08130098175793898,-0.4652391283617072,-0.11044661672776616,-1.8377089838869982,1.624485654370894,1.2870098810360528,-0.06289321230331128,-0.4586602555778067,,,,,,,,,,,,,
12176.449646588,12670509,806,805,1,0,15,64.71235900062311,-51,63,0.5649717514124291,-97.76490066225166,97.81181619256017,46.361746361746384,4.51770451770453,7.4944893460690665,-0.10752540886955575,-1.8419775901936848,1.6371589538517277,1.2709812169198094,-0.08130098175793898,-0.4652391283617072,-0.11044661672776616,-1.8377089838869982,1.624485654370894,1.2870098810360528,-0.07056311624273949,-0.4586602555778067,,,,,,,,,,,,,
12176.482963979,12670509,807,806,1,0,34,64.81225199968321,-51,63,0.5649717514124291,-97.59933774834437,96.93654266958424,46.361746361746384,4.51770451770453,7.4944893460690665,-0.10752540886955575,-1.8388829617333557,1.6216647409045066,1.2709812169198094,-0.08130098175793898,-0.4652391283617072,-0.11044661672776616,-1.8377089838869982,1.624485654370894,1.2870098810360528,-0.07516505860639641,-0.4586602555778067,,,,,,,,,,,,,
12176.549619881,12670509,809,808,1,0,15,64.68512999890663,-47,63,0.6403013182674187,-97.35099337748345,94.48577680525162,46.361746361746384,4.51770451770453,7.4944893460690665,-0.10613818179923028,-1.8342410190428626,1.578280944652287,1.2709812169198094,-0.08130098175793898,-0.4652391283617072,-0.11044661672776616,-1.8377089838869982,1.6229516735830083,1.2870098810360528,-0.07516505860639641,-0.4586602555778067,,,,,,,,,,,,,
12176.582699104,12670509,810,809,1,0,34,64.55684799948358,-47,63,0.6403013182674187,-97.18543046357615,92.91028446389498,46.361746361746384,4.468864468864481,7.4944893460690665,-0.10613818179923028,-1.8311463905825334,1.550391361347289,1.2709812169198094,-0.08283496254582462,-0.4652391283617072,-0.11044661672776616,-1.8377089838869982,1.6168157504314657,1.2870098810360528,-0.07516505860639641,-0.4586602555778067,,,,,,,,,,,,,
12176.649655794,12670509,812,811,1,0,15,64.92709400117747,-47,63,0.6403013182674187,-97.18543046357615,89.9343544857768,46.361746361746384,4.420024420024433,7.4944893460690665,-0.10613818179923028,-1.8311463905825334,1.4977110373267362,1.2709812169198094,-0.08436894333371027,-0.4652391283617072,-0.11044661672776616,-1.8377089838869982,1.5968740001889525,1.2870098810360528,-0.07516505860639641,-0.4586602555778067,,,,,,,,,,,,,
12176.682679737,12670509,813,812,1,0,37,64.95444000029238,-47,63,0.6403013182674187,-97.18543046357615,88.53391684901533,46.361746361746384,4.420024420024433,7.4944893460690665,-0.10613818179923028,-1.8311463905825334,1.4729202966111827,1.2709812169198094,-0.08436894333371027,-0.4652391283617072,-0.11044661672776616,-1.8377089838869982,1.564660403643354,1.2870098810360528,-0.07516505860639641,-0.4586602555778067,,,,,,,,,,,,,
12176.749617323,12670509,815,814,1,0,19,64.95501899917144,-47,63,0.6403013182674187,-97.18543046357615,86.2582056892779,46.361746361746384,4.420024420024433,7.4944893460690665,-0.10613818179923028,-1.8311463905825334,1.4326353429484073,1.2709812169198094,-0.08436894333371027,-0.4652391283617072,-0.11044661672776616,-1.8377089838869982,1.538582730249298,1.2870098810360528,-0.07516505860639641,-0.4586602555778067,,,,,,,,,,,,,
12176.782690305,12670509,816,815,1,0,30,64.74229500054207,-47,63,0.4896421845574537,-97.10264900662251,85.1203501094092,46.361746361746384,4.420024420024433,7.4944893460690665,-0.10891263593988053,-1.8295990763523688,1.4124928661170197,1.2709812169198094,-0.08436894333371027,-0.4652391283617072,-0.11044661672776616,-1.8377089838869982,1.5232429223704418,1.2870098810360528,-0.07669903939428206,-0.4586602555778067,,,,,,,,,,,,,
12176.849549488,12670509,818,817,1,0,19,64.88082800024131,-47,63,0.6403013182674187,-96.6887417218543,83.28227571115974,46.361746361746384,4.420024420024433,7.4944893460690665,-0.10613818179923028,-1.8218625052015467,1.379955018927855,1.2709812169198094,-0.08436894333371027,-0.4652391283617072,-0.11044661672776616,-1.8484468494021975,1.504835152915814,1.2870098810360528,-0.07669903939428206,-0.4586602555778067,,,,,,,,,,,,,
12176.882691628,12670509,819,818,1,0,35,64.76560000010068,-47,63,0.6403013182674187,-95.94370860927152,82.49452954048141,46.361746361746384,4.420024420024433,7.4944893460690665,-0.10613818179923028,-1.8079366771300667,1.3660102272753556,1.2709812169198094,-0.08436894333371027,-0.4652391283617072,-0.11044661672776616,-1.8484468494021975,1.4818254410975293,1.2870098810360528,-0.07669903939428206,-0.4586602555778067,,,,,,,,,,,,,
12176.94960602,12670509,821,820,1,0,19,64.89593399965088,-47,63,0.5649717514124291,-93.70860927152317,80.65645514223195,46.361746361746384,4.420024420024433,7.4944893460690665,-0.10752540886955575,-1.7661591929156268,1.3334723800861912,1.2709812169198094,-0.08436894333371027,-0.4652391283617072,-0.11044661672776616,-1.8361750030991124,1.4618836908550161,1.2870098810360528,-0.07669903939428206,-0.4586602555778067,,,,,,,,,,,,,
12177.016080276,12670509,823,821,1,0,35,98.23048600082984,-47,63,0.4896421845574537,-90.72847682119206,78.55579868708972,46.361746361746384,4.420024420024433,7.4944893460690665,-0.10891263593988053,-1.7104558806297068,1.29628626901286,1.2709812169198094,-0.08436894333371027,-0.4652391283617072,-0.11044661672776616,-1.8223691760081417,1.4388739790367313,1.2870098810360528,-0.07669903939428206,-0.4586602555778067,,,,,,,,,,,,,
12177.04933652,12670509,824,823,1,0,13,64.82290100029786,-47,63,0.4896421845574537,-89.15562913907284,77.41794310722102,46.361746361746384,4.371184371184384,7.861866274797942,-0.10891263593988053,-1.6810569102565822,1.2761437921814724,1.2709812169198094,-0.0859029241215959,-0.45620543547786924,-0.11044661672776616,-1.7993594641898571,1.4127963056426756,1.2870098810360528,-0.07669903939428206,-0.4586602555778067,,,,,,,,,,,,,
12177.115964173,12670509,826,824,1,0,37,98.1055539996305,-47,63,0.4896421845574537,-86.09271523178808,74.87964989059083,46.361746361746384,4.371184371184384,8.082292432035269,-0.10891263593988053,-1.6238062837404976,1.2312105746345312,1.2709812169198094,-0.0859029241215959,-0.4507852197475664,-0.1119805975156518,-1.77021382922003,1.389786593824391,1.2870098810360528,-0.07669903939428206,-0.4586602555778067,,,,,,,,,,,,,
12177.149612273,12670509,827,826,1,0,7,65.30406099955144,-47,63,0.4896421845574537,-84.68543046357615,73.56673960612693,46.361746361746384,4.322344322344335,8.155767817781042,-0.10891263593988053,-1.5975019418277017,1.2079692552136991,1.2709812169198094,-0.08743690490948154,-0.448978481170799,-0.1119805975156518,-1.7303303287350031,1.3621749396424494,1.2870098810360528,-0.07669903939428206,-0.4586602555778067,,,,,,,,,,,,,
12177.249629553,12670509,830,828,1,0,47,98.01424000033876,-47,63,0.5649717514124291,-81.87086092715232,69.62800875273524,46.361746361746384,4.322344322344335,8.229243203526819,-0.10752540886955575,-1.5448932580021106,1.1382452969512031,1.2709812169198094,-0.08743690490948154,-0.4471717425940313,-0.11044661672776616,-1.6551652701286068,1.2977477465512524,1.2870098810360528,-0.07669903939428206,-0.4586602555778067,,,,,,,,,,,,,
12177.316286164,12670509,832,830,1,0,32,98.19732599862618,-47,63,0.5649717514124291,-80.4635761589404,67.26477024070022,46.361746361746384,4.322344322344335,8.302718589272594,-0.10752540886955575,-1.5185889160893151,1.0964109219937055,1.2709812169198094,-0.08743690490948154,-0.44536500401726353,-0.11044661672776616,-1.6198837120072371,1.2701360923693108,1.2870098810360528,-0.07669903939428206,-0.4586602555778067,,,,,,,,,,,,,
12177.34965804,12670509,833,832,1,0,19,64.7916180005268,-47,63,0.5649717514124291,-80.13245033112582,66.47702407002188,46.44490644490645,4.322344322344335,8.302718589272594,-0.10752540886955575,-1.512399659168657,1.0824661303412064,1.2725228516658875,-0.08743690490948154,-0.44536500401726353,-0.11044661672776616,-1.576932249946439,1.2379224958237125,1.2870098810360528,-0.07669903939428206,-0.4586602555778067,,,,,,,,,,,,,
12177.382698951,12670509,834,833,1,0,29,64.38261999937822,-47,63,0.5649717514124291,-79.96688741721854,65.86433260393875,46.528066528066546,4.322344322344335,8.302718589272594,-0.10752540886955575,-1.5093050307083282,1.0716201812781518,1.274064486411967,-0.08743690490948154,-0.44536500401726353,-0.1119805975156518,-1.556990499703926,1.205708899278114,1.2870098810360528,-0.07669903939428206,-0.4586602555778067,,,,,,,,,,,,,
12177.449624585,12670509,836,835,1,0,14,64.76807500075665,-51,63,0.5649717514124291,-80.04966887417218,64.98905908096279,46.94386694386694,4.322344322344335,8.817046289493021,-0.10752540886955575,-1.5108523449384925,1.05612596833093,1.2817726601423605,-0.08743690490948154,-0.43271783397989044,-0.1119805975156518,-1.5447186534008406,1.1765632643082868,1.2870098810360528,-0.07669903939428206,-0.4586602555778067,,,,,,,,,,,,,
12177.48269393,12670509,837,836,1,0,33,64.57540699921083,-51,63,0.4896421845574537,-80.04966887417218,64.63894967177245,47.27650727650726,4.322344322344335,9.551800146950772,-0.10891263593988053,-1.5108523449384925,1.049928283152042,1.2879391991266753,-0.08743690490948154,-0.41465044821221486,-0.1119805975156518,-1.5324468070977555,1.1520195717021164,1.2870098810360528,-0.07669903939428206,-0.4586602555778067,,,,,,,,,,,,,
12177.549611871,12670509,839,838,1,0,15,64.81792699923972,-51,63,0.33898305084744607,-80.04966887417218,64.55142231947485,47.359667359667355,4.322344322344335,11.976487876561352,-0.11168709008053146,-1.5108523449384925,1.04837886185732,1.2894808338727548,-0.08743690490948154,-0.35502807517888446,-0.11044661672776616,-1.5201749607946704,1.1336118022474888,1.2870098810360528,-0.07669903939428206,-0.4433204476989503,,,,,,,,,,,,,
12177.582697826,12670509,840,839,1,0,34,64.80559000010544,-51,63,0.33898305084744607,-80.04966887417218,64.55142231947485,47.27650727650726,4.322344322344335,13.51947097722263,-0.11168709008053146,-1.5108523449384925,1.04837886185732,1.2879391991266753,-0.08743690490948154,-0.3170865650667652,-0.11044661672776616,-1.5201749607946704,1.1213399559444037,1.2870098810360528,-0.07669903939428206,-0.41877675509278006,,,,,,,,,,,,,
12177.649252308,12670509,842,841,1,0,15,64.24003800020728,-51,63,0.41431261770243566,-80.04966887417218,64.55142231947485,46.44490644490645,4.322344322344335,16.605437178545188,-0.11029986301020633,-1.5108523449384925,1.04837886185732,1.2725228516658875,-0.08743690490948154,-0.2412035448425266,-0.11044661672776616,-1.5186409800067848,1.1136700520049756,1.2870098810360528,-0.07669903939428206,-0.37889325460775336,,,,,,,,,,,,,
12177.716047169,12670509,844,842,1,0,37,98.39296999962244,-51,63,0.5649717514124291,-80.13245033112582,64.37636761487965,46.361746361746384,4.810744810744822,18.736223365172666,-0.10752540886955575,-1.512399659168657,1.0452800192678755,1.2709812169198094,-0.07209709703062514,-0.18880812611626682,-0.11044661672776616,-1.5186409800067848,1.1106020904292042,1.2870098810360528,-0.07669903939428206,-0.33594179254695544,,,,,,,,,,,,,
12177.749596933,12670509,845,844,1,0,19,65.07033699926978,-51,63,0.6403013182674187,-80.21523178807946,64.02625820568929,46.27858627858629,4.810744810744822,19.61792799412197,-0.10613818179923028,-1.5139469733988218,1.0390823340889874,1.26943958217373,-0.07209709703062514,-0.16712726319505575,-0.11044661672776616,-1.5186409800067848,1.1106020904292042,1.2870098810360528,-0.07669903939428206,-0.28838838812250056,,,,,,,,,,,,,
12177.782692145,12670509,846,845,1,0,30,64.78243299898168,-51,63,0.6403013182674187,-80.54635761589404,63.67614879649889,46.27858627858629,4.810744810744822,20.279206465833948,-0.10613818179923028,-1.5201362303194794,1.032884648910098,1.26943958217373,-0.07209709703062514,-0.1508666160041472,-0.11044661672776616,-1.5186409800067848,1.1106020904292042,1.2870098810360528,-0.07669903939428206,-0.24697090684958822,,,,,,,,,,,,,
12177.849518901,12670509,848,847,1,0,19,64.7247819997574,-51,63,0.6403013182674187,-81.78807947019868,63.67614879649889,46.27858627858629,4.810744810744822,20.64658339456282,-0.10613818179923028,-1.5433459437719463,1.032884648910098,1.26943958217373,-0.07209709703062514,-0.14183292312030954,-0.11044661672776616,-1.5186409800067848,1.1090681096413186,1.2870098810360528,-0.07669903939428206,-0.21015536794033285,,,,,,,,,,,,,
12177.882768825,12670509,849,848,1,0,31,65.00075700023444,-51,63,0.6403013182674187,-82.45033112582782,63.67614879649889,46.1122661122661,4.810744810744822,20.64658339456282,-0.10613818179923028,-1.5557244576132618,1.032884648910098,1.266356312681572,-0.07209709703062514,-0.14183292312030954,-0.11044661672776616,-1.5186409800067848,1.1060001480655473,1.2870098810360528,-0.07669903939428206,-0.1825437137583913,,,,,,,,,,,,,
12177.949591564,12670509,851,850,1,0,19,64.88177800019912,-51,63,0.41431261770243566,-83.69205298013244,64.28884026258206,44.11642411642413,4.810744810744822,20.64658339456282,-0.11029986301020633,-1.5789341710657285,1.0437305979731533,1.2293570787756805,-0.07209709703062514,-0.14183292312030954,-0.11044661672776616,-1.521708941582556,1.1013982057018903,1.2870098810360528,-0.07669903939428206,-0.16566992509164924,,,,,,,,,,,,,
12178.016042381,12670509,853,851,1,0,15,98.1524429989804,-51,63,0.4896421845574537,-84.68543046357615,64.46389496717723,39.95841995841997,4.810744810744822,20.64658339456282,-0.10891263593988053,-1.5975019418277017,1.046829440562597,1.1522753414717388,-0.07209709703062514,-0.14183292312030954,-0.11044661672776616,-1.5355147686735269,1.0983302441261191,1.2854759002481673,-0.07669903939428206,-0.1564660403643354,,,,,,,,,,,,,
12178.049467413,12670509,854,853,1,0,18,65.26830199982214,-51,63,0.6403013182674187,-85.01655629139073,64.63894967177245,37.29729729729729,4.859584859584871,20.64658339456282,-0.10613818179923028,-1.6036911987483597,1.049928283152042,1.1029430295972162,-0.07056311624273949,-0.14183292312030954,-0.11044661672776616,-1.55545651891604,1.0983302441261191,1.2624661884298827,-0.07669903939428206,-0.15033011721279282,,,,,,,,,,,,,
12178.116177215,12670509,856,854,1,0,34,98.43568600081198,-51,63,0.6403013182674187,-84.85099337748345,65.68927789934352,31.392931392931388,4.908424908424919,20.64658339456282,-0.10613818179923028,-1.600596570288031,1.068521338688707,0.9934869626256185,-0.06902913545485385,-0.14183292312030954,-0.11044661672776616,-1.5830681730979816,1.0983302441261191,1.2210487071569704,-0.07669903939428206,-0.14726215563702155,,,,,,,,,,,,,
12178.149698648,12670509,857,856,1,0,19,65.19862899949658,-51,63,0.6403013182674187,-84.85099337748345,66.47702407002188,28.232848232848227,4.908424908424919,20.64658339456282,-0.10613818179923028,-1.600596570288031,1.0824661303412064,0.9349048422746229,-0.06902913545485385,-0.14183292312030954,-0.11044661672776616,-1.5938060386131812,1.0983302441261191,1.1642914180052018,-0.07669903939428206,-0.14419419406125028,,,,,,,,,,,,,
12178.182670982,12670509,858,857,1,0,35,64.60182000046188,-51,63,0.7156308851224082,-84.93377483443709,67.26477024070022,25.155925155925146,4.957264957264968,20.64658339456282,-0.10475095472890517,-1.6021438845181954,1.0964109219937055,0.877864356669706,-0.0674951546669682,-0.14183292312030954,-0.11044661672776616,-1.5953400194010667,1.0998642249140047,1.0998642249140047,-0.07669903939428206,-0.14419419406125028,,,,,,,,,,,,,
12178.249587637,12670509,860,859,1,0,19,64.9613280002086,-51,63,0.7156308851224082,-85.3476821192053,68.92778993435448,18.83575883575884,4.957264957264968,20.720058780308598,-0.10475095472890517,-1.6098804556690178,1.1258499265934256,0.7607001159677148,-0.0674951546669682,-0.14002618454354182,-0.11044661672776616,-1.586136134673753,1.1075341288534328,1.0231651855197226,-0.07669903939428206,-0.14419419406125028,,,,,,,,,,,,,
12178.282699653,12670509,861,860,1,0,34,64.82637199951569,-51,63,0.7156308851224082,-85.43046357615894,69.89059080962801,15.758835758835772,4.957264957264968,20.867009551800148,-0.10475095472890517,-1.611427769899182,1.1428935608353696,0.7036596303627985,-0.0674951546669682,-0.1364127073900067,-0.1119805975156518,-1.5876701154616386,1.1213399559444037,0.9480001269133262,-0.07669903939428206,-0.14419419406125028,,,,,,,,,,,,,
12178.349620544,12670509,863,862,1,0,15,64.92175099992892,-51,63,0.7156308851224082,-85.43046357615894,71.46608315098467,9.604989604989612,4.957264957264968,21.08743570903747,-0.10475095472890517,-1.611427769899182,1.1707831441403675,0.5895786591529647,-0.0674951546669682,-0.1309924916597042,-0.1119805975156518,-1.5938060386131812,1.1428156869748027,0.8620972027917303,-0.07669903939428206,-0.14419419406125028,,,,,,,,,,,,,
12178.382685908,12670509,864,863,1,0,31,64.80332200044359,-51,63,0.7156308851224082,-85.43046357615894,72.34135667396063,6.611226611226613,4.957264957264968,21.16091109478325,-0.10475095472890517,-1.611427769899182,1.1862773570875893,0.5340798082941266,-0.0674951546669682,-0.12918575308293645,-0.1119805975156518,-1.5984079809768381,1.1612234564294304,0.7838641826095626,-0.07669903939428206,-0.14419419406125028,,,,,,,,,,,,,
12178.449605282,12670509,866,865,1,0,19,64.9743550002313,-51,63,0.7156308851224082,-85.43046357615894,73.7417943107221,1.0395010395010331,4.957264957264968,21.3078618662748,-0.10475095472890517,-1.611427769899182,1.211068097803143,0.4307902803068445,-0.0674951546669682,-0.12557227592940098,-0.1119805975156518,-1.6014759425526093,1.184233168247715,0.701029220063738,-0.07669903939428206,-0.14419419406125028,,,,,,,,,,,,,
12178.516172475,12670509,868,866,1,0,33,98.18848400027491,-51,63,0.7156308851224082,-85.51324503311258,74.79212253829323,-4.199584199584194,4.957264957264968,21.3078618662748,-0.10475095472890517,-1.6129750841293462,1.229661153339809,0.333667291303878,-0.0674951546669682,-0.12557227592940098,-0.1119805975156518,-1.603009923340495,1.2041749184902284,0.6181942575179133,-0.07669903939428206,-0.14419419406125028,,,,,,,,,,,,,
12178.549701477,12670509,869,868,1,0,18,65.22234000112803,-51,63,0.7156308851224082,-85.59602649006622,75.1422319474836,-6.777546777546775,4.957264957264968,21.381337252020575,-0.10475095472890517,-1.6145223983595107,1.235858838518697,0.28587661417543414,-0.0674951546669682,-0.1237655373526336,-0.1119805975156518,-1.603009923340495,1.2210487071569704,0.543029198911517,-0.07669903939428206,-0.14419419406125028,,,,,,,,,,,,,
12178.582694,12670509,870,869,1,0,35,64.50881800083152,-52,63,0.7909604519773978,-85.59602649006622,75.31728665207876,-9.272349272349274,4.957264957264968,21.381337252020575,-0.10336372765858004,-1.6145223983595107,1.2389576811081415,0.239627571793069,-0.0674951546669682,-0.1237655373526336,-0.1119805975156518,-1.603009923340495,1.2409904573994837,0.4632621979414636,-0.07669903939428206,-0.14112623248547898,,,,,,,,,,,,,
12178.649439048,12670509,872,871,1,0,19,64.64301300002262,-52,63,0.7909604519773978,-85.59602649006622,75.31728665207876,-14.095634095634097,4.957264957264968,21.381337252020575,-0.10336372765858004,-1.6145223983595107,1.2389576811081415,0.15021275652049684,-0.0674951546669682,-0.1237655373526336,-0.1119805975156518,-1.603009923340495,1.2532623037025687,0.38349519697141027,-0.07669903939428206,-0.1349903093339364,,,,,,,,,,,,,
12178.682641101,12670509,873,872,1,0,37,64.8082740008249,-52,63,0.7909604519773978,-85.59602649006622,75.1422319474836,-16.5072765072765,4.957264957264968,21.381337252020575,-0.10336372765858004,-1.6145223983595107,1.235858838518697,0.1055053488842111,-0.0674951546669682,-0.1237655373526336,-0.1119805975156518,-1.603009923340495,1.2563302652783401,0.31139809994078516,-0.07669903939428206,-0.13192234775816514,,,,,,,,,,,,,
12178.749395829,12670509,875,874,1,0,19,65.01860400021542,-52,63,0.7909604519773978,-85.59602649006622,74.79212253829323,-21.247401247401243,4.957264957264968,21.381337252020575,-0.10336372765858004,-1.6145223983595107,1.229661153339809,0.017632168357716957,-0.0674951546669682,-0.1237655373526336,-0.1119805975156518,-1.603009923340495,1.2563302652783401,0.24083498369804565,-0.07669903939428206,-0.12885438618239387,,,,,,,,,,,,,
12178.782568562,12670509,876,875,1,0,37,64.75395699999353,-52,63,0.7909604519773978,-85.59602649006622,74.79212253829323,-23.575883575883566,4.957264957264968,21.381337252020575,-0.10336372765858004,-1.6145223983595107,1.229661153339809,-0.025533604532490053,-0.0674951546669682,-0.1237655373526336,-0.1119805975156518,-1.603009923340495,1.2563302652783401,0.1718058482431918,-0.07669903939428206,-0.12885438618239387,,,,,,,,,,,,,
12178.849402555,12670509,878,877,1,0,19,65.14739700105565,-52,63,0.7909604519773978,-85.67880794701986,74.70459518599563,-28.232848232848227,4.957264957264968,21.381337252020575,-0.10336372765858004,-1.6160697125896755,1.228111732045087,-0.11186515031290477,-0.0674951546669682,-0.1237655373526336,-0.1119805975156518,-1.603009923340495,1.2563302652783401,0.10124273200045232,-0.07669903939428206,-0.12885438618239387,,,,,,,,,,,,,
12178.882556757,12670509,879,878,1,0,33,64.94168100107345,-52,63,0.7909604519773978,-85.67880794701986,74.70459518599563,-30.644490644490645,4.957264957264968,21.381337252020575,-0.10336372765858004,-1.6160697125896755,1.228111732045087,-0.1565725579491912,-0.0674951546669682,-0.1237655373526336,-0.1119805975156518,-1.603009923340495,1.2563302652783401,0.03834951969714103,-0.07669903939428206,-0.12885438618239387,,,,,,,,,,,,,
12178.949402437,12670509,881,880,1,0,15,65.18881100055296,-52,63,0.7909604519773978,-85.67880794701986,74.79212253829323,-35.13513513513513,4.957264957264968,21.3078618662748,-0.10336372765858004,-1.6160697125896755,1.229661153339809,-0.2398208342374478,-0.0674951546669682,-0.12557227592940098,-0.1119805975156518,-1.603009923340495,1.2563302652783401,-0.030679615757712823,-0.07669903939428206,-0.12885438618239387,,,,,,,,,,,,,
12178.98296283,12670509,882,881,1,0,35,65.49200299923541,-52,63,0.7909604519773978,-85.76158940397352,75.054704595186,-37.46361746361746,4.957264957264968,21.16091109478325,-0.10336372765858004,-1.61761702681984,1.2343094172239748,-0.28298660712765517,-0.0674951546669682,-0.12918575308293645,-0.1119805975156518,-1.603009923340495,1.2563302652783401,-0.09510680884890975,-0.07669903939428206,-0.12885438618239387,,,,,,,,,,,,,
12179.049528888,12670509,884,883,1,0,19,64.61019699963799,-52,63,0.7909604519773978,-86.58940397350993,75.57986870897156,-42.03742203742203,4.957264957264968,20.94048493754592,-0.10336372765858004,-1.633090169121484,1.243605944992308,-0.36777651816199114,-0.0674951546669682,-0.13460596881323897,-0.1119805975156518,-1.603009923340495,1.2563302652783401,-0.16106798272799233,-0.07669903939428206,-0.12885438618239387,,,,,,,,,,,,,
12179.082534351,12670509,885,884,1,0,34,64.8107640008675,-52,63,0.7909604519773978,-87.25165562913907,75.57986870897156,-44.11642411642411,4.957264957264968,20.79353416605437,-0.10336372765858004,-1.6454686829627998,1.243605944992308,-0.406317386813962,-0.0674951546669682,-0.13821944596677443,-0.1119805975156518,-1.6045439041283807,1.2563302652783401,-0.22549517581918926,-0.07669903939428206,-0.12885438618239387,,,,,,,,,,,,,
12179.149568122,12670509,887,886,1,0,19,65.15102599951206,-52,63,0.7909604519773978,-88.57615894039735,75.57986870897156,-47.442827442827436,4.957264957264968,20.79353416605437,-0.10336372765858004,-1.670225710645431,1.243605944992308,-0.4679827766571154,-0.0674951546669682,-0.13821944596677443,-0.1119805975156518,-1.6168157504314657,1.2563302652783401,-0.29145634969827183,-0.07669903939428206,-0.12885438618239387,,,,,,,,,,,,,
12179.182697178,12670509,888,887,1,0,33,64.77462099974218,-52,63,0.7156308851224082,-89.15562913907284,75.57986870897156,-48.690228690228686,4.957264957264968,20.720058780308598,-0.10475095472890517,-1.6810569102565822,1.243605944992308,-0.49110729784829765,-0.0674951546669682,-0.14002618454354182,-0.1119805975156518,-1.6428934238255217,1.2563302652783401,-0.3466796580621549,-0.07669903939428206,-0.12885438618239387,,,,,,,,,,,,,
12179.249615186,12670509,890,889,1,0,19,65.08748699889111,-52,63,0.7156308851224082,-89.56953642384106,75.75492341356673,-50.35343035343035,4.957264957264968,20.720058780308598,-0.10475095472890517,-1.6887934814074044,1.2467047875817516,-0.5219399927698746,-0.0674951546669682,-0.14002618454354182,-0.1119805975156518,-1.662835174068035,1.2563302652783401,-0.4003689856381523,-0.07669903939428206,-0.12885438618239387,,,,,,,,,,,,,
12179.282704583,12670509,891,890,1,0,33,64.71869400047581,-52,63,0.7156308851224082,-89.56953642384106,75.84245076586433,-50.187110187110186,4.957264957264968,20.720058780308598,-0.10475095472890517,-1.6887934814074044,1.2482542088764739,-0.518856723277717,-0.0674951546669682,-0.14002618454354182,-0.1119805975156518,-1.6751070203711202,1.2563302652783401,-0.4433204476989503,-0.07669903939428206,-0.12885438618239387,,,,,,,,,,,,,
12179.34964918,12670509,893,892,1,0,19,64.9796689995128,-52,63,0.7156308851224082,-89.48675496688742,75.84245076586433,-48.357588357588355,4.957264957264968,20.720058780308598,-0.10475095472890517,-1.68724616717724,1.2482542088764739,-0.48494075886398275,-0.0674951546669682,-0.14002618454354182,-0.1119805975156518,-1.684310905098434,1.2563302652783401,-0.4740000634566631,-0.07669903939428206,-0.12885438618239387,,,,,,,,,,,,,
12179.382694756,12670509,894,893,1,0,33,64.62919199839234,-52,63,0.7156308851224082,-89.48675496688742,75.84245076586433,-46.943866943866944,4.957264957264968,20.720058780308598,-0.10475095472890517,-1.68724616717724,1.2482542088764739,-0.45873296818064235,-0.0674951546669682,-0.14002618454354182,-0.1119805975156518,-1.6858448858863198,1.2563302652783401,-0.4816699673960913,-0.07669903939428206,-0.12885438618239387,,,,,,,,,,,,,
12179.449604111,12670509,896,895,1,0,19,64.98415299938642,-52,63,0.7156308851224082,-89.6523178807947,75.84245076586433,-42.78586278586278,4.957264957264968,20.64658339456282,-0.10475095472890517,-1.6903407956375687,1.2482542088764739,-0.38165123087670066,-0.0674951546669682,-0.14183292312030954,-0.1119805975156518,-1.6858448858863198,1.2563302652783401,-0.47093210188089185,-0.07669903939428206,-0.12885438618239387,,,,,,,,,,,,,
12179.482694524,12670509,897,896,1,0,33,64.76927199946658,-52,63,0.7156308851224082,-90.06622516556291,75.84245076586433,-40.29106029106029,4.957264957264968,20.64658339456282,-0.10475095472890517,-1.6980773667883908,1.2482542088764739,-0.3354021884943359,-0.0674951546669682,-0.14183292312030954,-0.1119805975156518,-1.6858448858863198,1.2563302652783401,-0.44485442848683593,-0.07669903939428206,-0.12885438618239387,,,,,,,,,,,,,
12179.549649342,12670509,899,898,1,0,19,64.98322900006315,-52,63,0.7156308851224082,-90.23178807947019,75.75492341356673,-34.88565488565489,4.957264957264968,20.64658339456282,-0.10475095472890517,-1.70117199524872,1.2467047875817516,-0.23519592999921163,-0.0674951546669682,-0.14183292312030954,-0.1119805975156518,-1.6858448858863198,1.2563302652783401,-0.401902966426038,-0.07669903939428206,-0.12885438618239387,,,,,,,,,,,,,
12179.616091196,12670509,901,899,1,0,34,98.12428999975964,-52,63,0.7156308851224082,-90.31456953642385,75.57986870897156,-29.313929313929307,4.957264957264968,20.64658339456282,-0.10475095472890517,-1.7027193094788846,1.243605944992308,-0.13190640201192955,-0.0674951546669682,-0.14183292312030954,-0.1119805975156518,-1.6858448858863198,1.2563302652783401,-0.34821363885004053,-0.07669903939428206,-0.12885438618239387,,,,,,,,,,,,,
12179.649486172,12670509,902,901,1,0,19,64.90222200045537,-52,63,0.7156308851224082,-90.31456953642385,75.57986870897156,-26.569646569646565,4.957264957264968,20.64658339456282,-0.10475095472890517,-1.7027193094788846,1.243605944992308,-0.08103245539132824,-0.0674951546669682,-0.14183292312030954,-0.1119805975156518,-1.6950487706136335,1.2563302652783401,-0.28225246497095796,-0.07669903939428206,-0.12885438618239387,,,,,,,,,,,,,
12179.682740113,12670509,903,902,1,0,34,64.68089199915994,-53,63,0.7156308851224082,-90.31456953642385,75.57986870897156,-23.742203742203742,4.957264957264968,20.64658339456282,-0.10475095472890517,-1.7027193094788846,1.243605944992308,-0.02861687402464784,-0.0674951546669682,-0.14183292312030954,-0.1119805975156518,-1.6981167321894048,1.2563302652783401,-0.21322332951610412,-0.07669903939428206,-0.12885438618239387,,,,,,,,,,,,,
12179.716161973,12670509,904,904,1,0,13,31.414393999511958,-53,63,0.7156308851224082,-90.31456953642385,75.57986870897156,-21.16424116424116,4.957264957264968,20.64658339456282,-0.10475095472890517,-1.7027193094788846,1.243605944992308,0.019173803103795684,-0.0674951546669682,-0.14183292312030954,-0.1119805975156518,-1.6996507129772904,1.2563302652783401,-0.13959225169759334,-0.07669903939428206,-0.12885438618239387,,,,,,,,,,,,,
12179.7827389,12670509,906,904,1,0,12,31.414393999511958,-53,63,0.7156308851224082,-90.39735099337749,75.57986870897156,-15.592515592515582,4.957264957264968,20.64658339456282,-0.10475095472890517,-1.704266623709049,1.243605944992308,0.12246333109107774,-0.0674951546669682,-0.14183292312030954,-0.1119805975156518,-1.6996507129772904,1.2563302652783401,-0.0674951546669682,-0.07669903939428206,-0.12885438618239387,,,,,,,,,,,,,
12179.849662561,12670509,908,907,1,0,15,64.94092000139062,-53,63,0.7156308851224082,-90.39735099337749,75.57986870897156,-10.27027027027026,4.859584859584871,20.64658339456282,-0.10475095472890517,-1.704266623709049,1.243605944992308,0.22112795484012293,-0.07056311624273949,-0.14183292312030954,-0.1119805975156518,-1.6996507129772904,1.2563302652783401,-0.0046019423636569235,-0.07669903939428206,-0.12885438618239387,,,,,,,,,,,,,
12179.882699587,12670509,909,908,1,0,31,64.4701460005308,-53,63,0.7156308851224082,-90.39735099337749,75.57986870897156,-7.525987525987517,4.664224664224676,20.64658339456282,-0.10475095472890517,-1.704266623709049,1.243605944992308,0.27200190146072495,-0.07669903939428206,-0.14183292312030954,-0.1119805975156518,-1.6996507129772904,1.2563302652783401,0.07669903939428206,-0.07669903939428206,-0.12885438618239387,,,,,,,,,,,,,
12179.949528211,12670509,911,910,1,0,17,64.88166800045292,-53,63,0.7156308851224082,-90.39735099337749,75.40481400437636,-2.120582120582114,4.468864468864481,20.64658339456282,-0.10475095472890517,-1.704266623709049,1.2405071024028635,0.3722081599558489,-0.08283496254582462,-0.14183292312030954,-0.1119805975156518,-1.696582751401519,1.2563302652783401,0.15800002115222103,-0.07669903939428206,-0.12885438618239387,,,,,,,,,,,,,
12179.982704758,12670509,912,911,1,0,27,64.67635800072458,-53,63,0.7156308851224082,-90.39735099337749,75.22975929978116,0.5405405405405332,4.420024420024433,20.64658339456282,-0.10475095472890517,-1.704266623709049,1.2374082598134193,0.42154047183037147,-0.08436894333371027,-0.14183292312030954,-0.1119805975156518,-1.6873788666742053,1.2563302652783401,0.23623304133438874,-0.07669903939428206,-0.12885438618239387,,,,,,,,,,,,,
12180.049401406,12670509,914,913,1,0,11,64.68513700019685,-53,63,0.7156308851224082,-90.39735099337749,75.054704595186,5.613305613305613,4.420024420024433,20.64658339456282,-0.10475095472890517,-1.704266623709049,1.2343094172239748,0.5155801913411805,-0.08436894333371027,-0.14183292312030954,-0.1119805975156518,-1.688912847462091,1.2563302652783401,0.3144660615165564,-0.07669903939428206,-0.12885438618239387,,,,,,,,,,,,,
12180.082530901,12670509,915,914,1,0,33,64.56911699933698,-53,63,0.7156308851224082,-90.39735099337749,74.9671772428884,8.191268191268193,4.371184371184384,20.64658339456282,-0.10475095472890517,-1.704266623709049,1.2327599959292528,0.5633708684696244,-0.0859029241215959,-0.14183292312030954,-0.1119805975156518,-1.6950487706136335,1.2563302652783401,0.38809713933506723,-0.07669903939428206,-0.12885438618239387,,,,,,,,,,,,,
12180.149681753,12670509,917,916,1,0,4,65.25463999969361,-53,63,0.7156308851224082,-90.39735099337749,74.87964989059083,12.84823284823284,4.371184371184384,20.64658339456282,-0.10475095472890517,-1.704266623709049,1.2312105746345312,0.6497024142500384,-0.0859029241215959,-0.14183292312030954,-0.1119805975156518,-1.701184693765176,1.2563302652783401,0.461728217153578,-0.07669903939428206,-0.12885438618239387,,,,,,,,,,,,,
12180.182718438,12670509,918,917,1,0,31,64.63755900040269,-53,63,0.7156308851224082,-90.48013245033113,74.79212253829323,15.093555093555096,4.371184371184384,20.64658339456282,-0.10475095472890517,-1.705813937939213,1.229661153339809,0.6913265523941674,-0.0859029241215959,-0.14183292312030954,-0.1119805975156518,-1.6981167321894048,1.2563302652783401,0.5246214294568893,-0.07669903939428206,-0.12885438618239387,,,,,,,,,,,,,
12180.249606647,12670509,920,919,1,0,17,64.95149199872685,-53,63,0.7156308851224082,-90.48013245033113,74.79212253829323,19.334719334719324,4.371184371184384,20.64658339456282,-0.10475095472890517,-1.705813937939213,1.229661153339809,0.7699499244441877,-0.0859029241215959,-0.14183292312030954,-0.1119805975156518,-1.696582751401519,1.2563302652783401,0.5936505649117432,-0.07669903939428206,-0.12885438618239387,,,,,,,,,,,,,
12180.282683838,12670509,921,920,1,0,36,64.71123700066528,-53,63,0.6403013182674187,-90.48013245033113,74.79212253829323,21.41372141372142,4.371184371184384,20.64658339456282,-0.10613818179923028,-1.705813937939213,1.229661153339809,0.8084907930961587,-0.0859029241215959,-0.14183292312030954,-0.1119805975156518,-1.696582751401519,1.2563302652783401,0.6611457195787114,-0.07669903939428206,-0.12885438618239387,,,,,,,,,,,,,
12180.316077381,12670509,922,922,1,0,18,31.40188500037766,-53,63,0.5649717514124291,-90.48013245033113,74.79212253829323,23.57588357588358,4.371184371184384,20.64658339456282,-0.10752540886955575,-1.705813937939213,1.229661153339809,0.8485732964942089,-0.0859029241215959,-0.14183292312030954,-0.1119805975156518,-1.696582751401519,1.2563302652783401,0.7240389318820226,-0.07669903939428206,-0.12885438618239387,,,,,,,,,,,,,
12180.382674709,12670509,924,923,1,0,34,64.73116600136564,-53,63,0.4896421845574537,-90.48013245033113,74.79212253829323,27.401247401247403,4.371184371184384,20.64658339456282,-0.10891263593988053,-1.705813937939213,1.229661153339809,0.919488494813835,-0.0859029241215959,-0.14183292312030954,-0.1119805975156518,-1.696582751401519,1.2563302652783401,0.786932144185334,-0.07669903939428206,-0.12885438618239387,,,,,,,,,,,,,
12180.449693411,12670509,926,925,1,0,13,65.07257799967192,-53,63,0.41431261770243566,-90.48013245033113,74.70459518599563,29.896049896049902,4.371184371184384,20.64658339456282,-0.11029986301020633,-1.705813937939213,1.228111732045087,0.9657375371962001,-0.0859029241215959,-0.14183292312030954,-0.1119805975156518,-1.696582751401519,1.2563302652783401,0.8436894333371027,-0.07669903939428206,-0.12885438618239387,,,,,,,,,,,,,
12180.483036846,12670509,927,926,1,0,29,64.9620740005048,-53,63,0.41431261770243566,-90.48013245033113,74.70459518599563,31.226611226611226,4.371184371184384,20.64658339456282,-0.11029986301020633,-1.705813937939213,1.228111732045087,0.9904036931334611,-0.0859029241215959,-0.14183292312030954,-0.1119805975156518,-1.696582751401519,1.2563302652783401,0.8927768185494431,-0.07669903939428206,-0.12885438618239387,,,,,,,,,,,,,
12180.549629822,12670509,929,928,1,0,19,64.6007470004406,-53,63,0.41431261770243566,-90.48013245033113,74.70459518599563,33.05613305613306,4.371184371184384,20.573108008817044,-0.11029986301020633,-1.705813937939213,1.228111732045087,1.0243196575471958,-0.0859029241215959,-0.14363966169707693,-0.1119805975156518,-1.696582751401519,1.2563302652783401,0.9357282806102412,-0.07669903939428206,-0.12885438618239387,,,,,,,,,,,,,
12180.582972787,12670509,930,929,1,0,32,64.82159200095339,-53,63,0.41431261770243566,-90.48013245033113,74.70459518599563,33.55509355509355,4.371184371184384,20.573108008817044,-0.11029986301020633,-1.705813937939213,1.228111732045087,1.033569466023668,-0.0859029241215959,-0.14363966169707693,-0.1119805975156518,-1.6981167321894048,1.2563302652783401,0.9740778003073821,-0.07669903939428206,-0.12885438618239387,,,,,,,,,,,,,
12180.616078477,12670509,931,931,1,0,18,31.150029000855284,-53,63,0.33898305084744607,-90.48013245033113,74.70459518599563,33.804573804573806,4.371184371184384,20.573108008817044,-0.11168709008053146,-1.705813937939213,1.228111732045087,1.038194370261905,-0.0859029241215959,-0.14363966169707693,-0.1119805975156518,-1.696582751401519,1.2563302652783401,1.004757416065095,-0.07669903939428206,-0.12885438618239387,,,,,,,,,,,,,
12180.682696523,12670509,933,932,1,0,33,64.7611419990426,-53,63,0.2636534839924707,-90.48013245033113,74.70459518599563,33.804573804573806,4.371184371184384,20.49963262307127,-0.11307431715085624,-1.705813937939213,1.228111732045087,1.038194370261905,-0.0859029241215959,-0.14544640027384467,-0.1119805975156518,-1.696582751401519,1.2563302652783401,1.026233147095494,-0.07669903939428206,-0.12885438618239387,,,,,,,,,,,,,
12180.749457876,12670509,935,934,1,0,19,64.92377500035218,-53,63,0.2636534839924707,-90.48013245033113,74.70459518599563,33.804573804573806,4.371184371184384,20.49963262307127,-0.11307431715085624,-1.705813937939213,1.228111732045087,1.038194370261905,-0.0859029241215959,-0.14544640027384467,-0.1119805975156518,-1.696582751401519,1.2563302652783401,1.0354370318228079,-0.07669903939428206,-0.13345632854605077,,,,,,,,,,,,,
12180.782667266,12670509,936,935,1,0,37,64.98351899972477,-53,63,0.2636534839924707,-90.48013245033113,74.70459518599563,33.804573804573806,4.371184371184384,20.426157237325494,-0.11307431715085624,-1.705813937939213,1.228111732045087,1.038194370261905,-0.0859029241215959,-0.14725313885061242,-0.1119805975156518,-1.696582751401519,1.2563302652783401,1.0354370318228079,-0.07669903939428206,-0.1380582709097077,,,,,,,,,,,,,
12180.849457385,12670509,938,937,1,0,19,64.9794529999781,-51,63,0.41431261770243566,-90.48013245033113,74.70459518599563,33.8877338877339,4.615384615384627,19.76487876561352,-0.11029986301020633,-1.705813937939213,1.228111732045087,1.0397360050079838,-0.0782330201821677,-0.16351378604152061,-0.1119805975156518,-1.6996507129772904,1.2563302652783401,1.0354370318228079,-0.07669903939428206,-0.13959225169759334,,,,,,,,,,,,,
12180.882694236,12670509,939,938,1,0,35,64.9485679987265,-51,63,0.41431261770243566,-90.48013245033113,74.70459518599563,33.8877338877339,4.713064713064725,18.589272593681116,-0.11029986301020633,-1.705813937939213,1.228111732045087,1.0397360050079838,-0.07516505860639641,-0.19242160326980193,-0.1119805975156518,-1.7027186745530618,1.2563302652783401,1.0354370318228079,-0.07669903939428206,-0.14572817484913592,,,,,,,,,,,,,
12180.949511092,12670509,941,940,1,0,19,65.14455399883445,-51,63,0.41431261770243566,-90.48013245033113,74.70459518599563,33.8877338877339,4.859584859584871,14.988978692138133,-0.11029986301020633,-1.705813937939213,1.228111732045087,1.0397360050079838,-0.07056311624273949,-0.28095179353141364,-0.1119805975156518,-1.705786636128833,1.2563302652783401,1.0354370318228079,-0.07669903939428206,-0.16106798272799233,,,,,,,,,,,,,
12180.982891141,12670509,942,941,1,0,32,65.1170250002906,-51,63,0.41431261770243566,-90.48013245033113,74.70459518599563,33.8877338877339,4.859584859584871,12.564290962527553,-0.11029986301020633,-1.705813937939213,1.228111732045087,1.0397360050079838,-0.07056311624273949,-0.34057416656474365,-0.1119805975156518,-1.7073206169167185,1.2563302652783401,1.0354370318228079,-0.07669903939428206,-0.1932815792735908,,,,,,,,,,,,,
12181.049423254,12670509,944,942,1,0,47,98.04094799983432,-51,63,0.33898305084744607,-90.48013245033113,74.70459518599563,33.8877338877339,4.908424908424919,8.523144746509919,-0.11168709008053146,-1.705813937939213,1.228111732045087,1.0397360050079838,-0.06902913545485385,-0.43994478828696104,-0.1119805975156518,-1.7073206169167185,1.2563302652783401,1.0354370318228079,-0.07669903939428206,-0.24697090684958822,,,,,,,,,,,,,
12181.082779508,12670509,945,944,1,0,31,64.84863399964524,-51,63,0.2636534839924707,-90.48013245033113,74.70459518599563,33.8877338877339,4.957264957264968,6.465833945628215,-0.11307431715085624,-1.705813937939213,1.228111732045087,1.0397360050079838,-0.0674951546669682,-0.49053346843645346,-0.1119805975156518,-1.7073206169167185,1.2563302652783401,1.0354370318228079,-0.07669903939428206,-0.2945243112740431,,,,,,,,,,,,,
12181.149503458,12670509,947,946,1,0,13,64.75203099944338,-51,63,0.2636534839924707,-90.39735099337749,74.61706783369803,33.8877338877339,5.006105006105017,3.673769287288758,-0.11307431715085624,-1.704266623709049,1.2265623107503647,1.0397360050079838,-0.06596117387908257,-0.5591895343536214,-0.1119805975156518,-1.7073206169167185,1.2563302652783401,1.0354370318228079,-0.07669903939428206,-0.3666214083046682,,,,,,,,,,,,,
12181.182724138,12670509,948,947,1,0,36,64.72966599903884,-51,63,0.2636534839924707,-90.39735099337749,74.61706783369803,33.804573804573806,5.006105006105017,3.159441587068332,-0.11307431715085624,-1.704266623709049,1.2265623107503647,1.038194370261905,-0.06596117387908257,-0.5718367043909945,-0.1119805975156518,-1.7073206169167185,1.2563302652783401,1.0354370318228079,-0.07669903939428206,-0.4387185053352934,,,,,,,,,,,,,
12181.249510897,12670509,950,949,1,0,19,64.82618500012904,-51,63,0.2636534839924707,-90.39735099337749,74.61706783369803,33.804573804573806,5.006105006105017,3.526818515797208,-0.11307431715085624,-1.704266623709049,1.2265623107503647,1.038194370261905,-0.06596117387908257,-0.5628030115071565,-0.1119805975156518,-1.7073206169167185,1.2563302652783401,1.0354370318228079,-0.07669903939428206,-0.4954757944870621,,,,,,,,,,,,,
12181.282698046,12670509,951,950,1,0,29,64.90916199982166,-51,63,0.2636534839924707,-90.39735099337749,74.61706783369803,33.804573804573806,5.006105006105017,3.9676708302718593,-0.11307431715085624,-1.704266623709049,1.2265623107503647,1.038194370261905,-0.06596117387908257,-0.5519625800465512,-0.1119805975156518,-1.7073206169167185,1.2563302652783401,1.0354370318228079,-0.07669903939428206,-0.5292233718205462,,,,,,,,,,,,,
12181.34968638,12670509,953,952,1,0,19,65.00795299871243,-51,63,0.2636534839924707,-90.39735099337749,74.61706783369803,33.804573804573806,5.006105006105017,5.363703159441587,-0.11307431715085624,-1.704266623709049,1.2265623107503647,1.038194370261905,-0.06596117387908257,-0.517634547087967,-0.1119805975156518,-1.7088545977046044,1.2563302652783401,1.0354370318228079,-0.07669903939428206,-0.5384272565478601,,,,,,,,,,,,,
12181.382700154,12670509,954,953,1,0,34,64.80016899877228,-51,63,0.33898305084744607,-90.39735099337749,74.61706783369803,33.804573804573806,5.006105006105017,6.318883174136664,-0.11168709008053146,-1.704266623709049,1.2265623107503647,1.038194370261905,-0.06596117387908257,-0.49414694558998856,-0.1119805975156518,-1.7088545977046044,1.2563302652783401,1.0354370318228079,-0.07669903939428206,-0.5384272565478601,,,,,,,,,,,,,
12181.449694714,12670509,956,955,1,0,17,65.03783399966778,-51,63,0.33898305084744607,-90.39735099337749,74.61706783369803,33.804573804573806,4.957264957264968,9.40484937545922,-0.11168709008053146,-1.704266623709049,1.2265623107503647,1.038194370261905,-0.0674951546669682,-0.41826392536574997,-0.1119805975156518,-1.7088545977046044,1.2563302652783401,1.0354370318228079,-0.07669903939428206,-0.526155410244775,,,,,,,,,,,,,
12181.483014202,12670509,957,956,1,0,38,65.06226599958609,-51,63,0.4896421845574537,-90.56291390728477,74.61706783369803,33.8877338877339,4.761904761904773,11.5356355620867,-0.10891263593988053,-1.7073612521693777,1.2265623107503647,1.0397360050079838,-0.07363107781851078,-0.36586850663948983,-0.1119805975156518,-1.7088545977046044,1.2563302652783401,1.0354370318228079,-0.07669903939428206,-0.4954757944870621,,,,,,,,,,,,,
12181.549756527,12670509,959,958,1,0,19,64.7822279988759,-51,63,0.5649717514124291,-91.63907284768212,74.70459518599563,34.13721413721413,4.420024420024433,16.531961792799414,-0.10752540886955575,-1.7274763371615156,1.228111732045087,1.0443609092462198,-0.08436894333371027,-0.24301028341929398,-0.1119805975156518,-1.7088545977046044,1.2563302652783401,1.0354370318228079,-0.07669903939428206,-0.44945637085049284,,,,,,,,,,,,,
12181.583028966,12670509,960,959,1,0,33,64.75827500071318,-51,63,0.5649717514124291,-92.30132450331126,74.70459518599563,34.469854469854454,4.371184371184384,19.47097722263042,-0.10752540886955575,-1.739854851002831,1.228111732045087,1.0505274482305356,-0.0859029241215959,-0.17074074034859085,-0.1119805975156518,-1.7088545977046044,1.2563302652783401,1.0354370318228079,-0.07669903939428206,-0.3911651009108385,,,,,,,,,,,,,
12181.649477085,12670509,962,961,1,0,19,64.48794999960228,-51,63,0.4896421845574537,-93.54304635761589,74.70459518599563,34.71933471933474,4.371184371184384,25.20205731080088,-0.10891263593988053,-1.763064564455298,1.228111732045087,1.0551523524687723,-0.0859029241215959,-0.029815131360719407,-0.1119805975156518,-1.71038857849249,1.2563302652783401,1.0369710126106935,-0.07669903939428206,-0.3144660615165564,,,,,,,,,,,,,
12181.682703224,12670509,963,962,1,0,33,64.29643899900839,-51,63,0.41431261770243566,-93.95695364238411,74.70459518599563,34.71933471933474,4.371184371184384,27.47979426891991,-0.11029986301020633,-1.7708011356061202,1.228111732045087,1.0551523524687723,-0.0859029241215959,0.0261937645190755,-0.1119805975156518,-1.7241944055834606,1.2563302652783401,1.0461748973380072,-0.07669903939428206,-0.23316507975861744,,,,,,,,,,,,,
12181.749381936,12670509,965,964,1,0,19,64.89885200062417,-51,63,0.41431261770243566,-94.12251655629139,74.70459518599563,34.802494802494806,4.322344322344335,31.961792799412198,-0.11029986301020633,-1.773895764066449,1.228111732045087,1.056693987214851,-0.08743690490948154,0.13640481770189825,-0.1119805975156518,-1.748738098189631,1.2563302652783401,1.05231082048955,-0.07669903939428206,-0.14572817484913592,,,,,,,,,,,,,
12181.782647342,12670509,966,965,1,0,37,64.99900299968431,-51,63,0.5649717514124291,-94.20529801324503,74.70459518599563,34.802494802494806,4.322344322344335,33.57825128581925,-0.10752540886955575,-1.7754430782966133,1.228111732045087,1.056693987214851,-0.08743690490948154,0.17615306639078562,-0.1119805975156518,-1.7686798484321442,1.2563302652783401,1.05231082048955,-0.07669903939428206,-0.059825250727540004,,,,,,,,,,,,,
12181.849471551,12670509,968,967,1,0,19,65.06793900007324,-51,63,0.6403013182674187,-94.20529801324503,74.79212253829323,34.802494802494806,4.322344322344335,35.12123438648052,-0.10613818179923028,-1.7754430782966133,1.229661153339809,1.056693987214851,-0.08743690490948154,0.2140945765029046,-0.1119805975156518,-1.77021382922003,1.2563302652783401,1.05231082048955,-0.07669903939428206,0.023009711818284616,,,,,,,,,,,,,
12181.882590218,12670509,969,968,1,0,38,65.00044200038246,-51,63,0.6403013182674187,-94.20529801324503,74.79212253829323,34.802494802494806,4.322344322344335,35.04775900073475,-0.10613818179923028,-1.7754430782966133,1.229661153339809,1.056693987214851,-0.08743690490948154,0.21228783792613684,-0.1119805975156518,-1.765611886856373,1.2563302652783401,1.0538448012774355,-0.07669903939428206,0.0966407896367954,,,,,,,,,,,,,
12181.949361248,12670509,971,970,1,0,19,65.10851299935894,-51,63,0.6403013182674187,-94.28807947019868,74.70459518599563,34.802494802494806,4.322344322344335,34.6069066862601,-0.10613818179923028,-1.7769903925267778,1.228111732045087,1.056693987214851,-0.08743690490948154,0.20144740646553183,-0.1119805975156518,-1.7686798484321442,1.2563302652783401,1.0538448012774355,-0.07669903939428206,0.14419419406125028,,,,,,,,,,,,,
12181.982734751,12670509,972,971,1,0,35,65.12222600031237,-51,63,0.6403013182674187,-94.28807947019868,74.70459518599563,34.802494802494806,4.615384615384627,34.23952975753123,-0.10613818179923028,-1.7769903925267778,1.228111732045087,1.056693987214851,-0.0782330201821677,0.19241371358169385,-0.1119805975156518,-1.77021382922003,1.2563302652783401,1.0538448012774355,-0.07669903939428206,0.1718058482431918,,,,,,,,,,,,,
12182.049408626,12670509,974,973,1,0,19,64.63420100044459,-51,63,0.5649717514124291,-94.28807947019868,74.70459518599563,34.802494802494806,4.859584859584871,32.62307127112417,-0.10752540886955575,-1.7769903925267778,1.228111732045087,1.056693987214851,-0.07056311624273949,0.15266546489280647,-0.1119805975156518,-1.77021382922003,1.2563302652783401,1.0538448012774355,-0.07669903939428206,0.17794177139473438,,,,,,,,,,,,,
12182.08269761,12670509,975,974,1,0,33,64.81302899919683,-51,63,0.4896421845574537,-94.28807947019868,74.70459518599563,34.802494802494806,4.908424908424919,31.300514327700217,-0.10891263593988053,-1.7769903925267778,1.228111732045087,1.056693987214851,-0.06902913545485385,0.12014417051099004,-0.1119805975156518,-1.77021382922003,1.2563302652783401,1.0538448012774355,-0.07669903939428206,0.17640779060684875,,,,,,,,,,,,,
12182.149634696,12670509,977,976,1,0,19,64.96972599961737,-51,63,0.5649717514124291,-94.45364238410596,74.70459518599563,34.802494802494806,4.908424908424919,27.406318883174137,-0.10752540886955575,-1.780085020987107,1.228111732045087,1.056693987214851,-0.06902913545485385,0.02438702594230846,-0.1119805975156518,-1.77021382922003,1.2563302652783401,1.0538448012774355,-0.07669903939428206,0.1564660403643354,,,,,,,,,,,,,
12182.182688046,12670509,978,977,1,0,37,64.84930599981453,-51,63,0.6403013182674187,-94.5364238410596,74.70459518599563,34.802494802494806,4.908424908424919,24.90815576781778,-0.10613818179923028,-1.7816323352172712,1.228111732045087,1.056693987214851,-0.06902913545485385,-0.037042085667789645,-0.1119805975156518,-1.77021382922003,1.2563302652783401,1.0538448012774355,-0.07669903939428206,0.12118448224296566,,,,,,,,,,,,,
12182.249439625,12670509,980,979,1,0,13,64.73559100049897,-51,63,0.6403013182674187,-94.78476821192054,74.70459518599563,34.636174636174644,4.908424908424919,19.324026451138867,-0.10613818179923028,-1.7862742779077647,1.228111732045087,1.0536107177226937,-0.06902913545485385,-0.17435421750212599,-0.1119805975156518,-1.77021382922003,1.2563302652783401,1.0538448012774355,-0.07669903939428206,0.07669903939428206,,,,,,,,,,,,,
12182.316164717,12670509,982,980,1,0,35,98.11790999992809,-51,63,0.6403013182674187,-94.78476821192054,74.70459518599563,34.220374220374225,4.908424908424919,13.445995591476855,-0.10613818179923028,-1.7862742779077647,1.228111732045087,1.0459025439922993,-0.06902913545485385,-0.3188933036435329,-0.1119805975156518,-1.77021382922003,1.2563302652783401,1.0538448012774355,-0.07669903939428206,0.006135923151542565,,,,,,,,,,,,,
12182.349593546,12670509,983,982,1,0,15,64.96641800004,-51,63,0.6403013182674187,-94.78476821192054,74.70459518599563,34.220374220374225,4.957264957264968,10.580455547391624,-0.10613818179923028,-1.7862742779077647,1.228111732045087,1.0459025439922993,-0.0674951546669682,-0.3893561081374686,-0.1119805975156518,-1.7717478100079156,1.2563302652783401,1.0538448012774355,-0.07669903939428206,-0.07056311624273949,,,,,,,,,,,,,
12182.382791257,12670509,984,983,1,0,33,64.64510899968445,-51,63,0.6403013182674187,-94.78476821192054,74.70459518599563,34.220374220374225,4.957264957264968,7.861866274797942,-0.10613818179923028,-1.7862742779077647,1.228111732045087,1.0459025439922993,-0.0674951546669682,-0.45620543547786924,-0.1119805975156518,-1.7778837331594581,1.2563302652783401,1.0538448012774355,-0.07669903939428206,-0.1349903093339364,,,,,,,,,,,,,
12182.449292123,12670509,986,985,1,0,19,64.42975499885506,-51,63,0.6403013182674187,-94.78476821192054,74.70459518599563,33.97089397089397,4.957264957264968,3.306392358559882,-0.10613818179923028,-1.7862742779077647,1.228111732045087,1.0412776397540624,-0.0674951546669682,-0.5682232272374594,-0.1119805975156518,-1.782485675523115,1.2563302652783401,1.0538448012774355,-0.07669903939428206,-0.2193592526676467,,,,,,,,,,,,,
12182.482718571,12670509,987,986,1,0,34,64.8156299994298,-51,63,0.6403013182674187,-94.78476821192054,74.70459518599563,33.8877338877339,4.957264957264968,1.836884643644379,-0.10613818179923028,-1.7862742779077647,1.228111732045087,1.0397360050079838,-0.0674951546669682,-0.6043579987728109,-0.1119805975156518,-1.782485675523115,1.2563302652783401,1.0538448012774355,-0.07669903939428206,-0.3129320807286708,,,,,,,,,,,,,
12182.549631799,12670509,989,988,1,0,15,64.9836669999786,-51,63,0.6403013182674187,-94.78476821192054,74.70459518599563,33.8877338877339,4.957264957264968,1.6899338721528288,-0.10613818179923028,-1.7862742779077647,1.228111732045087,1.0397360050079838,-0.0674951546669682,-0.6079714759263465,-0.1119805975156518,-1.782485675523115,1.2563302652783401,1.0538448012774355,-0.07669903939428206,-0.4049709280018093,,,,,,,,,,,,,
12182.582696433,12670509,990,989,1,0,31,64.4684610015247,-51,63,0.6403013182674187,-94.86754966887418,74.70459518599563,33.8877338877339,4.957264957264968,2.351212343864805,-0.10613818179923028,-1.7878215921379292,1.228111732045087,1.0397360050079838,-0.0674951546669682,-0.5917108287354382,-0.1119805975156518,-1.782485675523115,1.2563302652783401,1.0538448012774355,-0.07669903939428206,-0.48473792897186263,,,,,,,,,,,,,
12182.649427242,12670509,992,991,1,0,19,64.78127000082168,-51,63,0.6403013182674187,-94.86754966887418,74.70459518599563,33.8877338877339,4.957264957264968,3.2329169728141074,-0.10613818179923028,-1.7878215921379292,1.228111732045087,1.0397360050079838,-0.0674951546669682,-0.5700299658142272,-0.1119805975156518,-1.782485675523115,1.2563302652783401,1.0538448012774355,-0.07669903939428206,-0.5338253141842031,,,,,,,,,,,,,
12182.682599888,12670509,993,992,1,0,33,65.02700499913772,-51,63,0.6403013182674187,-94.86754966887418,74.70459518599563,33.8877338877339,4.957264957264968,3.6002939015429827,-0.10613818179923028,-1.7878215921379292,1.228111732045087,1.0397360050079838,-0.0674951546669682,-0.5609962729303891,-0.1119805975156518,-1.782485675523115,1.2563302652783401,1.0538448012774355,-0.07669903939428206,-0.5506991028509451,,,,,,,,,,,,,
12182.749403041,12670509,995,994,1,0,15,65.12979800027097,-51,63,0.6403013182674187,-94.86754966887418,74.61706783369803,33.8877338877339,4.957264957264968,3.673769287288758,-0.10613818179923028,-1.7878215921379292,1.2265623107503647,1.0397360050079838,-0.0674951546669682,-0.5591895343536214,-0.1119805975156518,-1.782485675523115,1.2563302652783401,1.0538448012774355,-0.07669903939428206,-0.5522330836388308,,,,,,,,,,,,,
12182.816037333,12670509,997,995,1,0,33,98.49091099931684,-51,63,0.6403013182674187,-95.03311258278146,74.52954048140043,33.804573804573806,4.957264957264968,3.673769287288758,-0.10613818179923028,-1.790916220598258,1.2250128894556418,1.038194370261905,-0.0674951546669682,-0.5591895343536214,-0.1119805975156518,-1.782485675523115,1.2563302652783401,1.0538448012774355,-0.07669903939428206,-0.5522330836388308,,,,,,,,,,,,,
12182.849391717,12670509,998,997,1,0,19,65.22734399914043,-51,63,0.6403013182674187,-95.03311258278146,74.44201312910283,33.804573804573806,4.957264957264968,3.673769287288758,-0.10613818179923028,-1.790916220598258,1.2234634681609196,1.038194370261905,-0.0674951546669682,-0.5591895343536214,-0.1119805975156518,-1.782485675523115,1.2563302652783401,1.0538448012774355,-0.07669903939428206,-0.5522330836388308,,,,,,,,,,,,,
12182.882535304,12670509,999,998,1,0,38,64.75068899999314,-51,63,0.6403013182674187,-95.19867549668874,74.26695842450766,33.72141372141374,4.957264957264968,3.673769287288758,-0.10613818179923028,-1.7940108490585869,1.220364625571476,1.0366527355158264,-0.0674951546669682,-0.5591895343536214,-0.1119805975156518,-1.782485675523115,1.2563302652783401,1.0538448012774355,-0.07669903939428206,-0.5522330836388308,,,,,,,,,,,,,
12182.949318476,12670509,1001,1000,1,0,14,65.02563399953942,-51,63,0.6403013182674187,-96.1092715231788,72.69146608315097,33.72141372141374,4.957264957264968,3.673769287288758,-0.10613818179923028,-1.811031305590396,1.1924750422664774,1.0366527355158264,-0.0674951546669682,-0.5591895343536214,-0.1119805975156518,-1.782485675523115,1.2563302652783401,1.0538448012774355,-0.07669903939428206,-0.5522330836388308,,,,,,,,,,,,,
12182.982611174,12670509,1002,1001,1,0,35,64.90417100030754,-51,63,0.6403013182674187,-96.8543046357616,71.37855579868707,33.72141372141374,4.908424908424919,3.673769287288758,-0.10613818179923028,-1.8249571336618757,1.1692337228456453,1.0366527355158264,-0.06902913545485385,-0.5591895343536214,-0.1119805975156518,-1.782485675523115,1.2563302652783401,1.0538448012774355,-0.07669903939428206,-0.5522330836388308,,,,,,,,,,,,,
12183.04941956,12670509,1004,1003,1,0,19,65.15472300088732,-51,63,0.6403013182674187,-97.76490066225166,68.05251641137855,33.72141372141374,4.908424908424919,3.673769287288758,-0.10613818179923028,-1.8419775901936848,1.1103557136462043,1.0366527355158264,-0.06902913545485385,-0.5591895343536214,-0.1119805975156518,-1.7855536370988863,1.248660361338912,1.0538448012774355,-0.07669903939428206,-0.5522330836388308,,,,,,,,,,,,,
12183.082533347,12670509,1005,1004,1,0,34,64.88747900039016,-60,63,0.6403013182674187,-97.93046357615894,66.03938730853392,33.72141372141374,4.859584859584871,3.673769287288758,-0.10613818179923028,-1.8450722186540136,1.0747190238675963,1.0366527355158264,-0.07056311624273949,-0.5591895343536214,-0.1119805975156518,-1.8008934449777427,1.2287186110963986,1.0538448012774355,-0.07669903939428206,-0.5522330836388308,,,,,,,,,,,,,
12183.14935141,12670509,1007,1006,1,0,15,64.9879909997253,-60,63,0.6403013182674187,-98.17880794701986,61.83807439824943,33.72141372141374,4.761904761904773,3.673769287288758,-0.10613818179923028,-1.8497141613445072,1.0003468017209336,1.0366527355158264,-0.07363107781851078,-0.5591895343536214,-0.11044661672776616,-1.8300390799475699,1.1980389953386859,1.0538448012774355,-0.07669903939428206,-0.5522330836388308,,,,,,,,,,,,,
12183.182703263,12670509,1008,1007,1,0,34,64.72477000170329,-60,63,0.6403013182674187,-98.17880794701986,59.562363238512035,33.72141372141374,4.761904761904773,3.673769287288758,-0.10613818179923028,-1.8497141613445072,0.9600618480581583,1.0366527355158264,-0.07363107781851078,-0.5591895343536214,-0.1119805975156518,-1.8407769454627694,1.1550875332778878,1.0538448012774355,-0.07669903939428206,-0.5522330836388308,,,,,,,,,,,,,
12183.249635064,12670509,1010,1009,1,0,19,64.97095600025204,-60,63,0.6403013182674187,-98.26158940397352,54.660831509846815,33.72141372141374,4.859584859584871,3.673769287288758,-0.10613818179923028,-1.8512614755746717,0.8732942555537195,1.0366527355158264,-0.07056311624273949,-0.5591895343536214,-0.1119805975156518,-1.8453788878264263,1.1044661672776617,1.0538448012774355,-0.07669903939428206,-0.5522330836388308,,,,,,,,,,,,,
12183.549693978,12670509,1019,1018,1,0,19,64.66315200123063,-60,63,0.6403013182674187,-98.34437086092716,36.105032822757124,33.8877338877339,4.859584859584871,3.673769287288758,-0.10613818179923028,-1.852808789804836,0.5448169410726286,1.0397360050079838,-0.07056311624273949,-0.5591895343536214,-0.1119805975156518,-1.8499808301900833,0.7424467013366504,1.0538448012774355,-0.07669903939428206,-0.5522330836388308,,,,,,,,,,,,,
12183.582959687,12670509,1020,1019,1,0,33,64.88901100055955,-60,63,0.6403013182674187,-98.4271523178808,34.26695842450766,34.13721413721413,4.859584859584871,3.673769287288758,-0.10613818179923028,-1.8543561040350003,0.5122790938834642,1.0443609092462198,-0.07056311624273949,-0.5591895343536214,-0.1119805975156518,-1.8499808301900833,0.6887573737606529,1.0538448012774355,-0.07669903939428206,-0.5522330836388308,,,,,,,,,,,,,
12183.616025724,12670509,1021,1021,1,0,18,31.08523300033994,-60,63,0.6403013182674187,-98.50993377483444,32.341356673960604,34.469854469854454,4.859584859584871,3.673769287288758,-0.10613818179923028,-1.8559034182651648,0.4781918253995768,1.0505274482305356,-0.07056311624273949,-0.5591895343536214,-0.1119805975156518,-1.8499808301900833,0.6335340653967698,1.0538448012774355,-0.07669903939428206,-0.5522330836388308,,,,,,,,,,,,,
12183.682693957,12670509,1023,1022,1,0,33,64.88833799994609,-60,63,0.5649717514124291,-98.50993377483444,28.315098468271344,34.802494802494806,4.859584859584871,3.673769287288758,-0.10752540886955575,-1.8559034182651648,0.40691844584235914,1.056693987214851,-0.07056311624273949,-0.5591895343536214,-0.1119805975156518,-1.8499808301900833,0.5798447378207724,1.0538448012774355,-0.07669903939428206,-0.5522330836388308,,,,,,,,,,,,,
12183.749758849,12670509,1025,1024,1,0,19,65.11173200124176,-60,63,0.33898305084744607,-98.50993377483444,24.20131291028447,34.802494802494806,4.859584859584871,3.673769287288758,-0.11168709008053146,-1.8559034182651648,0.3340956449904193,1.056693987214851,-0.07056311624273949,-0.5591895343536214,-0.1119805975156518,-1.8499808301900833,0.5246214294568893,1.0538448012774355,-0.07669903939428206,-0.5522330836388308,,,,,,,,,,,,,
12183.782698714,12670509,1026,1025,1,0,33,64.72030799886852,-60,63,0.1883239171374811,-98.50993377483444,22.188183807439827,34.802494802494806,4.859584859584871,3.673769287288758,-0.1144615442211817,-1.8559034182651648,0.29845895521181054,1.056693987214851,-0.07056311624273949,-0.5591895343536214,-0.1119805975156518,-1.8499808301900833,0.4693981210930062,1.0538448012774355,-0.07669903939428206,-0.5522330836388308,,,,,,,,,,,,,
12183.849780626,12670509,1028,1027,1,0,15,65.13366400031373,-60,63,0.1129943502824915,-98.50993377483444,18.42450765864332,34.802494802494806,4.859584859584871,3.673769287288758,-0.11584877129150682,-1.8559034182651648,0.23183383953875875,1.056693987214851,-0.07056311624273949,-0.5591895343536214,-0.1119805975156518,-1.8499808301900833,0.4111068511533518,1.0538448012774355,-0.07669903939428206,-0.5522330836388308,,,,,,,,,,,,,
12183.882989634,12670509,1029,1028,1,0,32,65.00826699993922,-60,63,0.0376647834275019,-98.50993377483444,16.411378555798677,34.802494802494806,4.859584859584871,3.673769287288758,-0.11723599836183193,-1.8559034182651648,0.19619714976014993,1.056693987214851,-0.07056311624273949,-0.5591895343536214,-0.1119805975156518,-1.8499808301900833,0.3574175235773544,1.0538448012774355,-0.07669903939428206,-0.5522330836388308,,,,,,,,,,,,,
12183.949635669,12670509,1031,1030,1,0,15,64.66268700023647,-60,63,0.0376647834275019,-98.50993377483444,12.385120350109418,34.8856548856549,4.859584859584871,3.673769287288758,-0.11723599836183193,-1.8559034182651648,0.12492377020293231,1.0582356219609297,-0.07056311624273949,-0.5591895343536214,-0.1119805975156518,-1.8499808301900833,0.3021942152134713,1.0538448012774355,-0.07669903939428206,-0.5522330836388308,,,,,,,,,,,,,
12183.98303194,12670509,1032,1031,1,0,32,64.89646200134302,-60,63,-0.03766478342748769,-98.50993377483444,10.371991247264774,34.8856548856549,4.859584859584871,3.673769287288758,-0.11862322543215706,-1.8559034182651648,0.0892870804243235,1.0582356219609297,-0.07056311624273949,-0.5591895343536214,-0.1119805975156518,-1.8515148109779689,0.24850488763747386,1.0538448012774355,-0.07669903939428206,-0.5522330836388308,,,,,,,,,,,,,
12184.049699461,12670509,1034,1033,1,0,15,64.66105800063815,-60,63,-0.03766478342748769,-98.50993377483444,6.520787746170683,34.8856548856549,4.859584859584871,3.673769287288758,-0.11862322543215706,-1.8559034182651648,0.02111254345654954,1.0582356219609297,-0.07056311624273949,-0.5591895343536214,-0.1119805975156518,-1.8515148109779689,0.18714565612204823,1.0538448012774355,-0.07669903939428206,-0.5522330836388308,,,,,,,,,,,,,
12184.082964539,12670509,1035,1034,1,0,33,64.95938300031412,-60,63,-0.03766478342748769,-98.50993377483444,4.682713347921236,34.8856548856549,4.859584859584871,3.673769287288758,-0.11862322543215706,-1.8559034182651648,-0.011425303732614911,1.0582356219609297,-0.07056311624273949,-0.5591895343536214,-0.1119805975156518,-1.8515148109779689,0.1303883669702795,1.0538448012774355,-0.07669903939428206,-0.5522330836388308,,,,,,,,,,,,,
12184.149566903,12670509,1037,1036,1,0,15,64.63110400000005,-60,63,-0.03766478342748769,-98.50993377483444,1.3566739606126959,34.8856548856549,4.859584859584871,3.673769287288758,-0.11862322543215706,-1.8559034182651648,-0.07030331293205577,1.0582356219609297,-0.07056311624273949,-0.5591895343536214,-0.1119805975156518,-1.8561167533416258,0.07209709703062514,1.0538448012774355,-0.07669903939428206,-0.5522330836388308,,,,,,,,,,,,,
12184.182753004,12670509,1038,1037,1,0,33,64.62691799970344,-60,63,-0.03766478342748769,-98.50993377483444,-0.3063457330415815,34.8856548856549,4.859584859584871,3.673769287288758,-0.11862322543215706,-1.8559034182651648,-0.0997423175317762,1.0582356219609297,-0.07056311624273949,-0.5591895343536214,-0.1119805975156518,-1.8561167533416258,0.015339807878856412,1.0538448012774355,-0.07669903939428206,-0.5522330836388308,,,,,,,,,,,,,
12184.249600314,12670509,1040,1039,1,0,15,64.98877500052913,-48,63,-0.03766478342748769,-98.50993377483444,-2.669584245076578,34.8856548856549,4.859584859584871,3.673769287288758,-0.11862322543215706,-1.8559034182651648,-0.1415766924892734,1.0582356219609297,-0.07056311624273949,-0.5591895343536214,-0.1119805975156518,-1.8561167533416258,-0.032213596545598466,1.0538448012774355,-0.07669903939428206,-0.5522330836388308,,,,,,,,,,,,,
12184.283019196,12670509,1041,1040,1,0,34,64.95625199931965,-48,63,-0.03766478342748769,-98.50993377483444,-3.282275711159727,34.8856548856549,4.859584859584871,3.673769287288758,-0.11862322543215706,-1.8559034182651648,-0.15242264155232832,1.0582356219609297,-0.07056311624273949,-0.5591895343536214,-0.1119805975156518,-1.8561167533416258,-0.08130098175793898,1.0538448012774355,-0.07669903939428206,-0.5522330836388308,,,,,,,,,,,,,
12184.349666794,12670509,1043,1042,1,0,15,64.69254299918248,-48,63,-0.03766478342748769,-98.4271523178808,-4.507658643326039,34.8856548856549,4.859584859584871,3.673769287288758,-0.11862322543215706,-1.8543561040350003,-0.1741145396784382,1.0582356219609297,-0.07056311624273949,-0.5591895343536214,-0.11044661672776616,-1.8576507341295114,-0.1227184630308513,1.0492428589137786,-0.07516505860639641,-0.5522330836388308,,,,,,,,,,,,,
12184.382712506,12670509,1044,1043,1,0,33,64.5483129992499,-48,63,-0.03766478342748769,-98.4271523178808,-4.682713347921236,34.8856548856549,4.810744810744822,3.673769287288758,-0.11862322543215706,-1.8543561040350003,-0.1772133822678829,1.0582356219609297,-0.07209709703062514,-0.5591895343536214,-0.11044661672776616,-1.8576507341295114,-0.1518640980006785,1.0446409165501216,-0.07516505860639641,-0.5522330836388308,,,,,,,,,,,,,
12184.449625843,12670509,1046,1045,1,0,13,64.94311500136973,-48,63,-0.03766478342748769,-98.26158940397352,-4.507658643326039,35.05197505197506,4.761904761904773,3.673769287288758,-0.11862322543215706,-1.8512614755746717,-0.1741145396784382,1.061318891453088,-0.07363107781851078,-0.5591895343536214,-0.11351457830353745,-1.8576507341295114,-0.17333982903107745,1.055378782065321,-0.07516505860639641,-0.5522330836388308,,,,,,,,,,,,,
12184.482687062,12670509,1047,1046,1,0,34,64.58953299988934,-48,63,-0.03766478342748769,-98.17880794701986,-3.807439824945291,35.38461538461539,4.664224664224676,3.673769287288758,-0.11862322543215706,-1.8497141613445072,-0.16171916932066108,1.0674854304374028,-0.07669903939428206,-0.5591895343536214,-0.11658253987930872,-1.8576507341295114,-0.17640779060684875,1.055378782065321,-0.07516505860639641,-0.5522330836388308,,,,,,,,,,,,,
12184.549634056,12670509,1049,1048,1,0,15,64.75274200056447,-48,63,-0.03766478342748769,-98.34437086092716,-1.4442013129102804,36.632016632016615,4.859584859584871,3.673769287288758,-0.11862322543215706,-1.852808789804836,-0.11988479436316388,1.090609951628585,-0.07056311624273949,-0.5591895343536214,-0.11351457830353745,-1.8576507341295114,-0.17794177139473438,1.055378782065321,-0.07516505860639641,-0.5522330836388308,,,,,,,,,,,,,
12184.615994283,12670509,1051,1049,1,0,33,97.98005300035584,-48,63,-0.03766478342748769,-98.4271523178808,1.5317286652078792,38.378378378378386,4.859584859584871,3.673769287288758,-0.11862322543215706,-1.8543561040350003,-0.06720447034261175,1.122984281296241,-0.07056311624273949,-0.5591895343536214,-0.11351457830353745,-1.8576507341295114,-0.17487380981896308,1.0661166475805206,-0.07516505860639641,-0.5522330836388308,,,,,,,,,,,,,
12184.649387892,12670509,1052,1051,1,0,15,64.80334799925913,-48,63,-0.03766478342748769,-98.4271523178808,3.1947483588621566,39.29313929313929,4.859584859584871,3.673769287288758,-0.11862322543215706,-1.8543561040350003,-0.037765465742890976,1.1399422635031076,-0.07056311624273949,-0.5591895343536214,-0.11351457830353745,-1.8576507341295114,-0.1564660403643354,1.081456455459377,-0.07516505860639641,-0.5522330836388308,,,,,,,,,,,,,
12184.682564315,12670509,1053,1052,1,0,34,64.6462029999384,-48,63,-0.03766478342748769,-98.4271523178808,4.682713347921236,40.207900207900224,4.859584859584871,3.673769287288758,-0.11862322543215706,-1.8543561040350003,-0.011425303732614911,1.1569002457099757,-0.07056311624273949,-0.5591895343536214,-0.11351457830353745,-1.8576507341295114,-0.12578642460662257,1.1013982057018903,-0.07516505860639641,-0.5522330836388308,,,,,,,,,,,,,
12184.749628809,12670509,1055,1054,1,0,19,65.27305900090141,-48,63,-0.03766478342748769,-98.4271523178808,7.833698030634579,42.03742203742203,4.859584859584871,3.673769287288758,-0.11862322543215706,-1.8543561040350003,0.044353862877381585,1.1908162101237096,-0.07056311624273949,-0.5591895343536214,-0.11351457830353745,-1.8576507341295114,-0.09050486648525283,1.1259418983080607,-0.07516505860639641,-0.5522330836388308,,,,,,,,,,,,,
12184.782688767,12670509,1056,1055,1,0,33,64.73974099935731,-48,63,-0.03766478342748769,-98.4271523178808,9.409190371991244,42.86902286902287,4.859584859584871,3.673769287288758,-0.11862322543215706,-1.8543561040350003,0.07224344618237949,1.2062325575844977,-0.07056311624273949,-0.5591895343536214,-0.11351457830353745,-1.8576507341295114,-0.05062136600022616,1.1489516101263453,-0.07516505860639641,-0.5522330836388308,,,,,,,,,,,,,
12184.849607888,12670509,1058,1057,1,0,15,64.94609099900117,-48,63,-0.03766478342748769,-98.50993377483444,12.560175054704587,44.53222453222455,4.859584859584871,3.673769287288758,-0.11862322543215706,-1.8559034182651648,0.12802261279237598,1.2370652525060748,-0.07056311624273949,-0.5591895343536214,-0.11351457830353745,-1.8576507341295114,-0.007669903939428206,1.1734953027325155,-0.07516505860639641,-0.5522330836388308,,,,,,,,,,,,,
12184.916175882,12670509,1060,1058,1,0,17,98.22615699886228,-48,63,-0.03766478342748769,-98.50993377483444,15.448577680525162,45.94594594594594,4.859584859584871,3.673769287288758,-0.11862322543215706,-1.8559034182651648,0.17915351551820663,1.2632730431894144,-0.07056311624273949,-0.5591895343536214,-0.11351457830353745,-1.8576507341295114,0.035281558121369745,1.1965050145508,-0.07516505860639641,-0.5522330836388308,,,,,,,,,,,,,
12184.949644978,12670509,1061,1060,1,0,15,64.77376099974208,-48,63,-0.03766478342748769,-98.50993377483444,16.93654266958424,46.61122661122661,4.859584859584871,3.673769287288758,-0.11862322543215706,-1.8559034182651648,0.20549367752848305,1.2756061211580456,-0.07056311624273949,-0.5591895343536214,-0.11351457830353745,-1.8576507341295114,0.07669903939428206,1.2210487071569704,-0.07516505860639641,-0.5522330836388308,,,,,,,,,,,,,
12184.982718075,12670509,1062,1061,1,0,35,64.48169000032067,-48,63,-0.03766478342748769,-98.50993377483444,18.336980306345737,47.27650727650726,4.859584859584871,3.673769287288758,-0.11862322543215706,-1.8559034182651648,0.23028441824403656,1.2879391991266753,-0.07056311624273949,-0.5591895343536214,-0.11351457830353745,-1.8576507341295114,0.11965050145508001,1.2425244381873692,-0.07516505860639641,-0.5522330836388308,,,,,,,,,,,,,
12185.049530596,12670509,1064,1063,1,0,15,64.74278599853278,-48,63,-0.03766478342748769,-98.50993377483444,21.312910284463896,48.523908523908545,4.859584859584871,3.673769287288758,-0.11862322543215706,-1.8559034182651648,0.2829647422645887,1.311063720317859,-0.07056311624273949,-0.5591895343536214,-0.11351457830353745,-1.8576507341295114,0.16720390587953488,1.265534150005654,-0.07516505860639641,-0.5522330836388308,,,,,,,,,,,,,
12185.082529417,12670509,1065,1064,1,0,33,64.69417600055749,-48,63,-0.03766478342748769,-98.50993377483444,22.800875273522962,49.02286902286903,4.810744810744822,3.673769287288758,-0.11862322543215706,-1.8559034182651648,0.3093049042748651,1.3203135287943313,-0.07209709703062514,-0.5591895343536214,-0.11351457830353745,-1.8576507341295114,0.21475731030398976,1.2854759002481673,-0.07516505860639641,-0.5522330836388308,,,,,,,,,,,,,
12185.149654839,12670509,1067,1066,1,0,7,65.33060299989302,-48,63,-0.03766478342748769,-98.50993377483444,26.126914660831503,50.02079002079003,4.713064713064725,3.673769287288758,-0.11862322543215706,-1.8559034182651648,0.368182913474306,1.3388131457472774,-0.07516505860639641,-0.5591895343536214,-0.11351457830353745,-1.8576507341295114,0.25464081078901646,1.303883669702795,-0.07516505860639641,-0.5522330836388308,,,,,,,,,,,,,
12185.216159613,12670509,1069,1067,1,0,33,98.24600700085284,-48,63,-0.03766478342748769,-98.50993377483444,29.80306345733041,50.935550935550935,4.664224664224676,3.673769287288758,-0.11862322543215706,-1.8559034182651648,0.43325860785263487,1.3557711279541447,-0.07669903939428206,-0.5591895343536214,-0.11351457830353745,-1.8576507341295114,0.2991262536377,1.3192234775816514,-0.07516505860639641,-0.5522330836388308,,,,,,,,,,,,,
12185.249743542,12670509,1070,1069,1,0,19,65.0615899994591,-48,63,-0.03766478342748769,-98.4271523178808,31.72866520787747,51.351351351351354,4.664224664224676,3.673769287288758,-0.11862322543215706,-1.8543561040350003,0.4673458763365222,1.363479301684539,-0.07669903939428206,-0.5591895343536214,-0.11351457830353745,-1.8545827725537403,0.34974761963792617,1.3360972662483934,-0.07516505860639641,-0.5522330836388308,,,,,,,,,,,,,
12185.283042948,12670509,1071,1070,1,0,33,64.95598199944652,-48,63,-0.03766478342748769,-98.4271523178808,33.7417943107221,51.68399168399168,4.664224664224676,3.673769287288758,-0.11862322543215706,-1.8543561040350003,0.502982566115131,1.3696458406688539,-0.07669903939428206,-0.5591895343536214,-0.11351457830353745,-1.8545827725537403,0.39269908169872414,1.3499030933393643,-0.07516505860639641,-0.5522330836388308,,,,,,,,,,,,,
12185.349611225,12670509,1073,1072,1,0,15,64.63805400017009,-49,63,-0.03766478342748769,-98.4271523178808,38.030634573304155,52.18295218295219,4.615384615384627,3.673769287288758,-0.11862322543215706,-1.8543561040350003,0.5789042095565152,1.378895649145327,-0.0782330201821677,-0.5591895343536214,-0.11351457830353745,-1.8545827725537403,0.4433204476989503,1.3621749396424494,-0.07516505860639641,-0.5522330836388308,,,,,,,,,,,,,
12185.382694727,12670509,1074,1073,1,0,33,64.73986200035142,-49,63,-0.03766478342748769,-98.4271523178808,40.21881838074398,52.26611226611226,4.51770451770453,3.673769287288758,-0.11862322543215706,-1.8543561040350003,0.6176397419245684,1.3804372838914056,-0.08130098175793898,-0.5591895343536214,-0.11351457830353745,-1.8545827725537403,0.49394181369917645,1.372912805157649,-0.07516505860639641,-0.5522330836388308,,,,,,,,,,,,,
12185.449630508,12670509,1076,1075,1,0,13,64.95529999847349,-49,63,-0.03766478342748769,-98.4271523178808,44.50765864332604,52.26611226611226,4.51770451770453,3.673769287288758,-0.11862322543215706,-1.8543561040350003,0.6935613853659526,1.3804372838914056,-0.08130098175793898,-0.5591895343536214,-0.11351457830353745,-1.8545827725537403,0.5522330836388308,1.3775147475213059,-0.07516505860639641,-0.5522330836388308,,,,,,,,,,,,,
12185.482682474,12670509,1077,1076,1,0,36,64.71740599954501,-49,63,-0.03766478342748769,-98.4271523178808,46.783369803063465,52.26611226611226,4.51770451770453,3.673769287288758,-0.11862322543215706,-1.8543561040350003,0.7338463390287279,1.3804372838914056,-0.08130098175793898,-0.5591895343536214,-0.11351457830353745,-1.8545827725537403,0.607456392002714,1.3790487283091915,-0.07516505860639641,-0.5522330836388308,,,,,,,,,,,,,
12185.549702331,12670509,1079,1078,1,0,13,65.130692000821,-49,63,-0.03766478342748769,-98.4271523178808,50.809628008752725,52.26611226611226,4.51770451770453,3.673769287288758,-0.11862322543215706,-1.8543561040350003,0.8051197185859456,1.3804372838914056,-0.08130098175793898,-0.5591895343536214,-0.11351457830353745,-1.8545827725537403,0.6688156235181395,1.3790487283091915,-0.07516505860639641,-0.5522330836388308,,,,,,,,,,,,,
12185.582696106,12670509,1080,1079,1,0,38,64.55288399956771,-49,63,-0.03766478342748769,-98.4271523178808,52.735229759299784,52.26611226611226,4.51770451770453,3.673769287288758,-0.11862322543215706,-1.8543561040350003,0.8392069870698329,1.3804372838914056,-0.08130098175793898,-0.5591895343536214,-0.11351457830353745,-1.8545827725537403,0.7271068934577939,1.3790487283091915,-0.07516505860639641,-0.5522330836388308,,,,,,,,,,,,,
12185.616103566,12670509,1081,1081,1,0,9,31.4391150004667,-49,63,-0.03766478342748769,-98.4271523178808,54.573304157549245,52.26611226611226,4.51770451770453,3.673769287288758,-0.11862322543215706,-1.8543561040350003,0.8717448342589973,1.3804372838914056,-0.08130098175793898,-0.5591895343536214,-0.11351457830353745,-1.8545827725537403,0.7838641826095626,1.3790487283091915,-0.07516505860639641,-0.5522330836388308,,,,,,,,,,,,,
12185.682744273,12670509,1083,1082,1,0,30,64.87154399837891,-49,63,-0.03766478342748769,-98.4271523178808,57.98687089715534,52.18295218295219,4.51770451770453,3.673769287288758,-0.11862322543215706,-1.8543561040350003,0.9321722647531596,1.378895649145327,-0.08130098175793898,-0.5591895343536214,-0.1119805975156518,-1.8545827725537403,0.8360195293976744,1.3790487283091915,-0.07516505860639641,-0.5522330836388308,,,,,,,,,,,,,
12185.749714297,12670509,1085,1084,1,0,15,65.0265460008086,-49,63,0.0376647834275019,-98.4271523178808,60.96280087527353,52.18295218295219,4.468864468864481,3.673769287288758,-0.11723599836183193,-1.8543561040350003,0.9848525887737125,1.378895649145327,-0.08283496254582462,-0.5591895343536214,-0.1119805975156518,-1.8545827725537403,0.885106914610015,1.3790487283091915,-0.07516505860639641,-0.5522330836388308,,,,,,,,,,,,,
12185.782681664,12670509,1086,1085,1,0,37,64.80455100063409,-49,63,0.1129943502824915,-98.4271523178808,62.62582056892779,52.18295218295219,4.468864468864481,3.673769287288758,-0.11584877129150682,-1.8543561040350003,1.0142915933734327,1.378895649145327,-0.08283496254582462,-0.5591895343536214,-0.11351457830353745,-1.8545827725537403,0.9326603190344698,1.3790487283091915,-0.07516505860639641,-0.5522330836388308,,,,,,,,,,,,,
12185.849676386,12670509,1088,1087,1,0,15,65.01471699993999,-49,63,0.33898305084744607,-98.4271523178808,65.86433260393875,52.18295218295219,4.51770451770453,3.673769287288758,-0.11168709008053146,-1.8543561040350003,1.0716201812781518,1.378895649145327,-0.08130098175793898,-0.5591895343536214,-0.1119805975156518,-1.8530487917658545,0.9786797426710391,1.3790487283091915,-0.07516505860639641,-0.5522330836388308,,,,,,,,,,,,,
12185.882715806,12670509,1089,1088,1,0,32,64.89254899861407,-49,63,0.41431261770243566,-98.4271523178808,67.52735229759298,52.18295218295219,4.761904761904773,3.673769287288758,-0.11029986301020633,-1.8543561040350003,1.101059185877872,1.378895649145327,-0.07363107781851078,-0.5591895343536214,-0.11351457830353745,-1.8530487917658545,1.0200972239439514,1.3790487283091915,-0.07516505860639641,-0.5522330836388308,,,,,,,,,,,,,
12185.949611717,12670509,1091,1090,1,0,15,64.92363399956957,-49,63,0.5649717514124291,-98.4271523178808,70.85339168490151,52.18295218295219,4.810744810744822,3.673769287288758,-0.10752540886955575,-1.8543561040350003,1.1599371950773123,1.378895649145327,-0.07209709703062514,-0.5591895343536214,-0.11351457830353745,-1.8530487917658545,1.0661166475805206,1.3790487283091915,-0.07516505860639641,-0.5522330836388308,,,,,,,,,,,,,
12185.982697625,12670509,1092,1091,1,0,31,64.48964500123111,-49,63,0.5649717514124291,-98.4271523178808,72.5164113785558,52.18295218295219,4.859584859584871,3.673769287288758,-0.10752540886955575,-1.8543561040350003,1.1893761996770336,1.378895649145327,-0.07056311624273949,-0.5591895343536214,-0.11351457830353745,-1.8515148109779689,1.1090681096413186,1.3790487283091915,-0.07516505860639641,-0.5522330836388308,,,,,,,,,,,,,
12186.049536237,12670509,1094,1093,1,0,7,64.84899099996255,-49,63,0.5649717514124291,-98.4271523178808,75.75492341356673,52.01663201663203,4.859584859584871,3.673769287288758,-0.10752540886955575,-1.8543561040350003,1.2467047875817516,1.3758123796531696,-0.07056311624273949,-0.5591895343536214,-0.11351457830353745,-1.8499808301900833,1.1550875332778878,1.3790487283091915,-0.07516505860639641,-0.5522330836388308,,,,,,,,,,,,,
12186.082797486,12670509,1095,1094,1,0,36,65.00943900027778,-49,63,0.5649717514124291,-98.34437086092716,77.33041575492342,51.68399168399168,4.859584859584871,3.673769287288758,-0.10752540886955575,-1.852808789804836,1.2745943708867502,1.3696458406688539,-0.07056311624273949,-0.5591895343536214,-0.1119805975156518,-1.8499808301900833,1.1980389953386859,1.3790487283091915,-0.07516505860639641,-0.5522330836388308,,,,,,,,,,,,,
12186.149658284,12670509,1097,1096,1,0,8,64.91933900178992,-49,63,0.6403013182674187,-98.17880794701986,80.21881838074398,51.517671517671516,4.859584859584871,3.673769287288758,-0.10613818179923028,-1.8497141613445072,1.3257252736125802,1.3665625711766964,-0.07056311624273949,-0.5591895343536214,-0.1119805975156518,-1.8499808301900833,1.244058418975255,1.3790487283091915,-0.07516505860639641,-0.5522330836388308,,,,,,,,,,,,,
12186.182763863,12670509,1098,1097,1,0,37,64.80010000086622,-49,63,0.6403013182674187,-98.09602649006622,81.53172866520788,51.43451143451142,4.859584859584871,3.7472446730345332,-0.10613818179923028,-1.8481668471143424,1.3489665930334123,1.3650209364306172,-0.07056311624273949,-0.557382795776854,-0.11044661672776616,-1.8484468494021975,1.2870098810360528,1.3790487283091915,-0.07516505860639641,-0.5522330836388308,,,,,,,,,,,,,
12186.249498461,12670509,1100,1099,1,0,15,64.92048400104977,-49,63,0.6403013182674187,-98.09602649006622,83.7199124726477,51.351351351351354,4.859584859584871,3.9676708302718593,-0.10613818179923028,-1.8481668471143424,1.3877021254014654,1.363479301684539,-0.07056311624273949,-0.5519625800465512,-0.1119805975156518,-1.8484468494021975,1.3314953238847365,1.3790487283091915,-0.07516505860639641,-0.5522330836388308,,,,,,,,,,,,,
12186.28268757,12670509,1101,1100,1,0,33,64.810296998985,-49,63,0.6403013182674187,-98.01324503311258,84.33260393873084,51.351351351351354,4.859584859584871,3.9676708302718593,-0.10613818179923028,-1.846619532884178,1.39854807446452,1.363479301684539,-0.07056311624273949,-0.5519625800465512,-0.11044661672776616,-1.846912868614312,1.3652429012182206,1.3790487283091915,-0.07516505860639641,-0.5522330836388308,,,,,,,,,,,,,
12186.349661487,12670509,1103,1102,1,0,15,64.9885799994081,-49,63,0.7156308851224082,-97.76490066225166,85.73304157549234,51.351351351351354,4.859584859584871,3.7472446730345332,-0.10475095472890517,-1.8419775901936848,1.4233388151800743,1.363479301684539,-0.07056311624273949,-0.557382795776854,-0.1119805975156518,-1.8484468494021975,1.394388536188048,1.3790487283091915,-0.07516505860639641,-0.5522330836388308,,,,,,,,,,,,,
12186.382713473,12670509,1104,1103,1,0,33,64.76719199963554,-49,63,0.7156308851224082,-97.59933774834437,86.1706783369803,51.351351351351354,4.859584859584871,3.7472446730345332,-0.10475095472890517,-1.8388829617333557,1.431085921653685,1.363479301684539,-0.07056311624273949,-0.557382795776854,-0.11044661672776616,-1.8438449070385408,1.41126232485479,1.3790487283091915,-0.07516505860639641,-0.5522330836388308,,,,,,,,,,,,,
12186.449619711,12670509,1106,1105,1,0,9,64.99669100048777,-49,63,0.7156308851224082,-96.19205298013244,86.69584245076587,51.351351351351354,4.859584859584871,3.7472446730345332,-0.10475095472890517,-1.8125786198205602,1.4403824494220177,1.363479301684539,-0.07056311624273949,-0.557382795776854,-0.1119805975156518,-1.8453788878264263,1.4312040750973032,1.3790487283091915,-0.07516505860639641,-0.5522330836388308,,,,,,,,,,,,,
12186.482722014,12670509,1107,1106,1,0,37,64.92282699946372,-47,63,0.7156308851224082,-94.86754966887418,86.78336980306344,51.351351351351354,4.859584859584871,3.7472446730345332,-0.10475095472890517,-1.7878215921379292,1.4419318707167397,1.363479301684539,-0.07056311624273949,-0.557382795776854,-0.1119805975156518,-1.8407769454627694,1.4419419406125027,1.3790487283091915,-0.07516505860639641,-0.5522330836388308,,,,,,,,,,,,,
12186.549430106,12670509,1109,1108,1,0,13,64.82437000158825,-47,63,0.7156308851224082,-91.55629139072848,86.78336980306344,51.26819126819126,4.859584859584871,3.7472446730345332,-0.10475095472890517,-1.7259290229313513,1.4419318707167397,1.3619376669384597,-0.07056311624273949,-0.557382795776854,-0.1119805975156518,-1.8392429646748838,1.4496118445519308,1.3790487283091915,-0.07516505860639641,-0.5522330836388308,,,,,,,,,,,,,
12186.582533303,12670509,1110,1109,1,0,35,64.8251890015672,-47,63,0.7156308851224082,-89.56953642384106,86.69584245076587,51.26819126819126,4.859584859584871,3.7472446730345332,-0.10475095472890517,-1.6887934814074044,1.4403824494220177,1.3619376669384597,-0.07056311624273949,-0.557382795776854,-0.1119805975156518,-1.8131652912808278,1.4526798061277022,1.3790487283091915,-0.08436894333371027,-0.5522330836388308,,,,,,,,,,,,,
12186.64950876,12670509,1112,1111,1,0,15,65.21543999951973,-47,63,0.7156308851224082,-85.3476821192053,86.69584245076587,51.18503118503119,4.859584859584871,3.894195444526084,-0.10475095472890517,-1.6098804556690178,1.4403824494220177,1.3603960321923816,-0.07056311624273949,-0.5537693186233189,-0.1119805975156518,-1.7763497523715726,1.4526798061277022,1.3790487283091915,-0.08436894333371027,-0.5522330836388308,,,,,,,,,,,,,
12186.682709862,12670509,1113,1112,1,0,35,64.88623000041116,-47,63,0.7156308851224082,-83.02980132450331,86.3457330415755,51.18503118503119,4.859584859584871,4.041146216017634,-0.10475095472890517,-1.5665556572244128,1.4341847642431296,1.3603960321923816,-0.07056311624273949,-0.5501558414697835,-0.1119805975156518,-1.73493227109866,1.4526798061277022,1.3790487283091915,-0.08436894333371027,-0.5522330836388308,,,,,,,,,,,,,
12186.74960985,12670509,1115,1114,1,0,15,65.05187800030399,-47,63,0.7156308851224082,-78.55960264900662,86.2582056892779,51.1018711018711,4.859584859584871,4.1880969875091845,-0.10475095472890517,-1.4830006887955327,1.4326353429484073,1.3588543974463023,-0.07056311624273949,-0.5465423643162484,-0.1119805975156518,-1.6812429435226628,1.4526798061277022,1.3790487283091915,-0.08436894333371027,-0.5522330836388308,,,,,,,,,,,,,
12186.7826877,12670509,1116,1115,1,0,34,64.84919600006833,-47,63,0.7156308851224082,-76.49006622516556,86.2582056892779,51.1018711018711,4.859584859584871,4.2615723732549595,-0.10475095472890517,-1.4443178330414217,1.4326353429484073,1.3588543974463023,-0.07056311624273949,-0.544735625739481,-0.1119805975156518,-1.6290875967345508,1.4526798061277022,1.3790487283091915,-0.08436894333371027,-0.5522330836388308,,,,,,,,,,,,,
12186.849618899,12670509,1118,1117,1,0,19,65.00848199902975,-47,63,0.7156308851224082,-72.59933774834437,86.2582056892779,51.1018711018711,4.859584859584871,4.2615723732549595,-0.10475095472890517,-1.3715940642236923,1.4326353429484073,1.3588543974463023,-0.07056311624273949,-0.544735625739481,-0.1119805975156518,-1.569262346007011,1.4526798061277022,1.3790487283091915,-0.08436894333371027,-0.5522330836388308,,,,,,,,,,,,,
12186.882699225,12670509,1119,1118,1,0,32,64.85513400002674,-47,63,0.7156308851224082,-70.94370860927152,86.2582056892779,51.1018711018711,4.859584859584871,4.335047759000735,-0.10475095472890517,-1.3406477796204033,1.4326353429484073,1.3588543974463023,-0.07056311624273949,-0.5429288871627133,-0.1119805975156518,-1.5109710760673565,1.4526798061277022,1.3790487283091915,-0.08436894333371027,-0.5522330836388308,,,,,,,,,,,,,
12186.916175639,12670509,1120,1120,1,0,15,31.560880999677465,-47,63,0.7156308851224082,-69.78476821192052,86.2582056892779,51.1018711018711,4.859584859584871,4.335047759000735,-0.10475095472890517,-1.318985380398101,1.4326353429484073,1.3588543974463023,-0.07056311624273949,-0.5429288871627133,-0.1119805975156518,-1.4588157292792447,1.4526798061277022,1.3790487283091915,-0.08436894333371027,-0.5522330836388308,,,,,,,,,,,,,
12186.982689948,12670509,1122,1121,1,0,31,64.65949499943235,-47,63,0.7156308851224082,-67.3841059602649,86.2582056892779,51.1018711018711,4.859584859584871,4.335047759000735,-0.10475095472890517,-1.2741132677233324,1.4326353429484073,1.3588543974463023,-0.07056311624273949,-0.5429288871627133,-0.11044661672776616,-1.4035924209153616,1.4526798061277022,1.3775147475213059,-0.08436894333371027,-0.5522330836388308,,,,,,,,,,,,,
12187.049675548,12670509,1124,1123,1,0,17,65.05707399992389,-47,63,0.7156308851224082,-65.56291390728477,86.2582056892779,51.1018711018711,4.859584859584871,4.335047759000735,-0.10475095472890517,-1.2400723546597143,1.4326353429484073,1.3588543974463023,-0.07056311624273949,-0.5429288871627133,-0.11044661672776616,-1.359106978066678,1.4511458253398166,1.3698448435818775,-0.08436894333371027,-0.5522330836388308,,,,,,,,,,,,,
12187.082705874,12670509,1125,1124,1,0,36,64.8111649989005,-47,63,0.7156308851224082,-65.06622516556291,86.2582056892779,51.1018711018711,4.859584859584871,4.335047759000735,-0.10475095472890517,-1.2307884692787274,1.4326353429484073,1.3588543974463023,-0.07056311624273949,-0.5429288871627133,-0.11044661672776616,-1.325359400733194,1.4496118445519308,1.363708920430335,-0.08436894333371027,-0.5522330836388308,,,,,,,,,,,,,
12187.149639751,12670509,1127,1126,1,0,15,65.0252499999624,-47,63,0.7156308851224082,-64.98344370860927,86.2582056892779,51.1018711018711,4.859584859584871,4.335047759000735,-0.10475095472890517,-1.2292411550485631,1.4326353429484073,1.3588543974463023,-0.07056311624273949,-0.5429288871627133,-0.11044661672776616,-1.2946797849754812,1.4465438829761597,1.3621749396424494,-0.0859029241215959,-0.5522330836388308,,,,,,,,,,,,,
12187.182683878,12670509,1128,1127,1,0,37,64.79455899898312,-47,63,0.7156308851224082,-65.48013245033113,86.2582056892779,51.1018711018711,4.859584859584871,4.335047759000735,-0.10475095472890517,-1.23852504042955,1.4326353429484073,1.3588543974463023,-0.07056311624273949,-0.5429288871627133,-0.11044661672776616,-1.2778059963087391,1.4434759214003883,1.3606409588545638,-0.0859029241215959,-0.5522330836388308,,,,,,,,,,,,,
12187.249616347,12670509,1130,1129,1,0,19,65.09112800085859,-47,63,0.7156308851224082,-67.30132450331126,86.4332603938731,51.1018711018711,4.859584859584871,4.335047759000735,-0.10475095472890517,-1.2725659534931677,1.4357341855378516,1.3588543974463023,-0.07056311624273949,-0.5429288871627133,-0.11044661672776616,-1.2701360923693108,1.4419419406125027,1.3606409588545638,-0.08743690490948154,-0.5522330836388308,,,,,,,,,,,,,
12187.282698978,12670509,1131,1130,1,0,34,64.65926600139937,-47,63,0.7156308851224082,-68.79139072847681,86.52078774617067,51.1018711018711,4.859584859584871,4.335047759000735,-0.10475095472890517,-1.3004176096361275,1.4372836068325732,1.3588543974463023,-0.07056311624273949,-0.5429288871627133,-0.11044661672776616,-1.2686021115814252,1.4419419406125027,1.3606409588545638,-0.08743690490948154,-0.5522330836388308,,,,,,,,,,,,,
12187.349619549,12670509,1133,1132,1,0,15,65.08119700083626,-47,63,0.5649717514124291,-72.51655629139073,86.95842450765866,51.1018711018711,4.859584859584871,4.335047759000735,-0.10752540886955575,-1.370046749993528,1.4450307133061848,1.3588543974463023,-0.07056311624273949,-0.5429288871627133,-0.11044661672776616,-1.2793399770966247,1.4434759214003883,1.3606409588545638,-0.08743690490948154,-0.5522330836388308,,,,,,,,,,,,,
12187.382961543,12670509,1134,1133,1,0,37,64.91878800079576,-47,63,0.41431261770243566,-74.83443708609272,87.13347921225383,51.1018711018711,4.859584859584871,4.335047759000735,-0.11029986301020633,-1.4133715484381326,1.4481295558956284,1.3588543974463023,-0.07056311624273949,-0.5429288871627133,-0.11044661672776616,-1.3008157081270237,1.4465438829761597,1.3606409588545638,-0.08743690490948154,-0.5522330836388308,,,,,,,,,,,,,
12187.449597546,12670509,1136,1135,1,0,19,64.77330699999584,-47,63,0.1883239171374811,-79.71854304635761,87.308533916849,51.1018711018711,4.859584859584871,4.335047759000735,-0.1144615442211817,-1.5046630880178349,1.4512283984850722,1.3588543974463023,-0.07056311624273949,-0.5429288871627133,-0.11044661672776616,-1.3345632854605078,1.4511458253398166,1.3621749396424494,-0.08743690490948154,-0.5522330836388308,,,,,,,,,,,,,
12187.482695304,12670509,1137,1136,1,0,33,64.8073079992173,-47,63,0.1129943502824915,-82.2019867549669,87.308533916849,51.1018711018711,4.859584859584871,4.335047759000735,-0.11584877129150682,-1.5510825149227687,1.4512283984850722,1.3588543974463023,-0.07056311624273949,-0.5429288871627133,-0.11044661672776616,-1.3652429012182206,1.4557477677034734,1.3652429012182206,-0.08743690490948154,-0.5522330836388308,,,,,,,,,,,,,
12187.549536574,12670509,1139,1138,1,0,19,65.11089000014181,-47,63,0.1129943502824915,-86.83774834437087,87.5711159737418,51.1018711018711,4.859584859584871,4.335047759000735,-0.11584877129150682,-1.6377321118119774,1.4558766623692394,1.3588543974463023,-0.07056311624273949,-0.5429288871627133,-0.1119805975156518,-1.4204662095821037,1.4572817484913592,1.371378824369763,-0.08743690490948154,-0.5522330836388308,,,,,,,,,,,,,
12187.582783067,12670509,1140,1139,1,0,37,64.89165099992533,-50,63,0.1129943502824915,-88.41059602649007,87.746170678337,51.1018711018711,4.859584859584871,3.9676708302718593,-0.11584877129150682,-1.6671310821851022,1.4589755049586837,1.3588543974463023,-0.07056311624273949,-0.5519625800465512,-0.1119805975156518,-1.4848934026733007,1.4588157292792447,1.37598076673342,-0.08743690490948154,-0.5522330836388308,,,,,,,,,,,,,
12187.649341843,12670509,1142,1141,1,0,15,64.78820200027258,-50,63,0.2636534839924707,-91.97019867549669,88.53391684901533,51.1018711018711,4.859584859584871,3.894195444526084,-0.11307431715085624,-1.7336655940821735,1.4729202966111827,1.3588543974463023,-0.07056311624273949,-0.5537693186233189,-0.1119805975156518,-1.5493205957644975,1.4603497100671303,1.3775147475213059,-0.08743690490948154,-0.5522330836388308,,,,,,,,,,,,,
12187.682697653,12670509,1143,1142,1,0,37,65.08249999933469,-50,63,0.33898305084744607,-93.54304635761589,89.23413566739606,51.1018711018711,4.859584859584871,3.894195444526084,-0.11168709008053146,-1.763064564455298,1.4853156669689596,1.3588543974463023,-0.07056311624273949,-0.5537693186233189,-0.1119805975156518,-1.6152817696435802,1.4603497100671303,1.3775147475213059,-0.07669903939428206,-0.5522330836388308,,,,,,,,,,,,,
12187.749425818,12670509,1145,1144,1,0,19,64.9188059996959,-50,63,0.33898305084744607,-96.93708609271523,90.89715536105032,51.18503118503119,4.859584859584871,3.894195444526084,-0.11168709008053146,-1.8265044478920405,1.5147546715686795,1.3603960321923816,-0.07056311624273949,-0.5537693186233189,-0.1119805975156518,-1.6659031356438063,1.4726215563702154,1.3775147475213059,-0.07976700097005335,-0.5522330836388308,,,,,,,,,,,,,
12187.782619285,12670509,1146,1145,1,0,34,64.87646200002928,-50,63,0.1129943502824915,-97.76490066225166,91.85995623632385,51.18503118503119,4.859584859584871,4.114621601763409,-0.11584877129150682,-1.8419775901936848,1.5317983058106235,1.3603960321923816,-0.07056311624273949,-0.5483491028930161,-0.1119805975156518,-1.714990520856147,1.4910293258248433,1.3775147475213059,-0.07976700097005335,-0.5522330836388308,,,,,,,,,,,,,
12187.849472433,12670509,1148,1147,1,0,19,65.15613499868778,-50,63,0.1129943502824915,-99.25496688741723,93.17286652078775,51.18503118503119,4.859584859584871,4.335047759000735,-0.11584877129150682,-1.869829246336645,1.5550396252314556,1.3603960321923816,-0.07056311624273949,-0.5429288871627133,-0.1119805975156518,-1.7625439252806017,1.5201749607946704,1.3775147475213059,-0.07976700097005335,-0.5522330836388308,,,,,,,,,,,,,
12187.882626395,12670509,1149,1148,1,0,31,64.90832599956775,-50,63,0.1129943502824915,-99.66887417218543,93.69803063457331,51.351351351351354,4.859584859584871,4.335047759000735,-0.11584877129150682,-1.877565817487467,1.564336152999788,1.363479301684539,-0.07056311624273949,-0.5429288871627133,-0.1119805975156518,-1.8008934449777427,1.5416506918250694,1.3775147475213059,-0.07976700097005335,-0.5522330836388308,,,,,,,,,,,,,
12187.916021673,12670509,1150,1150,1,0,18,31.73930099910649,-50,63,0.1129943502824915,-99.75165562913908,94.13566739606128,51.76715176715177,4.859584859584871,4.335047759000735,-0.11584877129150682,-1.8791131317176315,1.5720832594733989,1.3711874754149334,-0.07056311624273949,-0.5429288871627133,-0.1119805975156518,-1.8193012144323704,1.547786614976612,1.3775147475213059,-0.07976700097005335,-0.5522330836388308,,,,,,,,,,,,,
12187.98255161,12670509,1152,1151,1,0,37,64.86372200015467,-50,63,0.1129943502824915,-99.75165562913908,94.57330415754925,52.0997920997921,4.761904761904773,4.335047759000735,-0.11584877129150682,-1.8791131317176315,1.5798303659470092,1.3773540143992482,-0.07363107781851078,-0.5429288871627133,-0.1119805975156518,-1.8484468494021975,1.55545651891604,1.3790487283091915,-0.07516505860639641,-0.5522330836388308,,,,,,,,,,,,,
12188.049208122,12670509,1154,1153,1,0,18,64.86261200006993,-50,63,0.1129943502824915,-99.75165562913908,95.18599562363238,52.18295218295219,4.566544566544579,4.335047759000735,-0.11584877129150682,-1.8791131317176315,1.5906763150100638,1.378895649145327,-0.07976700097005335,-0.5429288871627133,-0.1119805975156518,-1.8545827725537403,1.564660403643354,1.3790487283091915,-0.07363107781851078,-0.5522330836388308,,,,,,,,,,,,,
12188.082685941,12670509,1155,1154,1,0,37,65.18137700004445,-50,63,0.1129943502824915,-99.75165562913908,95.27352297592998,52.18295218295219,4.566544566544579,4.114621601763409,-0.11584877129150682,-1.8791131317176315,1.5922257363047867,1.378895649145327,-0.07976700097005335,-0.5483491028930161,-0.1119805975156518,-1.8622526764931684,1.5723303075827821,1.3790487283091915,-0.07363107781851078,-0.5522330836388308,,,,,,,,,,,,,
12188.116185492,12670509,1156,1156,1,0,18,31.567689999064896,-50,63,0.1129943502824915,-99.75165562913908,95.27352297592998,52.18295218295219,4.615384615384627,3.894195444526084,-0.11584877129150682,-1.8791131317176315,1.5922257363047867,1.378895649145327,-0.0782330201821677,-0.5537693186233189,-0.1119805975156518,-1.863786657281054,1.581534192310096,1.3790487283091915,-0.07363107781851078,-0.5522330836388308,,,,,,,,,,,,,
12188.182522706,12670509,1158,1157,1,0,34,64.37586600077339,-50,63,0.0376647834275019,-99.75165562913908,95.27352297592998,52.18295218295219,4.713064713064725,3.894195444526084,-0.11723599836183193,-1.8791131317176315,1.5922257363047867,1.378895649145327,-0.07516505860639641,-0.5537693186233189,-0.1119805975156518,-1.863786657281054,1.5846021538858672,1.3790487283091915,-0.07363107781851078,-0.5522330836388308,,,,,,,,,,,,,
12188.249449972,12670509,1160,1159,1,0,19,65.13713200001803,-50,63,-0.03766478342748769,-99.75165562913908,95.27352297592998,52.18295218295219,4.761904761904773,3.894195444526084,-0.11862322543215706,-1.8791131317176315,1.5922257363047867,1.378895649145327,-0.07363107781851078,-0.5537693186233189,-0.1119805975156518,-1.863786657281054,1.586136134673753,1.3790487283091915,-0.07363107781851078,-0.5522330836388308,,,,,,,,,,,,,
12188.282531121,12670509,1161,1160,1,0,33,64.66149799962295,-50,63,-0.11299435028247728,-99.75165562913908,95.27352297592998,52.18295218295219,4.615384615384627,3.9676708302718593,-0.12001045250248218,-1.8791131317176315,1.5922257363047867,1.378895649145327,-0.0782330201821677,-0.5519625800465512,-0.1119805975156518,-1.863786657281054,1.5876701154616386,1.3790487283091915,-0.07363107781851078,-0.5522330836388308,,,,,,,,,,,,,
12188.349451691,12670509,1163,1162,1,0,15,65.17774599888071,-50,63,-0.33898305084744607,-99.75165562913908,95.27352297592998,52.18295218295219,4.51770451770453,4.335047759000735,-0.12417213371345788,-1.8791131317176315,1.5922257363047867,1.378895649145327,-0.08130098175793898,-0.5429288871627133,-0.1119805975156518,-1.863786657281054,1.5892040962495242,1.3790487283091915,-0.07363107781851078,-0.5522330836388308,,,,,,,,,,,,,
12188.382961279,12670509,1164,1163,1,0,34,65.20982199981518,-50,63,-0.8662900188323874,-99.75165562913908,95.27352297592998,52.01663201663203,4.51770451770453,4.335047759000735,-0.1338827232057344,-1.8791131317176315,1.5922257363047867,1.3758123796531696,-0.08130098175793898,-0.5429288871627133,-0.1119805975156518,-1.863786657281054,1.5892040962495242,1.3790487283091915,-0.07363107781851078,-0.5522330836388308,,,,,,,,,,,,,
12188.449363767,12670509,1166,1165,1,0,18,64.432184000907,-50,63,-3.7288135593220346,-99.75165562913908,95.27352297592998,51.60083160083161,4.51770451770453,4.114621601763409,-0.18659735187809245,-1.8791131317176315,1.5922257363047867,1.3681042059227753,-0.08130098175793898,-0.5483491028930161,-0.1119805975156518,-1.863786657281054,1.5892040962495242,1.3790487283091915,-0.07363107781851078,-0.5522330836388308,,,,,,,,,,,,,
12188.482698525,12670509,1167,1166,1,0,34,64.71883400081424,-50,63,-5.536723163841799,-99.75165562913908,95.36105032822758,51.60083160083161,4.51770451770453,3.894195444526084,-0.21989080156589708,-1.8791131317176315,1.5937751575995087,1.3681042059227753,-0.08130098175793898,-0.5537693186233189,-0.12118448224296566,-1.863786657281054,1.5892040962495242,1.3790487283091915,-0.07363107781851078,-0.5506991028509451,,,,,,,,,,,,,
12188.549671969,12670509,1169,1168,1,0,17,65.06784500015783,-50,63,-9.303201506591336,-99.75165562913908,95.36105032822758,52.0997920997921,4.51770451770453,3.894195444526084,-0.28925215508215757,-1.8791131317176315,1.5937751575995087,1.3773540143992482,-0.08130098175793898,-0.5537693186233189,-0.15033011721279282,-1.863786657281054,1.5892040962495242,1.3790487283091915,-0.07363107781851078,-0.5506991028509451,,,,,,,,,,,,,
12188.582772552,12670509,1170,1169,1,0,34,64.87132099937298,-50,63,-11.261770244821093,-99.75165562913908,95.36105032822758,52.0997920997921,4.51770451770453,3.894195444526084,-0.32532005891061316,-1.8791131317176315,1.5937751575995087,1.3773540143992482,-0.08130098175793898,-0.5537693186233189,-0.18407769454627693,-1.863786657281054,1.5892040962495242,1.3790487283091915,-0.07363107781851078,-0.5506991028509451,,,,,,,,,,,,,
12188.68263565,12670509,1173,1172,1,0,18,64.67184500070289,-50,63,-17.212806026365342,-99.75165562913908,95.36105032822758,52.0997920997921,4.51770451770453,3.894195444526084,-0.43491099746630424,-1.8791131317176315,1.5937751575995087,1.3773540143992482,-0.08130098175793898,-0.5537693186233189,-0.27304858024364415,-1.863786657281054,1.5892040962495242,1.3790487283091915,-0.07363107781851078,-0.5506991028509451,,,,,,,,,,,,,
12188.749351442,12670509,1175,1174,1,0,19,64.97590599974501,-47,63,-21.6572504708098,-99.75165562913908,95.36105032822758,52.0997920997921,4.51770451770453,3.894195444526084,-0.5167573946154919,-1.8791131317176315,1.5937751575995087,1.3773540143992482,-0.08130098175793898,-0.5537693186233189,-0.32213596545598466,-1.863786657281054,1.5892040962495242,1.3790487283091915,-0.07363107781851078,-0.5506991028509451,,,,,,,,,,,,,
12188.782576835,12670509,1176,1175,1,0,37,64.812118998816,-47,63,-23.992467043314505,-99.75165562913908,95.36105032822758,52.0997920997921,4.51770451770453,3.894195444526084,-0.5597614337955731,-1.8791131317176315,1.5937751575995087,1.3773540143992482,-0.08130098175793898,-0.5537693186233189,-0.3758252930319821,-1.863786657281054,1.5892040962495242,1.3790487283091915,-0.07363107781851078,-0.5506991028509451,,,,,,,,,,,,,
12188.849402633,12670509,1178,1177,1,0,19,65.14474899995548,-47,63,-29.114877589453855,-99.75165562913908,95.36105032822758,52.18295218295219,4.664224664224676,3.8207200587803087,-0.6540928745776871,-1.8791131317176315,1.5937751575995087,1.378895649145327,-0.07669903939428206,-0.5555760572000863,-0.4341165629716365,-1.863786657281054,1.5892040962495242,1.3790487283091915,-0.07363107781851078,-0.5506991028509451,,,,,,,,,,,,,
12188.882629051,12670509,1179,1178,1,0,38,64.8731740002404,-47,63,-31.751412429378533,-99.75165562913908,95.36105032822758,52.18295218295219,4.810744810744822,3.8207200587803087,-0.7026458220390694,-1.8791131317176315,1.5937751575995087,1.378895649145327,-0.07209709703062514,-0.5555760572000863,-0.49394181369917645,-1.863786657281054,1.5892040962495242,1.3790487283091915,-0.07363107781851078,-0.5506991028509451,,,,,,,,,,,,,
12188.915923321,12670509,1180,1180,1,0,17,31.53227399889147,-47,63,-34.538606403013176,-99.75165562913908,95.36105032822758,52.18295218295219,4.859584859584871,3.8207200587803087,-0.753973223641102,-1.8791131317176315,1.5937751575995087,1.378895649145327,-0.07056311624273949,-0.5555760572000863,-0.5583690067903734,-1.863786657281054,1.5892040962495242,1.3790487283091915,-0.07363107781851078,-0.5506991028509451,,,,,,,,,,,,,
12188.982784754,12670509,1182,1181,1,0,37,65.07498700011638,-47,63,-40.037664783427495,-99.75165562913908,95.36105032822758,52.18295218295219,4.859584859584871,3.7472446730345332,-0.855240799774842,-1.8791131317176315,1.5937751575995087,1.378895649145327,-0.07056311624273949,-0.557382795776854,-0.624330180669456,-1.863786657281054,1.5892040962495242,1.3790487283091915,-0.07363107781851078,-0.5506991028509451,,,,,,,,,,,,,
12189.049315836,12670509,1184,1183,1,0,19,64.65510900125082,-47,63,-45.31073446327684,-99.75165562913908,95.36105032822758,52.18295218295219,4.859584859584871,3.7472446730345332,-0.9523466946976067,-1.8791131317176315,1.5937751575995087,1.378895649145327,-0.07056311624273949,-0.557382795776854,-0.701029220063738,-1.863786657281054,1.5892040962495242,1.3790487283091915,-0.07363107781851078,-0.5506991028509451,,,,,,,,,,,,,
12189.082581135,12670509,1185,1184,1,0,33,64.70579600136261,-47,63,-47.79661016949153,-99.75165562913908,95.36105032822758,52.18295218295219,4.859584859584871,3.673769287288758,-0.9981251880183387,-1.8791131317176315,1.5937751575995087,1.378895649145327,-0.07056311624273949,-0.5591895343536214,-0.7731263170943632,-1.863786657281054,1.5892040962495242,1.3790487283091915,-0.07363107781851078,-0.5506991028509451,,,,,,,,,,,,,
12189.149383006,12670509,1187,1186,1,0,19,64.94335100069293,-47,63,-52.24105461393597,-99.75165562913908,95.36105032822758,52.18295218295219,4.859584859584871,3.673769287288758,-1.0799715851675258,-1.8791131317176315,1.5937751575995087,1.378895649145327,-0.07056311624273949,-0.5591895343536214,-0.8452234141249882,-1.863786657281054,1.5892040962495242,1.3790487283091915,-0.07363107781851078,-0.5506991028509451,,,,,,,,,,,,,
12189.182712859,12670509,1188,1187,1,0,32,64.74131299910368,-47,63,-53.898305084745765,-99.75165562913908,95.36105032822758,52.18295218295219,4.859584859584871,3.673769287288758,-1.1104905807146805,-1.8791131317176315,1.5937751575995087,1.378895649145327,-0.07056311624273949,-0.5591895343536214,-0.9188544919434991,-1.863786657281054,1.5892040962495242,1.3790487283091915,-0.07363107781851078,-0.5506991028509451,,,,,,,,,,,,,
12189.249559306,12670509,1190,1189,1,0,15,64.82814399896597,-47,63,-57.06214689265537,-99.75165562913908,95.36105032822758,52.18295218295219,4.859584859584871,3.673769287288758,-1.168754117668339,-1.8791131317176315,1.5937751575995087,1.378895649145327,-0.07056311624273949,-0.5591895343536214,-0.9848156658225816,-1.863786657281054,1.5892040962495242,1.3790487283091915,-0.07363107781851078,-0.5506991028509451,,,,,,,,,,,,,
12189.282686891,12670509,1191,1190,1,0,35,64.75706799938052,-47,63,-57.96610169491526,-99.75165562913908,95.36105032822758,52.18295218295219,4.859584859584871,3.673769287288758,-1.1854008425122415,-1.8791131317176315,1.5937751575995087,1.378895649145327,-0.07056311624273949,-0.5591895343536214,-1.0461748973380072,-1.863786657281054,1.5892040962495242,1.3790487283091915,-0.07363107781851078,-0.5506991028509451,,,,,,,,,,,,,
12189.34964118,12670509,1193,1192,1,0,19,65.10628700016241,-47,63,-58.04143126177024,-99.75165562913908,95.36105032822758,52.18295218295219,4.859584859584871,3.673769287288758,-1.1867880695825666,-1.8791131317176315,1.5937751575995087,1.378895649145327,-0.07056311624273949,-0.5591895343536214,-1.0952622825503477,-1.863786657281054,1.5892040962495242,1.3790487283091915,-0.07363107781851078,-0.5506991028509451,,,,,,,,,,,,,
12189.382682981,12670509,1194,1193,1,0,37,64.8682920000283,-47,63,-57.5894538606403,-99.75165562913908,95.36105032822758,52.18295218295219,4.859584859584871,3.673769287288758,-1.1784647071606156,-1.8791131317176315,1.5937751575995087,1.378895649145327,-0.07056311624273949,-0.5591895343536214,-1.141281706186917,-1.863786657281054,1.5892040962495242,1.3790487283091915,-0.07363107781851078,-0.5506991028509451,,,,,,,,,,,,,
12189.44967004,12670509,1196,1195,1,0,13,65.00808499913546,-47,63,-55.78154425612053,-99.75165562913908,95.36105032822758,52.18295218295219,4.859584859584871,3.673769287288758,-1.1451712574728106,-1.8791131317176315,1.5937751575995087,1.378895649145327,-0.07056311624273949,-0.5591895343536214,-1.167359379580973,-1.863786657281054,1.5892040962495242,1.3790487283091915,-0.07363107781851078,-0.5506991028509451,,,,,,,,,,,,,
12189.482541185,12670509,1197,1196,1,0,33,64.60305099972175,-47,63,-54.50094161958569,-99.75165562913908,95.36105032822758,52.18295218295219,4.859584859584871,3.673769287288758,-1.121588397277282,-1.8791131317176315,1.5937751575995087,1.378895649145327,-0.07056311624273949,-0.5591895343536214,-1.167359379580973,-1.863786657281054,1.5892040962495242,1.3790487283091915,-0.07516505860639641,-0.5506991028509451,,,,,,,,,,,,,
12189.549503493,12670509,1199,1198,1,0,19,65.13464100135025,-47,63,-50.96045197740113,-99.75165562913908,95.36105032822758,52.18295218295219,4.859584859584871,3.673769287288758,-1.0563887249719972,-1.8791131317176315,1.5937751575995087,1.378895649145327,-0.07056311624273949,-0.5591895343536214,-1.1566215140657734,-1.863786657281054,1.5892040962495242,1.3790487283091915,-0.07516505860639641,-0.5506991028509451,,,,,,,,,,,,,
12189.582912714,12670509,1200,1199,1,0,37,65.12589799967827,-47,63,-48.85122410546139,-99.75165562913908,95.36105032822758,52.18295218295219,4.859584859584871,3.673769287288758,-1.0175463670028912,-1.8791131317176315,1.5937751575995087,1.378895649145327,-0.07056311624273949,-0.5591895343536214,-1.1382137446111458,-1.863786657281054,1.5892040962495242,1.3790487283091915,-0.07516505860639641,-0.5506991028509451,,,,,,,,,,,,,
12189.649497489,12670509,1202,1201,1,0,19,64.655659998607,-47,63,-44.18079096045198,-99.75165562913908,95.36105032822758,52.18295218295219,4.859584859584871,3.673769287288758,-0.9315382886427285,-1.8791131317176315,1.5937751575995087,1.378895649145327,-0.07056311624273949,-0.5591895343536214,-1.1060001480655473,-1.863786657281054,1.5892040962495242,1.3790487283091915,-0.07516505860639641,-0.5506991028509451,,,,,,,,,,,,,
12189.682599049,12670509,1203,1202,1,0,34,64.55412499963131,-47,63,-41.46892655367231,-99.75165562913908,95.36105032822758,52.18295218295219,4.859584859584871,3.673769287288758,-0.8815981141110211,-1.8791131317176315,1.5937751575995087,1.378895649145327,-0.07056311624273949,-0.5591895343536214,-1.0630486860047492,-1.863786657281054,1.5892040962495242,1.3790487283091915,-0.07516505860639641,-0.5506991028509451,,,,,,,,,,,,,
12189.749398392,12670509,1205,1204,1,0,19,65.09946000005584,-47,63,-35.66854990583805,-99.75165562913908,95.36105032822758,52.18295218295219,4.859584859584871,3.673769287288758,-0.7747816296959802,-1.8791131317176315,1.5937751575995087,1.378895649145327,-0.07056311624273949,-0.5591895343536214,-1.009359358428752,-1.863786657281054,1.5892040962495242,1.3790487283091915,-0.07516505860639641,-0.5506991028509451,,,,,,,,,,,,,
12189.782647797,12670509,1206,1205,1,0,33,64.940245998514,-47,63,-32.65536723163842,-99.75165562913908,95.36105032822758,52.18295218295219,4.859584859584871,3.673769287288758,-0.719292546882972,-1.8791131317176315,1.5937751575995087,1.378895649145327,-0.07056311624273949,-0.5591895343536214,-0.9495341077012119,-1.863786657281054,1.5892040962495242,1.3790487283091915,-0.07516505860639641,-0.5506991028509451,,,,,,,,,,,,,
12189.849414216,12670509,1208,1207,1,0,19,64.99922799957858,-51,63,-26.101694915254242,-99.75165562913908,95.36105032822758,52.18295218295219,4.859584859584871,3.673769287288758,-0.5986037917646788,-1.8791131317176315,1.5937751575995087,1.378895649145327,-0.07056311624273949,-0.5591895343536214,-0.880504972246358,-1.863786657281054,1.5892040962495242,1.3790487283091915,-0.07516505860639641,-0.5506991028509451,,,,,,,,,,,,,
12189.916059547,12670509,1210,1208,1,0,35,98.35118299997703,-51,63,-19.1713747645951,-99.75165562913908,95.36105032822758,52.18295218295219,4.859584859584871,3.673769287288758,-0.4709789012947598,-1.8791131317176315,1.5937751575995087,1.378895649145327,-0.07056311624273949,-0.5591895343536214,-0.8068738944278473,-1.863786657281054,1.5892040962495242,1.3790487283091915,-0.07516505860639641,-0.5506991028509451,,,,,,,,,,,,,
12189.949349107,12670509,1211,1209,1,0,42,98.24724500140292,-51,63,-15.555555555555557,-99.75165562913908,95.36105032822758,52.18295218295219,4.859584859584871,3.673769287288758,-0.40439200191914987,-1.8791131317176315,1.5937751575995087,1.378895649145327,-0.07056311624273949,-0.5591895343536214,-0.7286408742456796,-1.863786657281054,1.5892040962495242,1.3790487283091915,-0.07516505860639641,-0.5506991028509451,,,,,,,,,,,,,
12189.98296938,12670509,1212,1211,1,0,29,65.22692900034599,-51,63,-11.864406779661024,-99.75165562913908,95.36105032822758,52.18295218295219,4.859584859584871,3.673769287288758,-0.33641787547321483,-1.8791131317176315,1.5937751575995087,1.378895649145327,-0.07056311624273949,-0.5591895343536214,-0.6442719309119693,-1.863786657281054,1.5892040962495242,1.3790487283091915,-0.07516505860639641,-0.5506991028509451,,,,,,,,,,,,,
12190.016156443,12670509,1213,1213,1,0,19,31.34717700049805,-51,63,-8.022598870056498,-99.75165562913908,95.36105032822758,52.18295218295219,4.859584859584871,3.673769287288758,-0.26566929488662916,-1.8791131317176315,1.5937751575995087,1.378895649145327,-0.07056311624273949,-0.5591895343536214,-0.5691068723055729,-1.863786657281054,1.5892040962495242,1.3790487283091915,-0.07516505860639641,-0.5506991028509451,,,,,,,,,,,,,
12190.082690709,12670509,1215,1214,1,0,31,64.71749499905854,-51,63,-0.33898305084744607,-99.75165562913908,95.36105032822758,52.18295218295219,4.859584859584871,3.673769287288758,-0.12417213371345788,-1.8791131317176315,1.5937751575995087,1.378895649145327,-0.07056311624273949,-0.5591895343536214,-0.48473792897186263,-1.863786657281054,1.5892040962495242,1.3790487283091915,-0.07516505860639641,-0.5506991028509451,,,,,,,,,,,,,
12190.116098262,12670509,1216,1216,1,0,18,31.54525200079661,-51,63,3.502824858757066,-99.75165562913908,95.36105032822758,52.18295218295219,4.859584859584871,3.673769287288758,-0.053423553126872594,-1.8791131317176315,1.5937751575995087,1.378895649145327,-0.07056311624273949,-0.5591895343536214,-0.38196121618352463,-1.863786657281054,1.5892040962495242,1.3790487283091915,-0.07516505860639641,-0.5506991028509451,,,,,,,,,,,,,
12190.182704078,12670509,1218,1217,1,0,35,64.76068500160181,-51,63,10.809792843691142,-99.75165562913908,95.36105032822758,52.18295218295219,4.859584859584871,3.8207200587803087,0.08113747269467274,-1.8791131317176315,1.5937751575995087,1.378895649145327,-0.07056311624273949,-0.5555760572000863,-0.27304858024364415,-1.863786657281054,1.5892040962495242,1.3790487283091915,-0.07516505860639641,-0.5506991028509451,,,,,,,,,,,,,
12190.249678521,12670509,1220,1219,1,0,19,65.11247100024775,-51,63,16.760828625235405,-99.75165562913908,95.36105032822758,52.18295218295219,4.859584859584871,4.041146216017634,0.19072841125036416,-1.8791131317176315,1.5937751575995087,1.378895649145327,-0.07056311624273949,-0.5501558414697835,-0.16260196351587797,-1.863786657281054,1.5892040962495242,1.3790487283091915,-0.07516505860639641,-0.5506991028509451,,,,,,,,,,,,,
12190.282753705,12670509,1221,1220,1,0,33,64.85796100059815,-51,63,19.397363465160083,-99.75165562913908,95.36105032822758,52.18295218295219,4.908424908424919,4.114621601763409,0.23928135871174616,-1.8791131317176315,1.5937751575995087,1.378895649145327,-0.06902913545485385,-0.5483491028930161,-0.05522330836388308,-1.863786657281054,1.5892040962495242,1.3790487283091915,-0.07516505860639641,-0.5506991028509451,,,,,,,,,,,,,
12190.349638347,12670509,1223,1222,1,0,19,64.98763899980986,-51,63,21.355932203389827,-99.75165562913908,95.36105032822758,51.351351351351354,4.908424908424919,4.2615723732549595,0.27534926254020137,-1.8791131317176315,1.5937751575995087,1.363479301684539,-0.06902913545485385,-0.544735625739481,0.044485442848683596,-1.863786657281054,1.5892040962495242,1.3790487283091915,-0.07516505860639641,-0.5506991028509451,,,,,,,,,,,,,
12190.382680425,12670509,1224,1223,1,0,32,64.79362699974445,-51,63,20.451977401129938,-99.75165562913908,95.36105032822758,51.26819126819126,4.908424908424919,4.335047759000735,0.2587025376962992,-1.8791131317176315,1.5937751575995087,1.3619376669384597,-0.06902913545485385,-0.5429288871627133,0.13192234775816514,-1.863786657281054,1.5892040962495242,1.3790487283091915,-0.07516505860639641,-0.5506991028509451,,,,,,,,,,,,,
12190.449627693,12670509,1226,1225,1,0,19,65.11064600090322,-51,63,16.384180790960443,-99.75165562913908,95.36105032822758,51.26819126819126,4.908424908424919,4.335047759000735,0.18379227589873787,-1.8791131317176315,1.5937751575995087,1.3619376669384597,-0.06902913545485385,-0.5429288871627133,0.20401944478879028,-1.863786657281054,1.5892040962495242,1.3790487283091915,-0.07516505860639641,-0.5506991028509451,,,,,,,,,,,,,
12190.482689922,12670509,1227,1226,1,0,38,64.87200800074788,-51,63,13.672316384180789,-99.75165562913908,95.36105032822758,51.26819126819126,4.908424908424919,4.335047759000735,0.13385210136703007,-1.8791131317176315,1.5937751575995087,1.3619376669384597,-0.06902913545485385,-0.5429288871627133,0.23009711818284617,-1.863786657281054,1.5892040962495242,1.3790487283091915,-0.07516505860639641,-0.5506991028509451,,,,,,,,,,,,,
12190.549641031,12670509,1229,1228,1,0,15,65.12453499999538,-51,63,7.193973634651599,-99.75165562913908,95.36105032822758,51.26819126819126,4.566544566544579,4.114621601763409,0.014550573319062801,-1.8791131317176315,1.5937751575995087,1.3619376669384597,-0.07976700097005335,-0.5483491028930161,0.21322332951610412,-1.863786657281054,1.5892040962495242,1.3790487283091915,-0.07516505860639641,-0.5506991028509451,,,,,,,,,,,,,
12190.582890441,12670509,1230,1229,1,0,33,64.99823699959961,-51,63,3.5781544256120412,-99.75165562913908,95.36105032822758,51.26819126819126,4.51770451770453,3.894195444526084,-0.05203632605654747,-1.8791131317176315,1.5937751575995087,1.3619376669384597,-0.08130098175793898,-0.5537693186233189,0.17333982903107745,-1.863786657281054,1.5892040962495242,1.3790487283091915,-0.07363107781851078,-0.5506991028509451,,,,,,,,,,,,,
12190.64949463,12670509,1232,1231,1,0,19,64.71313500151155,-51,63,-4.557438794726934,-99.75165562913908,95.36105032822758,51.26819126819126,4.51770451770453,3.894195444526084,-0.20185684965166983,-1.8791131317176315,1.5937751575995087,1.3619376669384597,-0.08130098175793898,-0.5537693186233189,0.11351457830353745,-1.863786657281054,1.5892040962495242,1.3790487283091915,-0.07363107781851078,-0.5506991028509451,,,,,,,,,,,,,
12190.682591052,12670509,1233,1232,1,0,34,64.55844499942032,-51,63,-8.851224105461398,-99.75165562913908,95.36105032822758,51.26819126819126,4.51770451770453,3.894195444526084,-0.28092879266020654,-1.8791131317176315,1.5937751575995087,1.3619376669384597,-0.08130098175793898,-0.5537693186233189,0.039883500485026674,-1.863786657281054,1.5892040962495242,1.3790487283091915,-0.07363107781851078,-0.5506991028509451,,,,,,,,,,,,,
12190.749604042,12670509,1235,1234,1,0,19,65.32125499870745,-51,63,-17.363465160075336,-99.75165562913908,95.36105032822758,51.26819126819126,4.51770451770453,3.894195444526084,-0.4376854516069548,-1.8791131317176315,1.5937751575995087,1.3619376669384597,-0.08130098175793898,-0.5537693186233189,-0.047553404424454875,-1.863786657281054,1.5892040962495242,1.3790487283091915,-0.07363107781851078,-0.5506991028509451,,,,,,,,,,,,,
12190.78268508,12670509,1236,1235,1,0,38,64.65264699909312,-51,63,-21.355932203389827,-99.75165562913908,95.36105032822758,51.26819126819126,4.51770451770453,3.894195444526084,-0.5112084863341907,-1.8791131317176315,1.5937751575995087,1.3619376669384597,-0.08130098175793898,-0.5537693186233189,-0.14572817484913592,-1.863786657281054,1.5892040962495242,1.3790487283091915,-0.07363107781851078,-0.5506991028509451,,,,,,,,,,,,,
12190.849615929,12670509,1238,1237,1,0,19,65.09626400111301,-51,63,-28.28625235404897,-99.75165562913908,95.36105032822758,51.26819126819126,4.664224664224676,3.894195444526084,-0.6388333768041101,-1.8791131317176315,1.5937751575995087,1.3619376669384597,-0.07669903939428206,-0.5537693186233189,-0.25464081078901646,-1.863786657281054,1.5892040962495242,1.3790487283091915,-0.07363107781851078,-0.5506991028509451,,,,,,,,,,,,,
12190.882723521,12670509,1239,1238,1,0,31,64.76670899974124,-51,63,-31.45009416195856,-99.75165562913908,95.36105032822758,51.26819126819126,4.664224664224676,3.894195444526084,-0.6970969137577683,-1.8791131317176315,1.5937751575995087,1.3619376669384597,-0.07669903939428206,-0.5537693186233189,-0.3604854851531257,-1.863786657281054,1.5892040962495242,1.3790487283091915,-0.07363107781851078,-0.5506991028509451,,,,,,,,,,,,,
12190.949604598,12670509,1241,1240,1,0,14,65.0280579993705,-51,63,-35.29190207156309,-99.75165562913908,95.36105032822758,52.0997920997921,4.859584859584871,3.8207200587803087,-0.7678454943443539,-1.8791131317176315,1.5937751575995087,1.3773540143992482,-0.07056311624273949,-0.5555760572000863,-0.47093210188089185,-1.863786657281054,1.5892040962495242,1.3790487283091915,-0.07363107781851078,-0.5506991028509451,,,,,,,,,,,,,
12190.982721528,12670509,1242,1241,1,0,33,64.86269600100059,-50,63,-35.517890772128055,-99.75165562913908,95.36105032822758,52.18295218295219,4.859584859584871,3.7472446730345332,-0.7720071755553296,-1.8791131317176315,1.5937751575995087,1.378895649145327,-0.07056311624273949,-0.557382795776854,-0.5767767762450011,-1.863786657281054,1.5892040962495242,1.3790487283091915,-0.07363107781851078,-0.5506991028509451,,,,,,,,,,,,,
12191.049609708,12670509,1244,1243,1,0,18,65.04010400021798,-50,63,-33.93596986817326,-99.75165562913908,95.36105032822758,52.18295218295219,4.859584859584871,3.7472446730345332,-0.7428754070785003,-1.8791131317176315,1.5937751575995087,1.378895649145327,-0.07056311624273949,-0.557382795776854,-0.6703496043060252,-1.863786657281054,1.5892040962495242,1.3790487283091915,-0.07363107781851078,-0.5506991028509451,,,,,,,,,,,,,
12191.082718464,12670509,1245,1244,1,0,33,64.92842999978166,-50,63,-32.27871939736346,-99.75165562913908,95.36105032822758,52.18295218295219,4.859584859584871,3.7472446730345332,-0.712356411531346,-1.8791131317176315,1.5937751575995087,1.378895649145327,-0.07056311624273949,-0.557382795776854,-0.7179030087304801,-1.863786657281054,1.5892040962495242,1.3790487283091915,-0.07363107781851078,-0.5506991028509451,,,,,,,,,,,,,
12191.149610817,12670509,1247,1246,1,0,15,65.0916029990185,-50,63,-27.38229755178908,-99.75165562913908,95.36105032822758,52.18295218295219,4.859584859584871,3.7472446730345332,-0.6221866519602076,-1.8791131317176315,1.5937751575995087,1.378895649145327,-0.07056311624273949,-0.557382795776854,-0.722504951094137,-1.863786657281054,1.5892040962495242,1.3790487283091915,-0.07976700097005335,-0.5506991028509451,,,,,,,,,,,,,
12191.216088313,12670509,1249,1247,1,0,33,98.10981299960986,-50,63,-20.52730696798494,-99.75165562913908,95.36105032822758,52.18295218295219,4.859584859584871,3.673769287288758,-0.4959489885606137,-1.8791131317176315,1.5937751575995087,1.378895649145327,-0.07056311624273949,-0.5591895343536214,-0.7133010663668231,-1.863786657281054,1.5892040962495242,1.3790487283091915,-0.07669903939428206,-0.5506991028509451,,,,,,,,,,,,,
12191.249609583,12670509,1250,1249,1,0,19,65.18473500000255,-50,63,-16.534839924670436,-99.75165562913908,95.36105032822758,52.18295218295219,4.859584859584871,3.673769287288758,-0.42242595383337783,-1.8791131317176315,1.5937751575995087,1.378895649145327,-0.07056311624273949,-0.5591895343536214,-0.6764855274575677,-1.863786657281054,1.5892040962495242,1.3790487283091915,-0.0782330201821677,-0.5506991028509451,,,,,,,,,,,,,
12191.282711974,12670509,1251,1250,1,0,33,64.80241999997816,-50,63,-12.467043314500941,-99.75165562913908,95.36105032822758,52.18295218295219,4.859584859584871,3.673769287288758,-0.34751569203581645,-1.8791131317176315,1.5937751575995087,1.378895649145327,-0.07056311624273949,-0.5591895343536214,-0.6396699885483124,-1.863786657281054,1.5892040962495242,1.3790487283091915,-0.0782330201821677,-0.5506991028509451,,,,,,,,,,,,,
12191.349445704,12670509,1253,1252,1,0,19,64.87096799901337,-50,63,-4.030131826742007,-99.75165562913908,95.36105032822758,52.01663201663203,4.859584859584871,4.041146216017634,-0.1921462601593933,-1.8791131317176315,1.5937751575995087,1.3758123796531696,-0.07056311624273949,-0.5501558414697835,-0.5783107570328867,-1.863786657281054,1.5892040962495242,1.3790487283091915,-0.07669903939428206,-0.5506991028509451,,,,,,,,,,,,,
12191.382695616,12670509,1254,1253,1,0,37,64.83892100004596,-50,63,0.1129943502824915,-99.75165562913908,95.36105032822758,51.68399168399168,4.859584859584871,4.114621601763409,-0.11584877129150682,-1.8791131317176315,1.5937751575995087,1.3696458406688539,-0.07056311624273949,-0.5483491028930161,-0.48473792897186263,-1.863786657281054,1.5892040962495242,1.3790487283091915,-0.07976700097005335,-0.5506991028509451,,,,,,,,,,,,,
12191.44964885,12670509,1256,1255,1,0,15,65.11383100041712,-50,63,7.043314500941619,-99.75165562913908,95.36105032822758,51.517671517671516,4.859584859584871,4.114621601763409,0.011776119178411863,-1.8791131317176315,1.5937751575995087,1.3665625711766964,-0.07056311624273949,-0.5483491028930161,-0.37429131224409645,-1.863786657281054,1.5892040962495242,1.3790487283091915,-0.07669903939428206,-0.5491651220630596,,,,,,,,,,,,,
12191.482678327,12670509,1257,1256,1,0,33,64.76362099965627,-50,63,10.056497175141232,-99.75165562913908,95.36105032822758,51.517671517671516,4.859584859584871,4.1880969875091845,0.06726520199142015,-1.8791131317176315,1.5937751575995087,1.3665625711766964,-0.07056311624273949,-0.5465423643162484,-0.2684466378799872,-1.863786657281054,1.5892040962495242,1.3790487283091915,-0.07516505860639641,-0.5445631796994026,,,,,,,,,,,,,
12191.549631646,12670509,1259,1258,1,0,19,65.16276599904813,-50,63,13.672316384180789,-99.75165562913908,95.36105032822758,51.60083160083161,4.713064713064725,4.335047759000735,0.13385210136703007,-1.8791131317176315,1.5937751575995087,1.3681042059227753,-0.07516505860639641,-0.5429288871627133,-0.1595340019401067,-1.863786657281054,1.5892040962495242,1.3790487283091915,-0.07669903939428206,-0.543029198911517,,,,,,,,,,,,,
12191.582702888,12670509,1260,1259,1,0,34,64.69000299875916,-50,63,13.973634651600747,-99.75165562913908,95.36105032822758,51.60083160083161,4.664224664224676,4.335047759000735,0.13940100964833124,-1.8791131317176315,1.5937751575995087,1.3681042059227753,-0.07669903939428206,-0.5429288871627133,-0.05829126993965436,-1.863786657281054,1.5892040962495242,1.3790487283091915,-0.07669903939428206,-0.543029198911517,,,,,,,,,,,,,
12191.649585329,12670509,1262,1261,1,0,18,65.0387169989699,-50,63,13.5969868173258,-99.75165562913908,95.36105032822758,51.60083160083161,4.859584859584871,4.335047759000735,0.13246487429670495,-1.8791131317176315,1.5937751575995087,1.3681042059227753,-0.07056311624273949,-0.5429288871627133,0.02761165418194154,-1.863786657281054,1.5892040962495242,1.3790487283091915,-0.07669903939428206,-0.543029198911517,,,,,,,,,,,,,
12191.68284921,12670509,1263,1262,1,0,38,65.02466799975082,-50,63,13.220338983050837,-99.75165562913908,95.36105032822758,51.68399168399168,4.859584859584871,4.335047759000735,0.12552873894507866,-1.8791131317176315,1.5937751575995087,1.3696458406688539,-0.07056311624273949,-0.5429288871627133,0.09050486648525283,-1.863786657281054,1.5892040962495242,1.3790487283091915,-0.07669903939428206,-0.543029198911517,,,,,,,,,,,,,
12191.749640726,12670509,1265,1264,1,0,19,65.1007260003098,-50,63,12.165725047080983,-99.75165562913908,95.36105032822758,51.68399168399168,4.859584859584871,4.335047759000735,0.10610755996052629,-1.8791131317176315,1.5937751575995087,1.3696458406688539,-0.07056311624273949,-0.5429288871627133,0.10737865515199488,-1.863786657281054,1.5892040962495242,1.3790487283091915,-0.07669903939428206,-0.543029198911517,,,,,,,,,,,,,
12191.782826406,12670509,1266,1265,1,0,38,64.82195100034005,-50,63,11.261770244821093,-99.75165562913908,95.36105032822758,51.68399168399168,4.810744810744822,4.335047759000735,0.08946083511662416,-1.8791131317176315,1.5937751575995087,1.3696458406688539,-0.07209709703062514,-0.5429288871627133,0.10737865515199488,-1.863786657281054,1.5892040962495242,1.3790487283091915,-0.07516505860639641,-0.543029198911517,,,,,,,,,,,,,
12191.849667638,12670509,1268,1267,1,0,15,64.94860599923413,-50,63,8.474576271186436,-99.75165562913908,95.36105032822758,51.517671517671516,4.468864468864481,4.335047759000735,0.03813343351459124,-1.8791131317176315,1.5937751575995087,1.3665625711766964,-0.08283496254582462,-0.5429288871627133,0.10737865515199488,-1.863786657281054,1.5892040962495242,1.3790487283091915,-0.07516505860639641,-0.543029198911517,,,,,,,,,,,,,
12191.882939665,12670509,1269,1268,1,0,32,64.88496500060137,-50,63,6.440677966101703,-99.75165562913908,95.36105032822758,51.43451143451142,4.420024420024433,4.1880969875091845,0.0006783026158109079,-1.8791131317176315,1.5937751575995087,1.3650209364306172,-0.08436894333371027,-0.5465423643162484,0.09817477042468103,-1.863786657281054,1.5892040962495242,1.3790487283091915,-0.07669903939428206,-0.543029198911517,,,,,,,,,,,,,
12191.949604862,12670509,1271,1270,1,0,19,64.8161130011431,-50,63,0.8662900188323874,-99.75165562913908,95.36105032822758,51.351351351351354,4.420024420024433,4.041146216017634,-0.10197650058825493,-1.8791131317176315,1.5937751575995087,1.363479301684539,-0.08436894333371027,-0.5501558414697835,0.07056311624273949,-1.863786657281054,1.5892040962495242,1.3790487283091915,-0.07669903939428206,-0.543029198911517,,,,,,,,,,,,,
12191.982984938,12670509,1272,1271,1,0,35,65.08452900015982,-50,63,-2.297551789077218,-99.75165562913908,95.36105032822758,51.351351351351354,4.420024420024433,3.894195444526084,-0.16024003754191343,-1.8791131317176315,1.5937751575995087,1.363479301684539,-0.08436894333371027,-0.5537693186233189,0.03681553890925539,-1.863786657281054,1.5892040962495242,1.3790487283091915,-0.07669903939428206,-0.543029198911517,,,,,,,,,,,,,
12192.016240963,12670509,1273,1273,1,0,11,31.395956999404007,-50,63,-5.461393596986824,-99.75165562913908,95.36105032822758,51.351351351351354,4.566544566544579,3.894195444526084,-0.2185035744955723,-1.8791131317176315,1.5937751575995087,1.363479301684539,-0.07976700097005335,-0.5537693186233189,-0.01380582709097077,-1.863786657281054,1.5892040962495242,1.3790487283091915,-0.07669903939428206,-0.543029198911517,,,,,,,,,,,,,
12192.082697335,12670509,1275,1274,1,0,31,64.74470799912524,-46,63,-11.337099811676083,-99.75165562913908,95.36105032822758,51.351351351351354,4.761904761904773,3.894195444526084,-0.3267072859809383,-1.8791131317176315,1.5937751575995087,1.363479301684539,-0.07363107781851078,-0.5537693186233189,-0.07976700097005335,-1.863786657281054,1.5892040962495242,1.3790487283091915,-0.07516505860639641,-0.543029198911517,,,,,,,,,,,,,
12192.149605869,12670509,1277,1276,1,0,19,65.0636400005169,-46,63,-16.459510357815446,-99.75165562913908,95.36105032822758,51.351351351351354,4.761904761904773,3.894195444526084,-0.4210387267630523,-1.8791131317176315,1.5937751575995087,1.363479301684539,-0.07363107781851078,-0.5537693186233189,-0.15033011721279282,-1.863786657281054,1.5892040962495242,1.3790487283091915,-0.07669903939428206,-0.543029198911517,,,,,,,,,,,,,
12192.182716452,12670509,1278,1277,1,0,33,64.86992800091684,-46,63,-18.3427495291902,-99.75165562913908,95.36105032822758,51.351351351351354,4.664224664224676,3.894195444526084,-0.45571940352118245,-1.8791131317176315,1.5937751575995087,1.363479301684539,-0.07669903939428206,-0.5537693186233189,-0.23009711818284617,-1.863786657281054,1.5892040962495242,1.3790487283091915,-0.07516505860639641,-0.543029198911517,,,,,,,,,,,,,
12192.249636819,12670509,1280,1279,1,0,4,65.09069999992789,-46,63,-21.807909604519764,-99.75165562913908,95.36105032822758,51.351351351351354,4.468864468864481,3.8207200587803087,-0.5195318487561418,-1.8791131317176315,1.5937751575995087,1.363479301684539,-0.08283496254582462,-0.5555760572000863,-0.3098641191528995,-1.863786657281054,1.5892040962495242,1.3790487283091915,-0.07516505860639641,-0.543029198911517,,,,,,,,,,,,,
12192.28273449,12670509,1281,1280,1,0,33,64.89321899971401,-46,63,-22.335216572504706,-99.75165562913908,95.36105032822758,51.60083160083161,4.810744810744822,3.7472446730345332,-0.5292424382484183,-1.8791131317176315,1.5937751575995087,1.3681042059227753,-0.07209709703062514,-0.557382795776854,-0.380427235395639,-1.863786657281054,1.5892040962495242,1.3790487283091915,-0.07516505860639641,-0.543029198911517,,,,,,,,,,,,,
12192.349663553,12670509,1283,1281,1,0,42,98.21900099996128,-46,63,-20.75329566854991,-99.75165562913908,95.36105032822758,52.18295218295219,4.859584859584871,3.7472446730345332,-0.5001106697715894,-1.8791131317176315,1.5937751575995087,1.378895649145327,-0.07056311624273949,-0.557382795776854,-0.44178646691106466,-1.863786657281054,1.5892040962495242,1.3790487283091915,-0.07516505860639641,-0.543029198911517,,,,,,,,,,,,,
12192.382694042,12670509,1284,1283,1,0,33,64.69643899981747,-46,63,-18.94538606403013,-99.75165562913908,95.36105032822758,52.26611226611226,4.859584859584871,3.7472446730345332,-0.46681722008378407,-1.8791131317176315,1.5937751575995087,1.3804372838914056,-0.07056311624273949,-0.557382795776854,-0.48933987133551954,-1.863786657281054,1.5892040962495242,1.3790487283091915,-0.07516505860639641,-0.543029198911517,,,,,,,,,,,,,
12192.482707688,12670509,1287,1285,1,0,11,97.95344099984504,-46,63,-10.433145009416194,-99.75165562913908,95.36105032822758,52.26611226611226,4.859584859584871,3.7472446730345332,-0.3100605611370358,-1.8791131317176315,1.5937751575995087,1.3804372838914056,-0.07056311624273949,-0.557382795776854,-0.47860200582032003,-1.863786657281054,1.5892040962495242,1.3790487283091915,-0.07669903939428206,-0.543029198911517,,,,,,,,,,,,,
12192.549553197,12670509,1289,1288,1,0,19,64.82072499966307,-46,63,-3.9548022598870034,-99.75165562913908,95.36105032822758,52.26611226611226,4.859584859584871,3.894195444526084,-0.19075903308906783,-1.8791131317176315,1.5937751575995087,1.3804372838914056,-0.07056311624273949,-0.5537693186233189,-0.45099035163837853,-1.863786657281054,1.5892040962495242,1.3790487283091915,-0.07669903939428206,-0.543029198911517,,,,,,,,,,,,,
12192.61619496,12670509,1291,1289,1,0,34,98.34284399948956,-46,63,1.4689265536723184,-99.75165562913908,95.36105032822758,52.26611226611226,4.859584859584871,4.114621601763409,-0.09087868402565293,-1.8791131317176315,1.5937751575995087,1.3804372838914056,-0.07056311624273949,-0.5483491028930161,-0.4049709280018093,-1.863786657281054,1.5892040962495242,1.3790487283091915,-0.07669903939428206,-0.543029198911517,,,,,,,,,,,,,
12192.649390964,12670509,1292,1291,1,0,15,64.78479299948958,-46,63,4.105461393596983,-99.75165562913908,95.36105032822758,52.26611226611226,4.859584859584871,4.114621601763409,-0.04232573656427094,-1.8791131317176315,1.5937751575995087,1.3804372838914056,-0.07056311624273949,-0.5483491028930161,-0.32520392703175593,-1.863786657281054,1.5892040962495242,1.3790487283091915,-0.07669903939428206,-0.543029198911517,,,,,,,,,,,,,
12192.682594082,12670509,1293,1292,1,0,29,64.42087200048263,-46,63,6.06403013182674,-99.75165562913908,95.36105032822758,52.26611226611226,4.859584859584871,4.114621601763409,-0.006257832735815386,-1.8791131317176315,1.5937751575995087,1.3804372838914056,-0.07056311624273949,-0.5483491028930161,-0.24390294527381695,-1.863786657281054,1.5892040962495242,1.3790487283091915,-0.07669903939428206,-0.543029198911517,,,,,,,,,,,,,
12192.74940859,12670509,1295,1294,1,0,19,65.00111700006528,-46,63,7.495291902071571,-99.75165562913908,95.36105032822758,52.18295218295219,4.51770451770453,4.1880969875091845,0.020099481600363286,-1.8791131317176315,1.5937751575995087,1.378895649145327,-0.08130098175793898,-0.5465423643162484,-0.16720390587953488,-1.863786657281054,1.5892040962495242,1.3790487283091915,-0.07669903939428206,-0.543029198911517,,,,,,,,,,,,,
12192.782598817,12670509,1296,1295,1,0,34,64.89459200020065,-46,63,7.269303201506588,-99.75165562913908,95.36105032822758,52.18295218295219,4.51770451770453,4.1880969875091845,0.015937800389387927,-1.8791131317176315,1.5937751575995087,1.378895649145327,-0.08130098175793898,-0.5465423643162484,-0.09357282806102411,-1.863786657281054,1.5892040962495242,1.3790487283091915,-0.07669903939428206,-0.543029198911517,,,,,,,,,,,,,
12192.849403141,12670509,1298,1297,1,0,19,65.10078299834277,-46,63,6.290018832391709,-99.75165562913908,95.36105032822758,52.18295218295219,4.51770451770453,3.8207200587803087,-0.0020961515248400266,-1.8791131317176315,1.5937751575995087,1.378895649145327,-0.08130098175793898,-0.5555760572000863,-0.0337475773334841,-1.863786657281054,1.5892040962495242,1.3790487283091915,-0.07669903939428206,-0.543029198911517,,,,,,,,,,,,,
12192.882642766,12670509,1299,1298,1,0,38,64.95945599999686,-46,63,5.6873822975517925,-99.75165562913908,95.36105032822758,52.18295218295219,4.51770451770453,3.8207200587803087,-0.013193968087441332,-1.8791131317176315,1.5937751575995087,1.378895649145327,-0.08130098175793898,-0.5555760572000863,-0.010737865515199488,-1.863786657281054,1.5892040962495242,1.3790487283091915,-0.0782330201821677,-0.543029198911517,,,,,,,,,,,,,
12192.949402475,12670509,1301,1300,1,0,19,65.08299900087877,-46,63,4.331450094161966,-99.75165562913908,95.36105032822758,52.18295218295219,4.615384615384627,3.8207200587803087,-0.03816405535329523,-1.8791131317176315,1.5937751575995087,1.378895649145327,-0.0782330201821677,-0.5555760572000863,-0.01227184630308513,-1.863786657281054,1.5892040962495242,1.3790487283091915,-0.07669903939428206,-0.5476311412751739,,,,,,,,,,,,,
12192.982573909,12670509,1302,1301,1,0,36,64.9821429997246,-46,63,3.804143126177024,-99.75165562913908,95.36105032822758,52.18295218295219,4.51770451770453,3.8207200587803087,-0.047874644845571766,-1.8791131317176315,1.5937751575995087,1.378895649145327,-0.08130098175793898,-0.5555760572000863,-0.01380582709097077,-1.863786657281054,1.5892040962495242,1.3790487283091915,-0.07669903939428206,-0.5491651220630596,,,,,,,,,,,,,
12193.049357889,12670509,1304,1303,1,0,19,65.03364399941347,-46,63,3.050847457627114,-99.75165562913908,95.36105032822758,52.18295218295219,4.810744810744822,3.8207200587803087,-0.06174691554882401,-1.8791131317176315,1.5937751575995087,1.378895649145327,-0.07209709703062514,-0.5555760572000863,-0.023009711818284616,-1.863786657281054,1.5892040962495242,1.3790487283091915,-0.07669903939428206,-0.5491651220630596,,,,,,,,,,,,,
12193.082712445,12670509,1305,1304,1,0,33,64.88149300093937,-46,63,2.74952919020717,-99.75165562913908,95.36105032822758,52.18295218295219,4.810744810744822,3.8207200587803087,-0.06729582383012449,-1.8791131317176315,1.5937751575995087,1.378895649145327,-0.07209709703062514,-0.5555760572000863,-0.035281558121369745,-1.863786657281054,1.5892040962495242,1.3790487283091915,-0.07669903939428206,-0.5491651220630596,,,,,,,,,,,,,
12193.149504069,12670509,1307,1306,1,0,19,64.77003600048192,-46,63,2.74952919020717,-99.75165562913908,95.36105032822758,52.18295218295219,4.810744810744822,3.8207200587803087,-0.06729582383012449,-1.8791131317176315,1.5937751575995087,1.378895649145327,-0.07209709703062514,-0.5555760572000863,-0.047553404424454875,-1.863786657281054,1.5892040962495242,1.3790487283091915,-0.07669903939428206,-0.5491651220630596,,,,,,,,,,,,,
12193.182707036,12670509,1308,1307,1,0,34,64.67955999869446,-46,63,2.8248587570621595,-99.75165562913908,95.36105032822758,52.18295218295219,4.810744810744822,3.8207200587803087,-0.06590859675979902,-1.8791131317176315,1.5937751575995087,1.378895649145327,-0.07209709703062514,-0.5555760572000863,-0.05522330836388308,-1.863786657281054,1.5892040962495242,1.3790487283091915,-0.07669903939428206,-0.5491651220630596,,,,,,,,,,,,,
12193.249635759,12670509,1310,1309,1,0,15,64.87557400032529,-50,63,2.74952919020717,-99.75165562913908,95.36105032822758,52.18295218295219,4.810744810744822,3.8207200587803087,-0.06729582383012449,-1.8791131317176315,1.5937751575995087,1.378895649145327,-0.07209709703062514,-0.5555760572000863,-0.05829126993965436,-1.863786657281054,1.5892040962495242,1.3790487283091915,-0.07669903939428206,-0.5491651220630596,,,,,,,,,,,,,
12193.282701931,12670509,1311,1310,1,0,33,64.61420800042106,-50,63,2.74952919020717,-99.75165562913908,95.36105032822758,52.18295218295219,4.810744810744822,3.8207200587803087,-0.06729582383012449,-1.8791131317176315,1.5937751575995087,1.378895649145327,-0.07209709703062514,-0.5555760572000863,-0.05829126993965436,-1.863786657281054,1.5892040962495242,1.3790487283091915,-0.07669903939428206,-0.5491651220630596,,,,,,,,,,,,,
12193.349369702,12670509,1313,1312,1,0,15,64.61452700023074,-50,63,2.74952919020717,-99.75165562913908,95.36105032822758,52.18295218295219,4.810744810744822,3.7472446730345332,-0.06729582383012449,-1.8791131317176315,1.5937751575995087,1.378895649145327,-0.07209709703062514,-0.557382795776854,-0.05829126993965436,-1.863786657281054,1.5892040962495242,1.3790487283091915,-0.07669903939428206,-0.5491651220630596,,,,,,,,,,,,,
12193.382695898,12670509,1314,1313,1,0,32,64.37989799997013,-50,63,2.74952919020717,-99.75165562913908,95.36105032822758,52.18295218295219,4.810744810744822,3.7472446730345332,-0.06729582383012449,-1.8791131317176315,1.5937751575995087,1.378895649145327,-0.07209709703062514,-0.557382795776854,-0.05829126993965436,-1.863786657281054,1.5892040962495242,1.3790487283091915,-0.07669903939428206,-0.5491651220630596,,,,,,,,,,,,,
12193.449527929,12670509,1316,1315,1,0,15,64.78429100025096,-50,63,2.74952919020717,-99.75165562913908,95.36105032822758,52.18295218295219,4.810744810744822,3.7472446730345332,-0.06729582383012449,-1.8791131317176315,1.5937751575995087,1.378895649145327,-0.07209709703062514,-0.557382795776854,-0.05829126993965436,-1.863786657281054,1.5892040962495242,1.3790487283091915,-0.07669903939428206,-0.5491651220630596,,,,,,,,,,,,,
12193.482692186,12670509,1317,1316,1,0,33,64.6183379994909,-50,63,2.74952919020717,-99.75165562913908,95.36105032822758,52.18295218295219,4.810744810744822,3.7472446730345332,-0.06729582383012449,-1.8791131317176315,1.5937751575995087,1.378895649145327,-0.07209709703062514,-0.557382795776854,-0.05829126993965436,-1.863786657281054,1.5892040962495242,1.3790487283091915,-0.07669903939428206,-0.5491651220630596,,,,,,,,,,,,,
12193.549232809,12670509,1319,1318,1,0,19,64.47782100076438,-50,63,2.74952919020717,-99.75165562913908,95.36105032822758,52.18295218295219,4.810744810744822,3.7472446730345332,-0.06729582383012449,-1.8791131317176315,1.5937751575995087,1.378895649145327,-0.07209709703062514,-0.557382795776854,-0.05829126993965436,-1.863786657281054,1.5892040962495242,1.3790487283091915,-0.07669903939428206,-0.5491651220630596,,,,,,,,,,,,,
12193.582987093,12670509,1320,1319,1,0,34,65.02960299985716,-50,63,2.74952919020717,-99.75165562913908,95.36105032822758,52.18295218295219,4.810744810744822,3.7472446730345332,-0.06729582383012449,-1.8791131317176315,1.5937751575995087,1.378895649145327,-0.07209709703062514,-0.557382795776854,-0.05829126993965436,-1.863786657281054,1.5892040962495242,1.3790487283091915,-0.07669903939428206,-0.5491651220630596,,,,,,,,,,,,,
12193.649503906,12670509,1322,1321,1,0,15,64.43763199968089,-50,63,2.74952919020717,-99.75165562913908,95.36105032822758,52.18295218295219,4.810744810744822,3.7472446730345332,-0.06729582383012449,-1.8791131317176315,1.5937751575995087,1.378895649145327,-0.07209709703062514,-0.557382795776854,-0.05829126993965436,-1.863786657281054,1.5892040962495242,1.3790487283091915,-0.07669903939428206,-0.5491651220630596,,,,,,,,,,,,,
12193.682563355,12670509,1323,1322,1,0,33,64.59931700010202,-50,63,2.74952919020717,-99.75165562913908,95.36105032822758,52.18295218295219,4.810744810744822,3.7472446730345332,-0.06729582383012449,-1.8791131317176315,1.5937751575995087,1.378895649145327,-0.07209709703062514,-0.557382795776854,-0.05829126993965436,-1.863786657281054,1.5892040962495242,1.3790487283091915,-0.07669903939428206,-0.5491651220630596,,,,,,,,,,,,,
12193.749584929,12670509,1325,1324,1,0,19,65.17654500021308,-50,63,2.74952919020717,-99.75165562913908,95.36105032822758,52.18295218295219,4.810744810744822,3.7472446730345332,-0.06729582383012449,-1.8791131317176315,1.5937751575995087,1.378895649145327,-0.07209709703062514,-0.557382795776854,-0.05829126993965436,-1.863786657281054,1.5892040962495242,1.3790487283091915,-0.07669903939428206,-0.5491651220630596,,,,,,,,,,,,,
12193.782684403,12670509,1326,1325,1,0,34,64.5021820000693,-50,63,2.74952919020717,-99.75165562913908,95.36105032822758,52.18295218295219,4.810744810744822,3.7472446730345332,-0.06729582383012449,-1.8791131317176315,1.5937751575995087,1.378895649145327,-0.07209709703062514,-0.557382795776854,-0.05829126993965436,-1.863786657281054,1.5892040962495242,1.3790487283091915,-0.07669903939428206,-0.5491651220630596,,,,,,,,,,,,,
12193.849657815,12670509,1328,1327,1,0,17,64.89065599998867,-50,63,2.74952919020717,-99.75165562913908,95.36105032822758,52.18295218295219,4.810744810744822,3.7472446730345332,-0.06729582383012449,-1.8791131317176315,1.5937751575995087,1.378895649145327,-0.07209709703062514,-0.557382795776854,-0.05829126993965436,-1.863786657281054,1.5892040962495242,1.3790487283091915,-0.07669903939428206,-0.5491651220630596,,,,,,,,,,,,,
12193.882695732,12670509,1329,1328,1,0,32,64.59179400007997,-50,63,2.74952919020717,-99.75165562913908,95.36105032822758,52.18295218295219,4.810744810744822,3.7472446730345332,-0.06729582383012449,-1.8791131317176315,1.5937751575995087,1.378895649145327,-0.07209709703062514,-0.557382795776854,-0.05829126993965436,-1.863786657281054,1.5892040962495242,1.3790487283091915,-0.07669903939428206,-0.5491651220630596,,,,,,,,,,,,,
12193.94962764,12670509,1331,1330,1,0,15,65.05777100028354,-50,63,2.74952919020717,-99.75165562913908,95.36105032822758,52.18295218295219,4.810744810744822,3.7472446730345332,-0.06729582383012449,-1.8791131317176315,1.5937751575995087,1.378895649145327,-0.07209709703062514,-0.557382795776854,-0.05829126993965436,-1.863786657281054,1.5892040962495242,1.3790487283091915,-0.07669903939428206,-0.5491651220630596,,,,,,,,,,,,,
12193.982686728,12670509,1332,1331,1,0,31,64.83214700165263,-50,63,2.74952919020717,-99.75165562913908,95.36105032822758,52.18295218295219,4.810744810744822,3.7472446730345332,-0.06729582383012449,-1.8791131317176315,1.5937751575995087,1.378895649145327,-0.07209709703062514,-0.557382795776854,-0.05829126993965436,-1.863786657281054,1.5892040962495242,1.3790487283091915,-0.07669903939428206,-0.5491651220630596,,,,,,,,,,,,,
12194.049430779,12670509,1334,1333,1,0,13,65.00979900010861,-50,63,2.74952919020717,-99.75165562913908,95.36105032822758,52.18295218295219,4.810744810744822,3.7472446730345332,-0.06729582383012449,-1.8791131317176315,1.5937751575995087,1.378895649145327,-0.07209709703062514,-0.557382795776854,-0.05829126993965436,-1.863786657281054,1.5892040962495242,1.3790487283091915,-0.07669903939428206,-0.5491651220630596,,,,,,,,,,,,,
12194.082554428,12670509,1335,1334,1,0,38,64.6369030000642,-50,63,2.74952919020717,-99.75165562913908,95.36105032822758,52.18295218295219,4.51770451770453,3.7472446730345332,-0.06729582383012449,-1.8791131317176315,1.5937751575995087,1.378895649145327,-0.08130098175793898,-0.557382795776854,-0.05829126993965436,-1.863786657281054,1.5892040962495242,1.3790487283091915,-0.07669903939428206,-0.5491651220630596,,,,,,,,,,,,,
12194.149208253,12670509,1337,1336,1,0,15,65.00215000050957,-50,63,2.674199623352152,-99.75165562913908,95.36105032822758,52.18295218295219,4.420024420024433,3.673769287288758,-0.06868305090044996,-1.8791131317176315,1.5937751575995087,1.378895649145327,-0.08436894333371027,-0.5591895343536214,-0.05829126993965436,-1.863786657281054,1.5892040962495242,1.3790487283091915,-0.07669903939428206,-0.5491651220630596,,,,,,,,,,,,,
12194.182508561,12670509,1338,1337,1,0,36,64.92616899959103,-50,63,2.674199623352152,-99.75165562913908,95.36105032822758,52.18295218295219,4.420024420024433,3.673769287288758,-0.06868305090044996,-1.8791131317176315,1.5937751575995087,1.378895649145327,-0.08436894333371027,-0.5591895343536214,-0.05829126993965436,-1.863786657281054,1.5892040962495242,1.3790487283091915,-0.07669903939428206,-0.5491651220630596,,,,,,,,,,,,,
12194.249211668,12670509,1340,1339,1,0,19,65.0778140006878,-50,63,2.8248587570621595,-99.75165562913908,95.36105032822758,52.18295218295219,4.420024420024433,3.673769287288758,-0.06590859675979902,-1.8791131317176315,1.5937751575995087,1.378895649145327,-0.08436894333371027,-0.5591895343536214,-0.05829126993965436,-1.863786657281054,1.5892040962495242,1.3790487283091915,-0.07669903939428206,-0.5522330836388308,,,,,,,,,,,,,
12194.28257205,12670509,1341,1340,1,0,37,65.02145400008885,-50,63,2.9755178907721245,-99.75165562913908,95.36105032822758,52.18295218295219,4.371184371184384,3.673769287288758,-0.06313414261914913,-1.8791131317176315,1.5937751575995087,1.378895649145327,-0.0859029241215959,-0.5591895343536214,-0.05829126993965436,-1.863786657281054,1.5892040962495242,1.3790487283091915,-0.07669903939428206,-0.5537670644267164,,,,,,,,,,,,,
12194.349204722,12670509,1343,1342,1,0,9,64.98771500082512,-49,63,3.050847457627114,-99.75165562913908,95.36105032822758,52.18295218295219,4.371184371184384,3.673769287288758,-0.06174691554882401,-1.8791131317176315,1.5937751575995087,1.378895649145327,-0.0859029241215959,-0.5591895343536214,-0.05829126993965436,-1.863786657281054,1.5892040962495242,1.3790487283091915,-0.07669903939428206,-0.5537670644267164,,,,,,,,,,,,,
12194.415960471,12670509,1345,1343,1,0,35,98.37891600000148,-49,63,2.74952919020717,-99.75165562913908,95.36105032822758,52.18295218295219,4.371184371184384,3.673769287288758,-0.06729582383012449,-1.8791131317176315,1.5937751575995087,1.378895649145327,-0.0859029241215959,-0.5591895343536214,-0.05829126993965436,-1.863786657281054,1.5892040962495242,1.3790487283091915,-0.07669903939428206,-0.5537670644267164,,,,,,,,,,,,,
12194.449244451,12670509,1346,1345,1,0,15,65.11700199916959,-49,63,2.74952919020717,-99.75165562913908,95.36105032822758,52.18295218295219,4.371184371184384,3.673769287288758,-0.06729582383012449,-1.8791131317176315,1.5937751575995087,1.378895649145327,-0.0859029241215959,-0.5591895343536214,-0.05829126993965436,-1.863786657281054,1.5892040962495242,1.3790487283091915,-0.07669903939428206,-0.5537670644267164,,,,,,,,,,,,,
12194.482615615,12670509,1347,1346,1,0,37,64.931840999634,-49,63,2.74952919020717,-99.75165562913908,95.36105032822758,52.0997920997921,4.713064713064725,3.673769287288758,-0.06729582383012449,-1.8791131317176315,1.5937751575995087,1.3773540143992482,-0.07516505860639641,-0.5591895343536214,-0.05829126993965436,-1.863786657281054,1.5892040962495242,1.3790487283091915,-0.07669903939428206,-0.5537670644267164,,,,,,,,,,,,,
12194.549456271,12670509,1349,1348,1,0,19,65.23246699907759,-49,63,2.8248587570621595,-99.75165562913908,95.36105032822758,52.0997920997921,4.664224664224676,3.673769287288758,-0.06590859675979902,-1.8791131317176315,1.5937751575995087,1.3773540143992482,-0.07669903939428206,-0.5591895343536214,-0.05829126993965436,-1.863786657281054,1.5892040962495242,1.3790487283091915,-0.07669903939428206,-0.5537670644267164,,,,,,,,,,,,,
12194.582629591,12670509,1350,1349,1,0,38,65.08625099922938,-49,63,2.74952919020717,-99.75165562913908,95.36105032822758,52.0997920997921,4.713064713064725,3.673769287288758,-0.06729582383012449,-1.8791131317176315,1.5937751575995087,1.3773540143992482,-0.07516505860639641,-0.5591895343536214,-0.05829126993965436,-1.863786657281054,1.5892040962495242,1.3790487283091915,-0.07669903939428206,-0.5537670644267164,,,,,,,,,,,,,
12194.649416093,12670509,1352,1351,1,0,15,64.94362500052375,-49,63,2.74952919020717,-99.75165562913908,95.36105032822758,52.0997920997921,4.713064713064725,3.673769287288758,-0.06729582383012449,-1.8791131317176315,1.5937751575995087,1.3773540143992482,-0.07516505860639641,-0.5591895343536214,-0.05829126993965436,-1.863786657281054,1.5892040962495242,1.3790487283091915,-0.07669903939428206,-0.5537670644267164,,,,,,,,,,,,,
12194.682561594,12670509,1353,1352,1,0,34,64.6010380005464,-49,63,2.74952919020717,-99.75165562913908,95.36105032822758,52.0997920997921,4.713064713064725,3.673769287288758,-0.06729582383012449,-1.8791131317176315,1.5937751575995087,1.3773540143992482,-0.07516505860639641,-0.5591895343536214,-0.05829126993965436,-1.863786657281054,1.5892040962495242,1.3790487283091915,-0.07669903939428206,-0.5537670644267164,,,,,,,,,,,,,
12194.749504705,12670509,1355,1354,1,0,19,65.18896899979154,-49,63,2.74952919020717,-99.75165562913908,95.36105032822758,52.0997920997921,4.713064713064725,3.673769287288758,-0.06729582383012449,-1.8791131317176315,1.5937751575995087,1.3773540143992482,-0.07516505860639641,-0.5591895343536214,-0.05829126993965436,-1.863786657281054,1.5892040962495242,1.3790487283091915,-0.07669903939428206,-0.5537670644267164,,,,,,,,,,,,,
12194.782693241,12670509,1356,1355,1,0,34,64.68071800009056,-49,63,2.74952919020717,-99.75165562913908,95.36105032822758,52.0997920997921,4.713064713064725,3.673769287288758,-0.06729582383012449,-1.8791131317176315,1.5937751575995087,1.3773540143992482,-0.07516505860639641,-0.5591895343536214,-0.05829126993965436,-1.863786657281054,1.5892040962495242,1.3790487283091915,-0.07669903939428206,-0.5537670644267164,,,,,,,,,,,,,
12194.849624764,12670509,1358,1357,1,0,15,64.9529820002499,-49,63,2.74952919020717,-99.75165562913908,95.36105032822758,52.0997920997921,4.713064713064725,3.673769287288758,-0.06729582383012449,-1.8791131317176315,1.5937751575995087,1.3773540143992482,-0.07516505860639641,-0.5591895343536214,-0.05829126993965436,-1.863786657281054,1.5892040962495242,1.3790487283091915,-0.07669903939428206,-0.5537670644267164,,,,,,,,,,,,,
12194.882720707,12670509,1359,1358,1,0,33,64.75405000128376,-49,63,2.74952919020717,-99.75165562913908,95.36105032822758,52.0997920997921,4.713064713064725,3.673769287288758,-0.06729582383012449,-1.8791131317176315,1.5937751575995087,1.3773540143992482,-0.07516505860639641,-0.5591895343536214,-0.05829126993965436,-1.863786657281054,1.5892040962495242,1.3790487283091915,-0.07669903939428206,-0.5537670644267164,,,,,,,,,,,,,
12194.949616285,12670509,1361,1360,1,0,19,64.94074299916974,-49,63,2.74952919020717,-99.75165562913908,95.36105032822758,52.0997920997921,4.713064713064725,3.673769287288758,-0.06729582383012449,-1.8791131317176315,1.5937751575995087,1.3773540143992482,-0.07516505860639641,-0.5591895343536214,-0.05829126993965436,-1.863786657281054,1.5892040962495242,1.3790487283091915,-0.07669903939428206,-0.5537670644267164,,,,,,,,,,,,,
12195.049614134,12670509,1364,1363,1,0,16,65.14439600141486,-49,63,2.74952919020717,-99.75165562913908,95.36105032822758,52.0997920997921,4.713064713064725,3.673769287288758,-0.06729582383012449,-1.8791131317176315,1.5937751575995087,1.3773540143992482,-0.07516505860639641,-0.5591895343536214,-0.05829126993965436,-1.863786657281054,1.5892040962495242,1.3790487283091915,-0.07669903939428206,-0.5537670644267164,,,,,,,,,,,,,
12195.082694565,12670509,1365,1364,1,0,39,64.77887300025031,-49,63,2.74952919020717,-99.75165562913908,95.36105032822758,52.0997920997921,4.713064713064725,3.673769287288758,-0.06729582383012449,-1.8791131317176315,1.5937751575995087,1.3773540143992482,-0.07516505860639641,-0.5591895343536214,-0.05829126993965436,-1.863786657281054,1.5892040962495242,1.3790487283091915,-0.07669903939428206,-0.5537670644267164,,,,,,,,,,,,,
12195.149635523,12670509,1367,1366,1,0,15,65.01819699951739,-49,63,2.74952919020717,-99.75165562913908,95.36105032822758,52.0997920997921,4.713064713064725,3.673769287288758,-0.06729582383012449,-1.8791131317176315,1.5937751575995087,1.3773540143992482,-0.07516505860639641,-0.5591895343536214,-0.05829126993965436,-1.863786657281054,1.5892040962495242,1.3790487283091915,-0.07669903939428206,-0.5537670644267164,,,,,,,,,,,,,
12195.18268082,12670509,1368,1367,1,0,33,64.69556500087492,-49,63,2.74952919020717,-99.75165562913908,95.36105032822758,52.0997920997921,4.713064713064725,3.673769287288758,-0.06729582383012449,-1.8791131317176315,1.5937751575995087,1.3773540143992482,-0.07516505860639641,-0.5591895343536214,-0.05829126993965436,-1.863786657281054,1.5892040962495242,1.3790487283091915,-0.07669903939428206,-0.5537670644267164,,,,,,,,,,,,,
12195.249665825,12670509,1370,1369,1,0,15,65.02624799941259,-49,63,2.74952919020717,-99.75165562913908,95.36105032822758,52.0997920997921,4.713064713064725,3.673769287288758,-0.06729582383012449,-1.8791131317176315,1.5937751575995087,1.3773540143992482,-0.07516505860639641,-0.5591895343536214,-0.05829126993965436,-1.863786657281054,1.5892040962495242,1.3790487283091915,-0.07669903939428206,-0.5537670644267164,,,,,,,,,,,,,
12195.282700894,12670509,1371,1370,1,0,34,64.79615600073885,-49,63,2.74952919020717,-99.75165562913908,95.36105032822758,52.0997920997921,4.713064713064725,3.673769287288758,-0.06729582383012449,-1.8791131317176315,1.5937751575995087,1.3773540143992482,-0.07516505860639641,-0.5591895343536214,-0.05829126993965436,-1.863786657281054,1.5892040962495242,1.3790487283091915,-0.07669903939428206,-0.5537670644267164,,,,,,,,,,,,,
12195.349624789,12670509,1373,1372,1,0,15,64.99326399898564,-49,63,2.74952919020717,-99.75165562913908,95.36105032822758,52.0997920997921,4.713064713064725,3.673769287288758,-0.06729582383012449,-1.8791131317176315,1.5937751575995087,1.3773540143992482,-0.07516505860639641,-0.5591895343536214,-0.05829126993965436,-1.863786657281054,1.5892040962495242,1.3790487283091915,-0.07669903939428206,-0.5537670644267164,,,,,,,,,,,,,
12195.382732018,12670509,1374,1373,1,0,37,64.73411900151405,-49,63,2.74952919020717,-99.75165562913908,95.36105032822758,52.0997920997921,4.713064713064725,3.673769287288758,-0.06729582383012449,-1.8791131317176315,1.5937751575995087,1.3773540143992482,-0.07516505860639641,-0.5591895343536214,-0.05829126993965436,-1.863786657281054,1.5892040962495242,1.3790487283091915,-0.07669903939428206,-0.5537670644267164,,,,,,,,,,,,,
